occultation,decimal_year
sr101445,2022.4435318275155
sr102647,2022.6647501711157
sr102648,2022.6647501711157
sr102649,2022.6674880219027
sr102650,2022.6674880219027
sr108040,2023.6647501711157
sr108041,2023.6674880219027
sr108042,2023.6674880219027
sr112218,2024.438056125941
sr113421,2024.6592744695415
sr113422,2024.6620123203286
sr113423,2024.6620123203286
sr15174,2006.435318275154
sr15175,2006.435318275154
sr16389,2006.6592744695415
sr21783,2007.6620123203286
sr31359,2009.4407939767282
sr31360,2009.4407939767282
sr31361,2009.4407939767282
sr32562,2009.6647501711157
sr32574,2009.6647501711157
sr32575,2009.6647501711157
sr36755,2010.4435318275155
sr37958,2010.6674880219027
sr37970,2010.6674880219027
sr43352,2011.6674880219027
sr48748,2012.6674880219027
sr48749,2012.6674880219027
sr52932,2013.4462696783025
sr5587,2004.6537987679671
sr5600,2004.6565366187542
sr63718,2015.4490075290896
sr63719,2015.4490075290896
sr69106,2016.4462696783025
sr69107,2016.4462696783025
sr69108,2016.4462696783025
sr74496,2017.4462696783025
sr79885,2018.4462696783025
sr79886,2018.4462696783025
sr85275,2019.4462696783025
sr85276,2019.4462696783025
sr90665,2020.4435318275155
sr90666,2020.4435318275155
sr91881,2020.6674880219027
sr91882,2020.6674880219027
sr96055,2021.4435318275155
sr97258,2021.6674880219027
sr97271,2021.6674880219027
sr9779,2005.432580424367
ss10064,2005.4845995893224
ss10066,2005.4873374401095
ss101731,2022.495550992471
ss101732,2022.495550992471
ss102300,2022.6017796030117
ss102302,2022.6017796030117
ss102303,2022.6017796030117
ss102315,2022.6045174537987
ss102316,2022.6045174537987
ss10633,2005.5908281998632
ss10647,2005.5935660506502
ss10649,2005.5935660506502
ss107692,2023.6017796030117
ss107693,2023.6017796030117
ss107694,2023.6017796030117
ss107695,2023.6017796030117
ss112504,2024.4900752908966
ss112505,2024.4928131416839
ss113075,2024.5963039014373
ss113089,2024.5990417522246
ss113090,2024.5990417522246
ss15459,2006.4873374401095
ss16028,2006.5935660506502
ss16029,2006.5935660506502
ss16044,2006.5963039014373
ss20855,2007.4900752908966
ss20856,2007.4928131416839
ss21424,2007.5963039014373
ss21425,2007.5963039014373
ss21439,2007.5990417522246
ss26251,2008.4928131416839
ss26819,2008.5963039014373
ss26820,2008.5963039014373
ss26833,2008.5990417522246
ss26834,2008.5990417522246
ss26835,2008.5990417522246
ss32214,2009.5990417522246
ss32215,2009.5990417522246
ss32216,2009.5990417522246
ss32229,2009.6017796030117
ss32230,2009.6017796030117
ss37041,2010.495550992471
ss37610,2010.6017796030117
ss37611,2010.6017796030117
ss43006,2011.6045174537987
ss43007,2011.6045174537987
ss48403,2012.6045174537987
ss48404,2012.6045174537987
ss5238,2004.588090349076
ss5239,2004.588090349076
ss5240,2004.588090349076
ss53801,2013.6072553045858
ss53802,2013.6072553045858
ss53803,2013.6072553045858
ss59185,2014.6072553045858
ss59187,2014.6072553045858
ss64005,2015.5048596851473
ss64574,2015.6072553045858
ss64575,2015.6072553045858
ss64589,2015.609993155373
ss69963,2016.6045174537987
ss69964,2016.6045174537987
ss69976,2016.6072553045858
ss69977,2016.6072553045858
ss69979,2016.6072553045858
ss74782,2017.498288843258
ss74784,2017.50212183436
ss75366,2017.6072553045858
ss75367,2017.6072553045858
ss75368,2017.6072553045858
ss80171,2018.498288843258
ss80173,2018.50212183436
ss80743,2018.6045174537987
ss80755,2018.6072553045858
ss80756,2018.6072553045858
ss80757,2018.6072553045858
ss85561,2019.498288843258
ss85562,2019.50212183436
ss85563,2019.50212183436
ss86132,2019.6045174537987
ss86146,2019.6072553045858
ss86147,2019.6072553045858
ss90953,2020.498288843258
ss91521,2020.6017796030117
ss91522,2020.6017796030117
ss91535,2020.6045174537987
ss91537,2020.6045174537987
ss96342,2021.498288843258
ss96343,2021.498288843258
ss96911,2021.6017796030117
ss96912,2021.6017796030117
ss96925,2021.6045174537987
ss96926,2021.6045174537987
ss96927,2021.6045174537987
