3278,3280,3282,3284,3286,3288,3290,3292,3294,3296,3298,3300,3302,3304,3306,3308,3310,3312,3314,3316,3318,3320,3322,3324,3326,3328,3330,3332,3334,3336,3338,3340,3342,3344,3346,3348,3350,3352,3354,3356,3358,3360,3362,3364,3366,3368,3370,3372,3374,3376,3378,3380,3382,3384,3386,3388,3390
2.737751881430489109e-05,2.732558892398474727e-05,2.658787425293657978e-05,2.672044412947367808e-05,2.565873770187127327e-05,2.544737972664076181e-05,2.413035247966298827e-05,2.444047198767162614e-05,2.537358436670672943e-05,2.601204379832856492e-05,2.644244743835460167e-05,2.592956127671577378e-05,2.740680956842653942e-05,2.734015732916040019e-05,2.809970946026997448e-05,2.753954915167345009e-05,2.885584312434514822e-05,2.810975232851515069e-05,2.747961299010461808e-05,2.817809290299638891e-05,2.691524776713328273e-05,2.801132720582275964e-05,2.767354500755249305e-05,2.803919322909318790e-05,2.798740217063484605e-05,2.731144424427293935e-05,2.837347892726655598e-05,2.838474980661133919e-05,2.876255903057329429e-05,2.731529240764133873e-05,2.809336618718788259e-05,2.798197636111955620e-05,2.805750212416891357e-05,2.852987557566648896e-05,2.672548122704856882e-05,2.793117992913058946e-05,2.718081870254474738e-05,2.742341469458625864e-05,2.688850436119131105e-05,2.794669154966426713e-05,2.715132452304410299e-05,2.793339803850118850e-05,2.690686514866696648e-05,2.657704024315809638e-05,2.834237437818372475e-05,2.783815931618045691e-05,2.662644554288343923e-05,2.634832248957723384e-05,2.722631787111702505e-05,2.703430198042476549e-05,2.728320572564552662e-05,2.734066470443604377e-05,2.746268770865080121e-05,2.725080941947913987e-05,2.674783892426706706e-05,2.670045119655255092e-05,2.687515264950399843e-05
2.732558892398474727e-05,2.839968134073641450e-05,2.719419610555602650e-05,2.722958705671067059e-05,2.612310578245235777e-05,2.585553884768701321e-05,2.465667605905693782e-05,2.494075738873906180e-05,2.591753595713217645e-05,2.664324671175731169e-05,2.707355948278398114e-05,2.647912754568057208e-05,2.791692700198936954e-05,2.799434044574021602e-05,2.870173422358588607e-05,2.809061327112133196e-05,2.957517230735213340e-05,2.876630035149029007e-05,2.815922209142065211e-05,2.882693708680165415e-05,2.756881489981065982e-05,2.867885541989713679e-05,2.828415359891932530e-05,2.864893811675568895e-05,2.866359466828545606e-05,2.803233452316772022e-05,2.905549511836475290e-05,2.906761151709251243e-05,2.954655585702874195e-05,2.806408812642462595e-05,2.887302565590387388e-05,2.851632769769342948e-05,2.867341922174509840e-05,2.916067410621505748e-05,2.742756672432732464e-05,2.860890837620273618e-05,2.782021570965656591e-05,2.817290434431032466e-05,2.753516997192038160e-05,2.862278209033295746e-05,2.786187903604941482e-05,2.859743667381182638e-05,2.750257457677405683e-05,2.729904116151252310e-05,2.914890875092365926e-05,2.836073986946434589e-05,2.723929611296929676e-05,2.708771329254848031e-05,2.794408139116271903e-05,2.787400375603543132e-05,2.791232104393439399e-05,2.786139416441644817e-05,2.823387865753243303e-05,2.792527655085508650e-05,2.735390575121651873e-05,2.735558380269194776e-05,2.739877152480646916e-05
2.658787425293657978e-05,2.719419610555602650e-05,2.707779931491579171e-05,2.663614222634497311e-05,2.546636767959302639e-05,2.526350159287643122e-05,2.419145752833624460e-05,2.414617895548170186e-05,2.520069639872046487e-05,2.581864603720435987e-05,2.636073745985205365e-05,2.583547470383027996e-05,2.717762842522018424e-05,2.734966275694671354e-05,2.789506094395523489e-05,2.734402466506166766e-05,2.886561673232596745e-05,2.805020458279503811e-05,2.735547549742387352e-05,2.814847851912241706e-05,2.678545231986367796e-05,2.783022505298304758e-05,2.742169843280010372e-05,2.777215223470417321e-05,2.793977253157591562e-05,2.725549937232429675e-05,2.832571582310261976e-05,2.833712894708060641e-05,2.864473675466043209e-05,2.724717843233728714e-05,2.824477867118581489e-05,2.765395756426936374e-05,2.789767858446122296e-05,2.843151213105690164e-05,2.662870165531419953e-05,2.796447278409026411e-05,2.710613969700468058e-05,2.727354919497653517e-05,2.672775337689472979e-05,2.791742192614744627e-05,2.728317771217647972e-05,2.789497093467361436e-05,2.672577241219869812e-05,2.674172073578854919e-05,2.830511577977943465e-05,2.760154057215999450e-05,2.642675818893757772e-05,2.641555890611674802e-05,2.729012829347910964e-05,2.728837423146062639e-05,2.731278255368020067e-05,2.715340834010337794e-05,2.744847747485323672e-05,2.728363795497849945e-05,2.672938508793906313e-05,2.672750425275763887e-05,2.673184943193168952e-05
2.672044412947367808e-05,2.722958705671067059e-05,2.663614222634497311e-05,2.719478577264015926e-05,2.555665939849829501e-05,2.534646148121942288e-05,2.424278913516867844e-05,2.437849042175000311e-05,2.543301161919839985e-05,2.598456082823139330e-05,2.654523880286566631e-05,2.581205346282616938e-05,2.736884070665599703e-05,2.739264270652985703e-05,2.811370540249598753e-05,2.755375331776237571e-05,2.876218579218079729e-05,2.807338464797184358e-05,2.742088383433198347e-05,2.800218696083215511e-05,2.671638274756300323e-05,2.793916036346710859e-05,2.751967217964145139e-05,2.793873796660136685e-05,2.793018444379081902e-05,2.713579907007537375e-05,2.833555790664462151e-05,2.821453147278063536e-05,2.866266364538729583e-05,2.717663494697955835e-05,2.803147395310704622e-05,2.780195502547772379e-05,2.786196320892408897e-05,2.839957306087205098e-05,2.654430747150027863e-05,2.782441491202447315e-05,2.715586928377964975e-05,2.724578418750964745e-05,2.662505407472068390e-05,2.789999409480226945e-05,2.714513446310801842e-05,2.783322159965451916e-05,2.676309846675807393e-05,2.644610946206980034e-05,2.822237995254682022e-05,2.751649747851812609e-05,2.637534946677074513e-05,2.630224641035688117e-05,2.704997989425580936e-05,2.713452863312651198e-05,2.713052685119974794e-05,2.706480608765392913e-05,2.717110106007590074e-05,2.711521799787572955e-05,2.660773087317609887e-05,2.678930770235586108e-05,2.660699067675228809e-05
2.565873770187127327e-05,2.612310578245235777e-05,2.546636767959302639e-05,2.555665939849829501e-05,2.501095816108033352e-05,2.445471503447091977e-05,2.330435916475550565e-05,2.338360046310158352e-05,2.443426447544567060e-05,2.493497740418288363e-05,2.530870195033232842e-05,2.474953678078529353e-05,2.626400215419580564e-05,2.620373110217952514e-05,2.677638266873994956e-05,2.614509874634791210e-05,2.745352676589113311e-05,2.678213601789442897e-05,2.616806801383536859e-05,2.687794493065786330e-05,2.560489317336571321e-05,2.667423788128576775e-05,2.627882522331931658e-05,2.661619699730756298e-05,2.665992913372862454e-05,2.606683401691049326e-05,2.698297950622273052e-05,2.705714181402455544e-05,2.732552905410119427e-05,2.602913790445362491e-05,2.667825923345344029e-05,2.648617485267924465e-05,2.663845117227167683e-05,2.709183129132581341e-05,2.539796936408502518e-05,2.663888485807777535e-05,2.576951311257999274e-05,2.602967702392025066e-05,2.547010859004289409e-05,2.654020306779805393e-05,2.594444214614969395e-05,2.648211972553805521e-05,2.552066623917807037e-05,2.521092606782313487e-05,2.684737111049542813e-05,2.626692742259334465e-05,2.514770851635686323e-05,2.507111663208063559e-05,2.586204207410705040e-05,2.575786962159908028e-05,2.583624935921836432e-05,2.575465583387845391e-05,2.602492925400073701e-05,2.589901247889764600e-05,2.546351564369909559e-05,2.546772463041410922e-05,2.543692606459087836e-05
2.544737972664076181e-05,2.585553884768701321e-05,2.526350159287643122e-05,2.534646148121942288e-05,2.445471503447091977e-05,2.484064286283326154e-05,2.321984834003274590e-05,2.336709702147730006e-05,2.422086294005201828e-05,2.474098370272060260e-05,2.514444983378796427e-05,2.446187077235995746e-05,2.599108682098576350e-05,2.590538764976223877e-05,2.663608782327868253e-05,2.602184710414933891e-05,2.726355911836418635e-05,2.664538204315269808e-05,2.602096218413722063e-05,2.665005953153036785e-05,2.536760846417195384e-05,2.648057668516462192e-05,2.622679538397486892e-05,2.647889755257189408e-05,2.656518080652312187e-05,2.590297210536682534e-05,2.677403831880872937e-05,2.690277197123687808e-05,2.723648597139119546e-05,2.587512358922241872e-05,2.667453421871727638e-05,2.638026802546077833e-05,2.658075807243564858e-05,2.710429964712362185e-05,2.534782550992036303e-05,2.672585890854948363e-05,2.582079234071472379e-05,2.614061553787177901e-05,2.540983623551828724e-05,2.653922387692933549e-05,2.600632031813133812e-05,2.648782795548170401e-05,2.554757745445327755e-05,2.543158501166998072e-05,2.694179001301757445e-05,2.637746452051430350e-05,2.514685512989109806e-05,2.514465200813097287e-05,2.587960982736494723e-05,2.581179931699564275e-05,2.589693275406368183e-05,2.571889384394417677e-05,2.606488993597246890e-05,2.602522545043033686e-05,2.561218490307390886e-05,2.552744833123544619e-05,2.549935344014268000e-05
2.413035247966298827e-05,2.465667605905693782e-05,2.419145752833624460e-05,2.424278913516867844e-05,2.330435916475550565e-05,2.321984834003274590e-05,2.277862090847787983e-05,2.222056700354542078e-05,2.300878825712414868e-05,2.356532499194007279e-05,2.404849157373056766e-05,2.337633214245535225e-05,2.476571290747591925e-05,2.464956264267953142e-05,2.520921732112174618e-05,2.460278110769778523e-05,2.587045759093975722e-05,2.524481818378952248e-05,2.464480521052978012e-05,2.524045514737368047e-05,2.393904554194257802e-05,2.509714319815672568e-05,2.472951839397618965e-05,2.489925716979429979e-05,2.521375254779838681e-05,2.447570339059085116e-05,2.533373774517089845e-05,2.543287180025910254e-05,2.568518932101092404e-05,2.439515823688750030e-05,2.522701978902166598e-05,2.500668945467064922e-05,2.508685421967476206e-05,2.565349258740371751e-05,2.397866092705515698e-05,2.520715754046040091e-05,2.448112730923233095e-05,2.455904765050732243e-05,2.386620247988700493e-05,2.498839890890673285e-05,2.451787072933492989e-05,2.516254063895612348e-05,2.404173095375601130e-05,2.388827992794769284e-05,2.542989527885114895e-05,2.466204781801803754e-05,2.363819913449342352e-05,2.368712188439167730e-05,2.444306817264756682e-05,2.432761156397483533e-05,2.451422446116167272e-05,2.424669989726156401e-05,2.456321562960726713e-05,2.439471723487518411e-05,2.400535775291660041e-05,2.389865196673887025e-05,2.391686217170080941e-05
2.444047198767162614e-05,2.494075738873906180e-05,2.414617895548170186e-05,2.437849042175000311e-05,2.338360046310158352e-05,2.336709702147730006e-05,2.222056700354542078e-05,2.315499645714899434e-05,2.327317832352456881e-05,2.387832156405410213e-05,2.436306178732338968e-05,2.367216933821303436e-05,2.504708556451195012e-05,2.496986946470780591e-05,2.565967073404634718e-05,2.511305309408342221e-05,2.639671789662473143e-05,2.567534957575087480e-05,2.538260059237156319e-05,2.562946994727766114e-05,2.454817463686224881e-05,2.557509878761002813e-05,2.537032826453683259e-05,2.568424934746700743e-05,2.550283151219168607e-05,2.508883325588932728e-05,2.594828082206038192e-05,2.597684523884414629e-05,2.626600037117964842e-05,2.499736877973500192e-05,2.572381346797222688e-05,2.567067005867091207e-05,2.574921331966920730e-05,2.618046171746946064e-05,2.473679922910505211e-05,2.572950662051733106e-05,2.499756664388201496e-05,2.514575450442311583e-05,2.478941580821939164e-05,2.573520697330396062e-05,2.489499523886062228e-05,2.579424755566879870e-05,2.470290697908213452e-05,2.463205916879034456e-05,2.621340134511195800e-05,2.550207368712973253e-05,2.450872018838084850e-05,2.446096791596241647e-05,2.516168727236756868e-05,2.509836094713900490e-05,2.521000387850609194e-05,2.510880803919647447e-05,2.528802880612159376e-05,2.505943123703016016e-05,2.482052313769628158e-05,2.455844758369578137e-05,2.472600728513211951e-05
2.537358436670672943e-05,2.591753595713217645e-05,2.520069639872046487e-05,2.543301161919839985e-05,2.443426447544567060e-05,2.422086294005201828e-05,2.300878825712414868e-05,2.327317832352456881e-05,2.475867998662284857e-05,2.480978379939477858e-05,2.517833401071432184e-05,2.454507306314950731e-05,2.612021025526828144e-05,2.593975348487018707e-05,2.663550944144285935e-05,2.610474143991362180e-05,2.734565328350768341e-05,2.662766595190218228e-05,2.605771375887854058e-05,2.666053959774115925e-05,2.553371534745295583e-05,2.657192577596604666e-05,2.628126237275556581e-05,2.655588261762615394e-05,2.655752348393861415e-05,2.593474032862303405e-05,2.682864565499908118e-05,2.689619914773624322e-05,2.729762132673352527e-05,2.587265246989636829e-05,2.659105197629898368e-05,2.656727426054991746e-05,2.660779007503069913e-05,2.693227659487063981e-05,2.547753502433197043e-05,2.656539509743588497e-05,2.590740478021398370e-05,2.604351769211004397e-05,2.551792135435543307e-05,2.662883993672860496e-05,2.588346681491202211e-05,2.654488370220874546e-05,2.557594451718580580e-05,2.530205235488951687e-05,2.705254223768502474e-05,2.627876193314767654e-05,2.535084112815279853e-05,2.515891108784877941e-05,2.584278108321919542e-05,2.583295784266370453e-05,2.591318100020432725e-05,2.581776424110871133e-05,2.605235276017655593e-05,2.605152479775341251e-05,2.547373804288119239e-05,2.546844101327337605e-05,2.546625403482860017e-05
2.601204379832856492e-05,2.664324671175731169e-05,2.581864603720435987e-05,2.598456082823139330e-05,2.493497740418288363e-05,2.474098370272060260e-05,2.356532499194007279e-05,2.387832156405410213e-05,2.480978379939477858e-05,2.591162924244107399e-05,2.591484242735428455e-05,2.536859051242005124e-05,2.683281761438604599e-05,2.682816078783310202e-05,2.745351299279458164e-05,2.685811819048417642e-05,2.827062878297146253e-05,2.759717784998805655e-05,2.705459125402043971e-05,2.762589432352939380e-05,2.643650067809354397e-05,2.757046295761551334e-05,2.722586309246527607e-05,2.754977433252413268e-05,2.749864738406703203e-05,2.689723367046853046e-05,2.786007819165439188e-05,2.798605668987349461e-05,2.844817500736104639e-05,2.695930825696585202e-05,2.762765579781978415e-05,2.765220673422521695e-05,2.772820993889995320e-05,2.814729220644142334e-05,2.642784398313287536e-05,2.765468302796941232e-05,2.693664367602943628e-05,2.710220378210678529e-05,2.662317886828516244e-05,2.759267836408491926e-05,2.688028612204160393e-05,2.756502914597278652e-05,2.656576420491273729e-05,2.646257787987719201e-05,2.819090702808474335e-05,2.737565859658167071e-05,2.627955703483681236e-05,2.622815821123165251e-05,2.693292477785828035e-05,2.688874759734579900e-05,2.696693546833154353e-05,2.689930244434194813e-05,2.711412357424329106e-05,2.701846054960897571e-05,2.649764843200394689e-05,2.657168378852105498e-05,2.645572840134088145e-05
2.644244743835460167e-05,2.707355948278398114e-05,2.636073745985205365e-05,2.654523880286566631e-05,2.530870195033232842e-05,2.514444983378796427e-05,2.404849157373056766e-05,2.436306178732338968e-05,2.517833401071432184e-05,2.591484242735428455e-05,2.690071102459403349e-05,2.586924325913221413e-05,2.731568262988151019e-05,2.733237587821044215e-05,2.813094499563818527e-05,2.734857397660388263e-05,2.878191924020536907e-05,2.804639249695774819e-05,2.756049359556498831e-05,2.809729108261454692e-05,2.690876538809100098e-05,2.806605561561740923e-05,2.770619044605374194e-05,2.799822716713073345e-05,2.803988711279393974e-05,2.740451059333337156e-05,2.836725951593699723e-05,2.840170459650575199e-05,2.881907059571752085e-05,2.736880436455767354e-05,2.824464072093637890e-05,2.811320385959098522e-05,2.824583588142618026e-05,2.876726507654397112e-05,2.700323621253816549e-05,2.819695259701546881e-05,2.741279967392388543e-05,2.759556053348191049e-05,2.714701203027960059e-05,2.817943882659991442e-05,2.746374979539517607e-05,2.821532052922582165e-05,2.712807283836091426e-05,2.693516326627393257e-05,2.859989963128609767e-05,2.805962122345957916e-05,2.678405898341310379e-05,2.679427491225487465e-05,2.753232156491229821e-05,2.746768235841727404e-05,2.766505051869177934e-05,2.743332184521827863e-05,2.782373531998099883e-05,2.734938750929728966e-05,2.705042143905234047e-05,2.704503221699547909e-05,2.706730806514265046e-05
2.592956127671577378e-05,2.647912754568057208e-05,2.583547470383027996e-05,2.581205346282616938e-05,2.474953678078529353e-05,2.446187077235995746e-05,2.337633214245535225e-05,2.367216933821303436e-05,2.454507306314950731e-05,2.536859051242005124e-05,2.586924325913221413e-05,2.585335864151543637e-05,2.690097162678031111e-05,2.692409125306430398e-05,2.752783744224545848e-05,2.700394484015269288e-05,2.856733921521242031e-05,2.774702800043424709e-05,2.723052507776085816e-05,2.783424606449883259e-05,2.671270775151367711e-05,2.771198173364229967e-05,2.736273107192352207e-05,2.783504360219844106e-05,2.784583581614694727e-05,2.722572195944747712e-05,2.824610475028228404e-05,2.813772536394863600e-05,2.865537655296764935e-05,2.732596947631550749e-05,2.801225564738737614e-05,2.778681400017921993e-05,2.802870934101760870e-05,2.844108657671277982e-05,2.701965749205750952e-05,2.787939624868954940e-05,2.735747056986852861e-05,2.741145923788404097e-05,2.729380144364575985e-05,2.804081872474926401e-05,2.724939037134163576e-05,2.801297574610291623e-05,2.706165611216127895e-05,2.718096371476323828e-05,2.860165606328544043e-05,2.781526135544430605e-05,2.670466019503063974e-05,2.687907974053023718e-05,2.774634300175326664e-05,2.751436225623945180e-05,2.763594739242536971e-05,2.752068395919017132e-05,2.801807977893420662e-05,2.749424927420764751e-05,2.703889943581087583e-05,2.701571690685681753e-05,2.712484919712571108e-05
2.740680956842653942e-05,2.791692700198936954e-05,2.717762842522018424e-05,2.736884070665599703e-05,2.626400215419580564e-05,2.599108682098576350e-05,2.476571290747591925e-05,2.504708556451195012e-05,2.612021025526828144e-05,2.683281761438604599e-05,2.731568262988151019e-05,2.690097162678031111e-05,2.870021831561346418e-05,2.831616611619861096e-05,2.906773979182918045e-05,2.845135870740276952e-05,2.989347730693825311e-05,2.907843654654083428e-05,2.862610120064368696e-05,2.918083847751210756e-05,2.804039029288706204e-05,2.915127390405206043e-05,2.882151296330527979e-05,2.917504219234582993e-05,2.907646566204502355e-05,2.840644836533664101e-05,2.953365108568701248e-05,2.958423978853090281e-05,2.998042337460940252e-05,2.852927675284361105e-05,2.931401900540029195e-05,2.918559207084655942e-05,2.929211256774921657e-05,2.984084384569634445e-05,2.804819647906053984e-05,2.924515038505523743e-05,2.853599253181586398e-05,2.865415296730347347e-05,2.830173676042246187e-05,2.931418714120925811e-05,2.854980438549218876e-05,2.931478648141492045e-05,2.821080075643757717e-05,2.804693654076508073e-05,2.975060793247193944e-05,2.910281727528118650e-05,2.777869502289875494e-05,2.783418837386168016e-05,2.866575868560439612e-05,2.853020585392135837e-05,2.879628362691392357e-05,2.855716995354983756e-05,2.894369626234486159e-05,2.868039305922389474e-05,2.814443642489163457e-05,2.816915628330697187e-05,2.828835478447571102e-05
2.734015732916040019e-05,2.799434044574021602e-05,2.734966275694671354e-05,2.739264270652985703e-05,2.620373110217952514e-05,2.590538764976223877e-05,2.464956264267953142e-05,2.496986946470780591e-05,2.593975348487018707e-05,2.682816078783310202e-05,2.733237587821044215e-05,2.692409125306430398e-05,2.831616611619861096e-05,2.891024510812763128e-05,2.924834214257408056e-05,2.854208366542859465e-05,3.005663032411745364e-05,2.939275977663728453e-05,2.873267263058825361e-05,2.938862109144453781e-05,2.805123207986034750e-05,2.923215477417713141e-05,2.882969510201519037e-05,2.933457014580658450e-05,2.927411799607289170e-05,2.866204849484888808e-05,2.979102765833470173e-05,2.962438187694365100e-05,3.019509141879156495e-05,2.874524602745501072e-05,2.954996614711515932e-05,2.925025131696461057e-05,2.943711772768640438e-05,3.000178755939899225e-05,2.818854615528646083e-05,2.933892298113350408e-05,2.864192975491300526e-05,2.884661379252354273e-05,2.845933595567504595e-05,2.944150267851891511e-05,2.867432079932385607e-05,2.943549945823291204e-05,2.848625051783908638e-05,2.829694926634227062e-05,3.003490029422416113e-05,2.922366892708401368e-05,2.802216861051452787e-05,2.810655863960066490e-05,2.884667242439197657e-05,2.892700428759512637e-05,2.880230489179450292e-05,2.897321292736179980e-05,2.923247341636469446e-05,2.884684810314399581e-05,2.837215115084490102e-05,2.847831620648494358e-05,2.840866584151973399e-05
2.809970946026997448e-05,2.870173422358588607e-05,2.789506094395523489e-05,2.811370540249598753e-05,2.677638266873994956e-05,2.663608782327868253e-05,2.520921732112174618e-05,2.565967073404634718e-05,2.663550944144285935e-05,2.745351299279458164e-05,2.813094499563818527e-05,2.752783744224545848e-05,2.906773979182918045e-05,2.924834214257408056e-05,3.045879058873947229e-05,2.925086796672841426e-05,3.081696325353026835e-05,3.005379391166959201e-05,2.942151184976543780e-05,3.011062713771870729e-05,2.885310992967695366e-05,3.007240053891069626e-05,2.968573789705553905e-05,3.017604059982902757e-05,2.998472314014590811e-05,2.940447801923804194e-05,3.050722064334232618e-05,3.044448381748125841e-05,3.101186573543154320e-05,2.935627882492723923e-05,3.041749946023045468e-05,3.019027983142669435e-05,3.026200594988646359e-05,3.078144630375818057e-05,2.910700066188688745e-05,3.028054851194990205e-05,2.958985258174071174e-05,2.975133552220049436e-05,2.926068856487454932e-05,3.028331167267287727e-05,2.948219602301376264e-05,3.040047814743862856e-05,2.930769411025924525e-05,2.910895306963723835e-05,3.083188221307604673e-05,3.029894075168807095e-05,2.891713659652518569e-05,2.879899135385306062e-05,2.964902036726620646e-05,2.960932652086199499e-05,2.969599765796999949e-05,2.969227682447450964e-05,2.989382860868152652e-05,2.959463844687003611e-05,2.923388980535393010e-05,2.910698226023803381e-05,2.925560703072931589e-05
2.753954915167345009e-05,2.809061327112133196e-05,2.734402466506166766e-05,2.755375331776237571e-05,2.614509874634791210e-05,2.602184710414933891e-05,2.460278110769778523e-05,2.511305309408342221e-05,2.610474143991362180e-05,2.685811819048417642e-05,2.734857397660388263e-05,2.700394484015269288e-05,2.845135870740276952e-05,2.854208366542859465e-05,2.925086796672841426e-05,2.946115684458200124e-05,3.026580308961441108e-05,2.948946761457505060e-05,2.888347532423926262e-05,2.960296842116842727e-05,2.826871636228687728e-05,2.946498809137606490e-05,2.908215057580789236e-05,2.969657868206512492e-05,2.950106704716435734e-05,2.885930060856116151e-05,3.002354811093626026e-05,2.989843769372629533e-05,3.041553239582744562e-05,2.896681104683100692e-05,2.973619010874287003e-05,2.958484754769185975e-05,2.968794134865090716e-05,3.023738971699064138e-05,2.855558436063001447e-05,2.964250123521513947e-05,2.911059102784571090e-05,2.910438533888437814e-05,2.901707935070154681e-05,2.990713095252072872e-05,2.905206446572345530e-05,2.982783605846840185e-05,2.877670235127341363e-05,2.893294190087458730e-05,3.051957587536181164e-05,2.986127215977141513e-05,2.850740260607675933e-05,2.846102241173435469e-05,2.924884924231934574e-05,2.930373713822280370e-05,2.927190695295466783e-05,2.915901942032422852e-05,2.968288430198369465e-05,2.918980305752339098e-05,2.872294395577476938e-05,2.882651012401449351e-05,2.886065895032147784e-05
2.885584312434514822e-05,2.957517230735213340e-05,2.886561673232596745e-05,2.876218579218079729e-05,2.745352676589113311e-05,2.726355911836418635e-05,2.587045759093975722e-05,2.639671789662473143e-05,2.734565328350768341e-05,2.827062878297146253e-05,2.878191924020536907e-05,2.856733921521242031e-05,2.989347730693825311e-05,3.005663032411745364e-05,3.081696325353026835e-05,3.026580308961441108e-05,3.245155757935800847e-05,3.106414464664341044e-05,3.047385037432611565e-05,3.111231539956866139e-05,3.000817077517665515e-05,3.115287715434516619e-05,3.074932495774991076e-05,3.136572449379690050e-05,3.122903908301776220e-05,3.051944142969628037e-05,3.173485438822560569e-05,3.160940044019516489e-05,3.221778732304663589e-05,3.073586252194170987e-05,3.152373490127627728e-05,3.124305378598953638e-05,3.149178532418205479e-05,3.201911281780206312e-05,3.039069594310381028e-05,3.143372397874286378e-05,3.088335631921212780e-05,3.077691422574575775e-05,3.078186373557511023e-05,3.160596288856194064e-05,3.068885852741481089e-05,3.154470440445615267e-05,3.060619469969706372e-05,3.079296780834866575e-05,3.238099478196553380e-05,3.160420393252945067e-05,3.022712816268294754e-05,3.027595218563319777e-05,3.132393173254791806e-05,3.114560618284457590e-05,3.119756653420257305e-05,3.119495795602982219e-05,3.167117856895190439e-05,3.106411540012969132e-05,3.070483170454826595e-05,3.047759051001597662e-05,3.077210024383119665e-05
2.810975232851515069e-05,2.876630035149029007e-05,2.805020458279503811e-05,2.807338464797184358e-05,2.678213601789442897e-05,2.664538204315269808e-05,2.524481818378952248e-05,2.567534957575087480e-05,2.662766595190218228e-05,2.759717784998805655e-05,2.804639249695774819e-05,2.774702800043424709e-05,2.907843654654083428e-05,2.939275977663728453e-05,3.005379391166959201e-05,2.948946761457505060e-05,3.106414464664341044e-05,3.081494965493215241e-05,2.965063004231018585e-05,3.030832729575085702e-05,2.903054152671423618e-05,3.014643844243435872e-05,2.984368410045015540e-05,3.037505530107933511e-05,3.036087364787633345e-05,2.971133734578310385e-05,3.093347823493913421e-05,3.082475255682909734e-05,3.134792824492912624e-05,2.981823693995509114e-05,3.073952125016728815e-05,3.038691655090180514e-05,3.056604025184233073e-05,3.123512137526227982e-05,2.951747639604188346e-05,3.051992220501785269e-05,2.997215541901026615e-05,3.019417618087494532e-05,2.990556197873264915e-05,3.078988821952134317e-05,2.985900054594052726e-05,3.082089029471284314e-05,2.965747056821854401e-05,2.974171064507052202e-05,3.136425179366159082e-05,3.063207995572679365e-05,2.936653592863491542e-05,2.948717025594441773e-05,3.018575711430504703e-05,3.013298723895585363e-05,3.024920478053268121e-05,3.031832817330146445e-05,3.063328104689781376e-05,3.021865458802049740e-05,2.967787145865795960e-05,2.968116863777417133e-05,2.976285590715604669e-05
2.747961299010461808e-05,2.815922209142065211e-05,2.735547549742387352e-05,2.742088383433198347e-05,2.616806801383536859e-05,2.602096218413722063e-05,2.464480521052978012e-05,2.538260059237156319e-05,2.605771375887854058e-05,2.705459125402043971e-05,2.756049359556498831e-05,2.723052507776085816e-05,2.862610120064368696e-05,2.873267263058825361e-05,2.942151184976543780e-05,2.888347532423926262e-05,3.047385037432611565e-05,2.965063004231018585e-05,2.969136218934257822e-05,2.959873364295494654e-05,2.859038274515808629e-05,2.970368472098961098e-05,2.934643913722491851e-05,2.995577535916237670e-05,2.965065162646358558e-05,2.908645146388739143e-05,3.026925717166909313e-05,3.017685037512845842e-05,3.077761177135772777e-05,2.928885968951426319e-05,2.998135280348167693e-05,2.986028194899621277e-05,3.009320407268023742e-05,3.064762825523572416e-05,2.889514005506147834e-05,2.997501566939303274e-05,2.939526621294629870e-05,2.947210863665337564e-05,2.932452472182630476e-05,3.022914202079753185e-05,2.927692055806360057e-05,3.021078466034828673e-05,2.920403028387327243e-05,2.920871607978992509e-05,3.094820400113530929e-05,3.018068660039996412e-05,2.882830658067362108e-05,2.902243395069898415e-05,2.963961050321410243e-05,2.968561667936782665e-05,2.977274467765604539e-05,2.979973310586549702e-05,3.018579069383584186e-05,2.958947197225106370e-05,2.930817695237114301e-05,2.911299132117777606e-05,2.932094669311409259e-05
2.817809290299638891e-05,2.882693708680165415e-05,2.814847851912241706e-05,2.800218696083215511e-05,2.687794493065786330e-05,2.665005953153036785e-05,2.524045514737368047e-05,2.562946994727766114e-05,2.666053959774115925e-05,2.762589432352939380e-05,2.809729108261454692e-05,2.783424606449883259e-05,2.918083847751210756e-05,2.938862109144453781e-05,3.011062713771870729e-05,2.960296842116842727e-05,3.111231539956866139e-05,3.030832729575085702e-05,2.959873364295494654e-05,3.085862958291587935e-05,2.921677620533993499e-05,3.026537208193146074e-05,2.992197920697103872e-05,3.047651259959490935e-05,3.047170107698281410e-05,2.981882170577379861e-05,3.100974370307872874e-05,3.094164356324631473e-05,3.148116356274062780e-05,2.995870707897098313e-05,3.077212868996354137e-05,3.064582818191485423e-05,3.073298636148676051e-05,3.130824763769900150e-05,2.962344241596580498e-05,3.073413001301265185e-05,3.002697912783679573e-05,3.026699653478685421e-05,3.004734383798510436e-05,3.076113975317666801e-05,2.999895682929892835e-05,3.091342545566765174e-05,2.981199462122939521e-05,2.992189230745386134e-05,3.150327380269049452e-05,3.090493075649296354e-05,2.940487225046405485e-05,2.950716225871515526e-05,3.042452699713781166e-05,3.031095030515487619e-05,3.033832216746709141e-05,3.029398018079362294e-05,3.085384957299643679e-05,3.028622064555617545e-05,2.975438947088168953e-05,2.983255020405704326e-05,2.999416994803970525e-05
2.691524776713328273e-05,2.756881489981065982e-05,2.678545231986367796e-05,2.671638274756300323e-05,2.560489317336571321e-05,2.536760846417195384e-05,2.393904554194257802e-05,2.454817463686224881e-05,2.553371534745295583e-05,2.643650067809354397e-05,2.690876538809100098e-05,2.671270775151367711e-05,2.804039029288706204e-05,2.805123207986034750e-05,2.885310992967695366e-05,2.826871636228687728e-05,3.000817077517665515e-05,2.903054152671423618e-05,2.859038274515808629e-05,2.921677620533993499e-05,2.858840101290142477e-05,2.925636059514508515e-05,2.884846556413329168e-05,2.939547287663381474e-05,2.928228150010116475e-05,2.863753720084292917e-05,2.982902985544903394e-05,2.971985666571191391e-05,3.030597952417697809e-05,2.893370623279703112e-05,2.960873077689156040e-05,2.943370671325976217e-05,2.958196599334369595e-05,3.007644792331125668e-05,2.853113184069478955e-05,2.957836378402884097e-05,2.898868542040534339e-05,2.904196364883818420e-05,2.906922111985007668e-05,2.976682697535628269e-05,2.898951407355184761e-05,2.977315276790868265e-05,2.876826205303038457e-05,2.893965693533916410e-05,3.047338834602968870e-05,2.976801038363294572e-05,2.844917306425613767e-05,2.859471974645041851e-05,2.940835511027564775e-05,2.924515895328779345e-05,2.950856293026655518e-05,2.940776252472450614e-05,2.999475174837648437e-05,2.929557788576231067e-05,2.885681545639936900e-05,2.864697703739243454e-05,2.897176261907736904e-05
2.801132720582275964e-05,2.867885541989713679e-05,2.783022505298304758e-05,2.793916036346710859e-05,2.667423788128576775e-05,2.648057668516462192e-05,2.509714319815672568e-05,2.557509878761002813e-05,2.657192577596604666e-05,2.757046295761551334e-05,2.806605561561740923e-05,2.771198173364229967e-05,2.915127390405206043e-05,2.923215477417713141e-05,3.007240053891069626e-05,2.946498809137606490e-05,3.115287715434516619e-05,3.014643844243435872e-05,2.970368472098961098e-05,3.026537208193146074e-05,2.925636059514508515e-05,3.074945581108748919e-05,3.000884582966956076e-05,3.050115810358538070e-05,3.038203433024994125e-05,2.978808248777594823e-05,3.098496278951211720e-05,3.083920182304327048e-05,3.148989705487270180e-05,2.993761770661865841e-05,3.074574299224431260e-05,3.065104285816701578e-05,3.075624245924932790e-05,3.141498663060789598e-05,2.952428339250112361e-05,3.078540090857691621e-05,3.016388877912997657e-05,3.019350677627492981e-05,3.014158747195457854e-05,3.097465621100870046e-05,3.015678927870592076e-05,3.088750627947473476e-05,3.003945646380519149e-05,3.001264001982707348e-05,3.171282703951629558e-05,3.092231501710749199e-05,2.969761710404885121e-05,2.975675435347711859e-05,3.051689285805607880e-05,3.045037736332435011e-05,3.065381452129657414e-05,3.055373632427652519e-05,3.095507585337072838e-05,3.038856294510999955e-05,3.011676788716886733e-05,3.003825483726130501e-05,3.010169154577813980e-05
2.767354500755249305e-05,2.828415359891932530e-05,2.742169843280010372e-05,2.751967217964145139e-05,2.627882522331931658e-05,2.622679538397486892e-05,2.472951839397618965e-05,2.537032826453683259e-05,2.628126237275556581e-05,2.722586309246527607e-05,2.770619044605374194e-05,2.736273107192352207e-05,2.882151296330527979e-05,2.882969510201519037e-05,2.968573789705553905e-05,2.908215057580789236e-05,3.074932495774991076e-05,2.984368410045015540e-05,2.934643913722491851e-05,2.992197920697103872e-05,2.884846556413329168e-05,3.000884582966956076e-05,3.008535054355849608e-05,3.014896774371384218e-05,2.994578400881060977e-05,2.940737956268901646e-05,3.060210115196568541e-05,3.051396455441158300e-05,3.116423012648948757e-05,2.946336163879811659e-05,3.028832617587557028e-05,3.029799527871538146e-05,3.041266702216270255e-05,3.092284451464986835e-05,2.931389717532618334e-05,3.037774436873698868e-05,2.979124034729049104e-05,2.992176040067403737e-05,2.982075414518728322e-05,3.057142819109993670e-05,2.969649161036590218e-05,3.056157791974128577e-05,2.958527152768381313e-05,2.949894976256612088e-05,3.126235557684079846e-05,3.047804502997454614e-05,2.934504429023307952e-05,2.937499885445484001e-05,3.010380621588694077e-05,2.990717990912726204e-05,3.022458878211100496e-05,3.006747230120136166e-05,3.057151366079802814e-05,3.005078595374097478e-05,2.958978994481092643e-05,2.952329783627253632e-05,2.971703912039915736e-05
2.803919322909318790e-05,2.864893811675568895e-05,2.777215223470417321e-05,2.793873796660136685e-05,2.661619699730756298e-05,2.647889755257189408e-05,2.489925716979429979e-05,2.568424934746700743e-05,2.655588261762615394e-05,2.754977433252413268e-05,2.799822716713073345e-05,2.783504360219844106e-05,2.917504219234582993e-05,2.933457014580658450e-05,3.017604059982902757e-05,2.969657868206512492e-05,3.136572449379690050e-05,3.037505530107933511e-05,2.995577535916237670e-05,3.047651259959490935e-05,2.939547287663381474e-05,3.050115810358538070e-05,3.014896774371384218e-05,3.140630141577148275e-05,3.063177511673645988e-05,2.992982319379578735e-05,3.124945381926059123e-05,3.110051960442541486e-05,3.186611358057390406e-05,3.035569050119437957e-05,3.092481666445882020e-05,3.092803790019337933e-05,3.107956753380516706e-05,3.160216985061878564e-05,3.009158822253733300e-05,3.111996663550255606e-05,3.045397991457618052e-05,3.056535714465816324e-05,3.062805853405320682e-05,3.124688745815461721e-05,3.034224043397214503e-05,3.133992715449952288e-05,3.028066920973319261e-05,3.051679847145278893e-05,3.206038858852602294e-05,3.147913717528626806e-05,3.002858922410738665e-05,3.012669739592338183e-05,3.087669524689763071e-05,3.082021997520235305e-05,3.098601658650624121e-05,3.087771383707242227e-05,3.146054096720825132e-05,3.089036925715293484e-05,3.049620612404862658e-05,3.025593713465880836e-05,3.064361963578086798e-05
2.798740217063484605e-05,2.866359466828545606e-05,2.793977253157591562e-05,2.793018444379081902e-05,2.665992913372862454e-05,2.656518080652312187e-05,2.521375254779838681e-05,2.550283151219168607e-05,2.655752348393861415e-05,2.749864738406703203e-05,2.803988711279393974e-05,2.784583581614694727e-05,2.907646566204502355e-05,2.927411799607289170e-05,2.998472314014590811e-05,2.950106704716435734e-05,3.122903908301776220e-05,3.036087364787633345e-05,2.965065162646358558e-05,3.047170107698281410e-05,2.928228150010116475e-05,3.038203433024994125e-05,2.994578400881060977e-05,3.063177511673645988e-05,3.108156156416007121e-05,2.994452274046275283e-05,3.115119625967523951e-05,3.100118252006597272e-05,3.158783536229148726e-05,3.023920242388536552e-05,3.091194509001428045e-05,3.076306799932382655e-05,3.066315049279493042e-05,3.151649755496847963e-05,2.992967987106903686e-05,3.086449904981079529e-05,3.027347753746091559e-05,3.044994642930262053e-05,3.040955229540500673e-05,3.095107316693960462e-05,3.031719476037629828e-05,3.115039647571545651e-05,3.010792010724612614e-05,3.042264006239315009e-05,3.186600886743020338e-05,3.117818922509812718e-05,2.966925368605226763e-05,2.993828233727334592e-05,3.074732661815216369e-05,3.058338642931395098e-05,3.084079424901502316e-05,3.058766371593233595e-05,3.137655409814160245e-05,3.055915806206920780e-05,3.025051958034271946e-05,3.013748392745482335e-05,3.023816313563388835e-05
2.731144424427293935e-05,2.803233452316772022e-05,2.725549937232429675e-05,2.713579907007537375e-05,2.606683401691049326e-05,2.590297210536682534e-05,2.447570339059085116e-05,2.508883325588932728e-05,2.593474032862303405e-05,2.689723367046853046e-05,2.740451059333337156e-05,2.722572195944747712e-05,2.840644836533664101e-05,2.866204849484888808e-05,2.940447801923804194e-05,2.885930060856116151e-05,3.051944142969628037e-05,2.971133734578310385e-05,2.908645146388739143e-05,2.981882170577379861e-05,2.863753720084292917e-05,2.978808248777594823e-05,2.940737956268901646e-05,2.992982319379578735e-05,2.994452274046275283e-05,2.997387540597334324e-05,3.049081543612202529e-05,3.039158595107529622e-05,3.105068064612430395e-05,2.965790767218570787e-05,3.032977758679974937e-05,3.020637322848546597e-05,3.030113548054557163e-05,3.099534011763399155e-05,2.950055057074833003e-05,3.025811956944176090e-05,2.973453567627184411e-05,2.989267006070820036e-05,3.001774366925377582e-05,3.049267650146377052e-05,2.972155950340706065e-05,3.062991011750624848e-05,2.971432438449008796e-05,2.998123319838731399e-05,3.125189409848971986e-05,3.068590596080915449e-05,2.941322310807087490e-05,2.954779584346530367e-05,3.032755569793546454e-05,3.023062859439117596e-05,3.036272939143950787e-05,3.026246477519867344e-05,3.079584338157552724e-05,3.008590069730013056e-05,2.992792958344786576e-05,2.970780222332302756e-05,2.995063725381538647e-05
2.837347892726655598e-05,2.905549511836475290e-05,2.832571582310261976e-05,2.833555790664462151e-05,2.698297950622273052e-05,2.677403831880872937e-05,2.533373774517089845e-05,2.594828082206038192e-05,2.682864565499908118e-05,2.786007819165439188e-05,2.836725951593699723e-05,2.824610475028228404e-05,2.953365108568701248e-05,2.979102765833470173e-05,3.050722064334232618e-05,3.002354811093626026e-05,3.173485438822560569e-05,3.093347823493913421e-05,3.026925717166909313e-05,3.100974370307872874e-05,2.982902985544903394e-05,3.098496278951211720e-05,3.060210115196568541e-05,3.124945381926059123e-05,3.115119625967523951e-05,3.049081543612202529e-05,3.235445618738254928e-05,3.166620228378220451e-05,3.221829380891442194e-05,3.080706934343380502e-05,3.146794917413102557e-05,3.138233165224022219e-05,3.146358259701646044e-05,3.223966766939316916e-05,3.058365801870593833e-05,3.154700479185704382e-05,3.092367885026206373e-05,3.110002905404363248e-05,3.121557847998411437e-05,3.177414307092207770e-05,3.087299115036365172e-05,3.190031482109380513e-05,3.079595615792643434e-05,3.110958400163126416e-05,3.262081080229161512e-05,3.193360621275288905e-05,3.053164252439307552e-05,3.070442779281393208e-05,3.148219657989674390e-05,3.148898023451196922e-05,3.159570599242769094e-05,3.149039569640928518e-05,3.213013443338027283e-05,3.141788323199887819e-05,3.094424689509066268e-05,3.086372426942295876e-05,3.110138847354511322e-05
2.838474980661133919e-05,2.906761151709251243e-05,2.833712894708060641e-05,2.821453147278063536e-05,2.705714181402455544e-05,2.690277197123687808e-05,2.543287180025910254e-05,2.597684523884414629e-05,2.689619914773624322e-05,2.798605668987349461e-05,2.840170459650575199e-05,2.813772536394863600e-05,2.958423978853090281e-05,2.962438187694365100e-05,3.044448381748125841e-05,2.989843769372629533e-05,3.160940044019516489e-05,3.082475255682909734e-05,3.017685037512845842e-05,3.094164356324631473e-05,2.971985666571191391e-05,3.083920182304327048e-05,3.051396455441158300e-05,3.110051960442541486e-05,3.100118252006597272e-05,3.039158595107529622e-05,3.166620228378220451e-05,3.209874273770374817e-05,3.216634304858360921e-05,3.069935387164387337e-05,3.140302282504625983e-05,3.126465719654001062e-05,3.141349857598265609e-05,3.207970040171294145e-05,3.042034289391538638e-05,3.161221430092313220e-05,3.087423534128975317e-05,3.107777097804068084e-05,3.105445192688589909e-05,3.167932856041171934e-05,3.090601202362643708e-05,3.202887155464083466e-05,3.068152050015918831e-05,3.100475210936034967e-05,3.259436915883953770e-05,3.185313468558011375e-05,3.050961252449323934e-05,3.054256972979909110e-05,3.141357604829228371e-05,3.121400795349311210e-05,3.155040293251060710e-05,3.125531948563481800e-05,3.183898667066058208e-05,3.139584937347877057e-05,3.096437502466143488e-05,3.081160080394452512e-05,3.101675611508268419e-05
2.876255903057329429e-05,2.954655585702874195e-05,2.864473675466043209e-05,2.866266364538729583e-05,2.732552905410119427e-05,2.723648597139119546e-05,2.568518932101092404e-05,2.626600037117964842e-05,2.729762132673352527e-05,2.844817500736104639e-05,2.881907059571752085e-05,2.865537655296764935e-05,2.998042337460940252e-05,3.019509141879156495e-05,3.101186573543154320e-05,3.041553239582744562e-05,3.221778732304663589e-05,3.134792824492912624e-05,3.077761177135772777e-05,3.148116356274062780e-05,3.030597952417697809e-05,3.148989705487270180e-05,3.116423012648948757e-05,3.186611358057390406e-05,3.158783536229148726e-05,3.105068064612430395e-05,3.221829380891442194e-05,3.216634304858360921e-05,3.346929751961289683e-05,3.122873035353352402e-05,3.199262992661203343e-05,3.202507302987849652e-05,3.219102274481912078e-05,3.276128557868117970e-05,3.114371513432728815e-05,3.210800515909827834e-05,3.161333587217796744e-05,3.187060134115413622e-05,3.178184170475951330e-05,3.236880263304460785e-05,3.155088855229687969e-05,3.247527398585717164e-05,3.153516451099580440e-05,3.167169486192146960e-05,3.330423355979932705e-05,3.262451358612311782e-05,3.121861014187551171e-05,3.140768178597233654e-05,3.207161246314293735e-05,3.202549591804774222e-05,3.221379155008869690e-05,3.205572943720205753e-05,3.267682121953581806e-05,3.212387235597575634e-05,3.172561797172065566e-05,3.160404346958589964e-05,3.183601068781399454e-05
2.731529240764133873e-05,2.806408812642462595e-05,2.724717843233728714e-05,2.717663494697955835e-05,2.602913790445362491e-05,2.587512358922241872e-05,2.439515823688750030e-05,2.499736877973500192e-05,2.587265246989636829e-05,2.695930825696585202e-05,2.736880436455767354e-05,2.732596947631550749e-05,2.852927675284361105e-05,2.874524602745501072e-05,2.935627882492723923e-05,2.896681104683100692e-05,3.073586252194170987e-05,2.981823693995509114e-05,2.928885968951426319e-05,2.995870707897098313e-05,2.893370623279703112e-05,2.993761770661865841e-05,2.946336163879811659e-05,3.035569050119437957e-05,3.023920242388536552e-05,2.965790767218570787e-05,3.080706934343380502e-05,3.069935387164387337e-05,3.122873035353352402e-05,3.057348865146105785e-05,3.043471008442351553e-05,3.029009624914782181e-05,3.051979225738182019e-05,3.113768324882557618e-05,2.978051322131877846e-05,3.061551193159762872e-05,3.001569027889400444e-05,3.021945128521748110e-05,3.040053695932058806e-05,3.078288254127313229e-05,3.007390216870239910e-05,3.106024510768720269e-05,2.998807429907036993e-05,3.055071536033274865e-05,3.179056856607182657e-05,3.109812807150660565e-05,2.973596990041116764e-05,3.003702762684899022e-05,3.079908196976899977e-05,3.063411589918183816e-05,3.072828600428758277e-05,3.074771657227513149e-05,3.139672662515245147e-05,3.056446351494190378e-05,3.024118551062365129e-05,3.015528843236441338e-05,3.038673602122392509e-05
2.809336618718788259e-05,2.887302565590387388e-05,2.824477867118581489e-05,2.803147395310704622e-05,2.667825923345344029e-05,2.667453421871727638e-05,2.522701978902166598e-05,2.572381346797222688e-05,2.659105197629898368e-05,2.762765579781978415e-05,2.824464072093637890e-05,2.801225564738737614e-05,2.931401900540029195e-05,2.954996614711515932e-05,3.041749946023045468e-05,2.973619010874287003e-05,3.152373490127627728e-05,3.073952125016728815e-05,2.998135280348167693e-05,3.077212868996354137e-05,2.960873077689156040e-05,3.074574299224431260e-05,3.028832617587557028e-05,3.092481666445882020e-05,3.091194509001428045e-05,3.032977758679974937e-05,3.146794917413102557e-05,3.140302282504625983e-05,3.199262992661203343e-05,3.043471008442351553e-05,3.211969165612412711e-05,3.114336799720268705e-05,3.124317281765053581e-05,3.207689097706305237e-05,3.040921612286140116e-05,3.151424418714427009e-05,3.091378301917799368e-05,3.096821249706488541e-05,3.095201341568797830e-05,3.170830715580551218e-05,3.086826628935165646e-05,3.190167200258624562e-05,3.066493870544203452e-05,3.094380144518198687e-05,3.240323349992518668e-05,3.178488808669892643e-05,3.040262563948406877e-05,3.069634183087634096e-05,3.155338290876621201e-05,3.139295294428532426e-05,3.164976770911677901e-05,3.146620241695772727e-05,3.194824573721743966e-05,3.126142226567180809e-05,3.091635658116190959e-05,3.078138268130284724e-05,3.115447069046881984e-05
2.798197636111955620e-05,2.851632769769342948e-05,2.765395756426936374e-05,2.780195502547772379e-05,2.648617485267924465e-05,2.638026802546077833e-05,2.500668945467064922e-05,2.567067005867091207e-05,2.656727426054991746e-05,2.765220673422521695e-05,2.811320385959098522e-05,2.778681400017921993e-05,2.918559207084655942e-05,2.925025131696461057e-05,3.019027983142669435e-05,2.958484754769185975e-05,3.124305378598953638e-05,3.038691655090180514e-05,2.986028194899621277e-05,3.064582818191485423e-05,2.943370671325976217e-05,3.065104285816701578e-05,3.029799527871538146e-05,3.092803790019337933e-05,3.076306799932382655e-05,3.020637322848546597e-05,3.138233165224022219e-05,3.126465719654001062e-05,3.202507302987849652e-05,3.029009624914782181e-05,3.114336799720268705e-05,3.193346016183584187e-05,3.129066368330751677e-05,3.191457058946116381e-05,3.036267353837552633e-05,3.131521168239629650e-05,3.076701091727213733e-05,3.089549800055106990e-05,3.086795295999853161e-05,3.149729609540387874e-05,3.060631450338355952e-05,3.161797081970445152e-05,3.072567842388061927e-05,3.081829769173207996e-05,3.246582268629168470e-05,3.194043148332256451e-05,3.037902590134908414e-05,3.040091530211612016e-05,3.119633746269899059e-05,3.116381783887494375e-05,3.135435178831790930e-05,3.125295419522055679e-05,3.172371764731888439e-05,3.117960857855210286e-05,3.099145103487341264e-05,3.063655114671649110e-05,3.094564582262189858e-05
2.805750212416891357e-05,2.867341922174509840e-05,2.789767858446122296e-05,2.786196320892408897e-05,2.663845117227167683e-05,2.658075807243564858e-05,2.508685421967476206e-05,2.574921331966920730e-05,2.660779007503069913e-05,2.772820993889995320e-05,2.824583588142618026e-05,2.802870934101760870e-05,2.929211256774921657e-05,2.943711772768640438e-05,3.026200594988646359e-05,2.968794134865090716e-05,3.149178532418205479e-05,3.056604025184233073e-05,3.009320407268023742e-05,3.073298636148676051e-05,2.958196599334369595e-05,3.075624245924932790e-05,3.041266702216270255e-05,3.107956753380516706e-05,3.066315049279493042e-05,3.030113548054557163e-05,3.146358259701646044e-05,3.141349857598265609e-05,3.219102274481912078e-05,3.051979225738182019e-05,3.124317281765053581e-05,3.129066368330751677e-05,3.202333124451685689e-05,3.213694390396199592e-05,3.035092012336221295e-05,3.145007256487634094e-05,3.087446045182122594e-05,3.103093223790554981e-05,3.112257753924350495e-05,3.181400767319841834e-05,3.075027967512149017e-05,3.183267351100473524e-05,3.083005539909450634e-05,3.103055931718844997e-05,3.260991166934930536e-05,3.197638759779123123e-05,3.061365061680789925e-05,3.080937572531752648e-05,3.140471069954480074e-05,3.141260693798078688e-05,3.153516853680465192e-05,3.149092120144705175e-05,3.205926599424470267e-05,3.147068806058867728e-05,3.110342619550819654e-05,3.098437578667739703e-05,3.123233128779475201e-05
2.852987557566648896e-05,2.916067410621505748e-05,2.843151213105690164e-05,2.839957306087205098e-05,2.709183129132581341e-05,2.710429964712362185e-05,2.565349258740371751e-05,2.618046171746946064e-05,2.693227659487063981e-05,2.814729220644142334e-05,2.876726507654397112e-05,2.844108657671277982e-05,2.984084384569634445e-05,3.000178755939899225e-05,3.078144630375818057e-05,3.023738971699064138e-05,3.201911281780206312e-05,3.123512137526227982e-05,3.064762825523572416e-05,3.130824763769900150e-05,3.007644792331125668e-05,3.141498663060789598e-05,3.092284451464986835e-05,3.160216985061878564e-05,3.151649755496847963e-05,3.099534011763399155e-05,3.223966766939316916e-05,3.207970040171294145e-05,3.276128557868117970e-05,3.113768324882557618e-05,3.207689097706305237e-05,3.191457058946116381e-05,3.213694390396199592e-05,3.344005753156094123e-05,3.116384044265241575e-05,3.222615574960259975e-05,3.156670220636019340e-05,3.180112546637995713e-05,3.193430531733078742e-05,3.248801758545769193e-05,3.163487571461978578e-05,3.267132938323163348e-05,3.169367635127808068e-05,3.179978055625571693e-05,3.325760271419330241e-05,3.281377481961288107e-05,3.119245790598027971e-05,3.154918906125016808e-05,3.223569116081468949e-05,3.207496286040684846e-05,3.240568985704288821e-05,3.223335077419079580e-05,3.279407342258343409e-05,3.216981818582095713e-05,3.194091076823198658e-05,3.167508047565144942e-05,3.201829087392299482e-05
2.672548122704856882e-05,2.742756672432732464e-05,2.662870165531419953e-05,2.654430747150027863e-05,2.539796936408502518e-05,2.534782550992036303e-05,2.397866092705515698e-05,2.473679922910505211e-05,2.547753502433197043e-05,2.642784398313287536e-05,2.700323621253816549e-05,2.701965749205750952e-05,2.804819647906053984e-05,2.818854615528646083e-05,2.910700066188688745e-05,2.855558436063001447e-05,3.039069594310381028e-05,2.951747639604188346e-05,2.889514005506147834e-05,2.962344241596580498e-05,2.853113184069478955e-05,2.952428339250112361e-05,2.931389717532618334e-05,3.009158822253733300e-05,2.992967987106903686e-05,2.950055057074833003e-05,3.058365801870593833e-05,3.042034289391538638e-05,3.114371513432728815e-05,2.978051322131877846e-05,3.040921612286140116e-05,3.036267353837552633e-05,3.035092012336221295e-05,3.116384044265241575e-05,3.067423309147638237e-05,3.057091664935384078e-05,3.017728778337385169e-05,3.034600437279671479e-05,3.071310641871227096e-05,3.071194389207854305e-05,3.002787238804791189e-05,3.120726431777671929e-05,3.019943894013010964e-05,3.082657919133039386e-05,3.184564671982170861e-05,3.132360507579271116e-05,2.996175319717711327e-05,3.016995943072181224e-05,3.117664452764916865e-05,3.076637764873374665e-05,3.102664599404218493e-05,3.092723119719347386e-05,3.168621766683089050e-05,3.073884406130571536e-05,3.055311959131152113e-05,3.005793248856979984e-05,3.070326076535633014e-05
2.793117992913058946e-05,2.860890837620273618e-05,2.796447278409026411e-05,2.782441491202447315e-05,2.663888485807777535e-05,2.672585890854948363e-05,2.520715754046040091e-05,2.572950662051733106e-05,2.656539509743588497e-05,2.765468302796941232e-05,2.819695259701546881e-05,2.787939624868954940e-05,2.924515038505523743e-05,2.933892298113350408e-05,3.028054851194990205e-05,2.964250123521513947e-05,3.143372397874286378e-05,3.051992220501785269e-05,2.997501566939303274e-05,3.073413001301265185e-05,2.957836378402884097e-05,3.078540090857691621e-05,3.037774436873698868e-05,3.111996663550255606e-05,3.086449904981079529e-05,3.025811956944176090e-05,3.154700479185704382e-05,3.161221430092313220e-05,3.210800515909827834e-05,3.061551193159762872e-05,3.151424418714427009e-05,3.131521168239629650e-05,3.145007256487634094e-05,3.222615574960259975e-05,3.057091664935384078e-05,3.233496663182459100e-05,3.098155404481796587e-05,3.118794632643248372e-05,3.115477983193641913e-05,3.181244864945524664e-05,3.107506785456018997e-05,3.202414539483462377e-05,3.097797901038685646e-05,3.117591658356040597e-05,3.283922606524187934e-05,3.213632471051436178e-05,3.060941228056473384e-05,3.092120090836977900e-05,3.166083751868107389e-05,3.151473810726238651e-05,3.191969997428399707e-05,3.146987761123428107e-05,3.222014913356395738e-05,3.159772645406504400e-05,3.125188186122241550e-05,3.101165494838641003e-05,3.131215371288250461e-05
2.718081870254474738e-05,2.782021570965656591e-05,2.710613969700468058e-05,2.715586928377964975e-05,2.576951311257999274e-05,2.582079234071472379e-05,2.448112730923233095e-05,2.499756664388201496e-05,2.590740478021398370e-05,2.693664367602943628e-05,2.741279967392388543e-05,2.735747056986852861e-05,2.853599253181586398e-05,2.864192975491300526e-05,2.958985258174071174e-05,2.911059102784571090e-05,3.088335631921212780e-05,2.997215541901026615e-05,2.939526621294629870e-05,3.002697912783679573e-05,2.898868542040534339e-05,3.016388877912997657e-05,2.979124034729049104e-05,3.045397991457618052e-05,3.027347753746091559e-05,2.973453567627184411e-05,3.092367885026206373e-05,3.087423534128975317e-05,3.161333587217796744e-05,3.001569027889400444e-05,3.091378301917799368e-05,3.076701091727213733e-05,3.087446045182122594e-05,3.156670220636019340e-05,3.017728778337385169e-05,3.098155404481796587e-05,3.134560036177759079e-05,3.064453533203151143e-05,3.086148075636223207e-05,3.134608872449004308e-05,3.049902446161433461e-05,3.154260842710966234e-05,3.052468045235862441e-05,3.096084071749588643e-05,3.228882628663873376e-05,3.168148072776898384e-05,3.031026005104321580e-05,3.045932744034920576e-05,3.131807820495093188e-05,3.116694573354608161e-05,3.147008809498858130e-05,3.123503689422091567e-05,3.186166995123446822e-05,3.127852153355766755e-05,3.085757345528205935e-05,3.061166500117144785e-05,3.103954708675619268e-05
2.742341469458625864e-05,2.817290434431032466e-05,2.727354919497653517e-05,2.724578418750964745e-05,2.602967702392025066e-05,2.614061553787177901e-05,2.455904765050732243e-05,2.514575450442311583e-05,2.604351769211004397e-05,2.710220378210678529e-05,2.759556053348191049e-05,2.741145923788404097e-05,2.865415296730347347e-05,2.884661379252354273e-05,2.975133552220049436e-05,2.910438533888437814e-05,3.077691422574575775e-05,3.019417618087494532e-05,2.947210863665337564e-05,3.026699653478685421e-05,2.904196364883818420e-05,3.019350677627492981e-05,2.992176040067403737e-05,3.056535714465816324e-05,3.044994642930262053e-05,2.989267006070820036e-05,3.110002905404363248e-05,3.107777097804068084e-05,3.187060134115413622e-05,3.021945128521748110e-05,3.096821249706488541e-05,3.089549800055106990e-05,3.103093223790554981e-05,3.180112546637995713e-05,3.034600437279671479e-05,3.118794632643248372e-05,3.064453533203151143e-05,3.150992720873313166e-05,3.101926003252225035e-05,3.152481741303122891e-05,3.070103635639911580e-05,3.167757018562544861e-05,3.070632464189476765e-05,3.099474458454579568e-05,3.240389846826906408e-05,3.177395375030994581e-05,3.040662515555806115e-05,3.063658700735886147e-05,3.136272167894971587e-05,3.119221493492003647e-05,3.143578320424311821e-05,3.126741039398447226e-05,3.193235014711869551e-05,3.127748145840161500e-05,3.088928942116605792e-05,3.071480517173046814e-05,3.110460003171933098e-05
2.688850436119131105e-05,2.753516997192038160e-05,2.672775337689472979e-05,2.662505407472068390e-05,2.547010859004289409e-05,2.540983623551828724e-05,2.386620247988700493e-05,2.478941580821939164e-05,2.551792135435543307e-05,2.662317886828516244e-05,2.714701203027960059e-05,2.729380144364575985e-05,2.830173676042246187e-05,2.845933595567504595e-05,2.926068856487454932e-05,2.901707935070154681e-05,3.078186373557511023e-05,2.990556197873264915e-05,2.932452472182630476e-05,3.004734383798510436e-05,2.906922111985007668e-05,3.014158747195457854e-05,2.982075414518728322e-05,3.062805853405320682e-05,3.040955229540500673e-05,3.001774366925377582e-05,3.121557847998411437e-05,3.105445192688589909e-05,3.178184170475951330e-05,3.040053695932058806e-05,3.095201341568797830e-05,3.086795295999853161e-05,3.112257753924350495e-05,3.193430531733078742e-05,3.071310641871227096e-05,3.115477983193641913e-05,3.086148075636223207e-05,3.101926003252225035e-05,3.215165358015084699e-05,3.177739351708330328e-05,3.073420765729224812e-05,3.203732338590100959e-05,3.102945872576096684e-05,3.157260993818564014e-05,3.290233786743490768e-05,3.219981374458164090e-05,3.085334916026710283e-05,3.118259523143729388e-05,3.199965353563605919e-05,3.168050762556545822e-05,3.195639449891032885e-05,3.176270474135968252e-05,3.257207298305744256e-05,3.165573135812746876e-05,3.138494036820924159e-05,3.111581751627876268e-05,3.163274293883397263e-05
2.794669154966426713e-05,2.862278209033295746e-05,2.791742192614744627e-05,2.789999409480226945e-05,2.654020306779805393e-05,2.653922387692933549e-05,2.498839890890673285e-05,2.573520697330396062e-05,2.662883993672860496e-05,2.759267836408491926e-05,2.817943882659991442e-05,2.804081872474926401e-05,2.931418714120925811e-05,2.944150267851891511e-05,3.028331167267287727e-05,2.990713095252072872e-05,3.160596288856194064e-05,3.078988821952134317e-05,3.022914202079753185e-05,3.076113975317666801e-05,2.976682697535628269e-05,3.097465621100870046e-05,3.057142819109993670e-05,3.124688745815461721e-05,3.095107316693960462e-05,3.049267650146377052e-05,3.177414307092207770e-05,3.167932856041171934e-05,3.236880263304460785e-05,3.078288254127313229e-05,3.170830715580551218e-05,3.149729609540387874e-05,3.181400767319841834e-05,3.248801758545769193e-05,3.071194389207854305e-05,3.181244864945524664e-05,3.134608872449004308e-05,3.152481741303122891e-05,3.177739351708330328e-05,3.298379261079814064e-05,3.130441874576389772e-05,3.251492450887857871e-05,3.137004373435970013e-05,3.156751700073073743e-05,3.316529556222354524e-05,3.250576182530272664e-05,3.114302422424219681e-05,3.136126775861777506e-05,3.211476696286290019e-05,3.207307223221834443e-05,3.237158429855407877e-05,3.209323455196950049e-05,3.252805477951142989e-05,3.204860419384472430e-05,3.162725592114660030e-05,3.148392345987875251e-05,3.183255247577389973e-05
2.715132452304410299e-05,2.786187903604941482e-05,2.728317771217647972e-05,2.714513446310801842e-05,2.594444214614969395e-05,2.600632031813133812e-05,2.451787072933492989e-05,2.489499523886062228e-05,2.588346681491202211e-05,2.688028612204160393e-05,2.746374979539517607e-05,2.724939037134163576e-05,2.854980438549218876e-05,2.867432079932385607e-05,2.948219602301376264e-05,2.905206446572345530e-05,3.068885852741481089e-05,2.985900054594052726e-05,2.927692055806360057e-05,2.999895682929892835e-05,2.898951407355184761e-05,3.015678927870592076e-05,2.969649161036590218e-05,3.034224043397214503e-05,3.031719476037629828e-05,2.972155950340706065e-05,3.087299115036365172e-05,3.090601202362643708e-05,3.155088855229687969e-05,3.007390216870239910e-05,3.086826628935165646e-05,3.060631450338355952e-05,3.075027967512149017e-05,3.163487571461978578e-05,3.002787238804791189e-05,3.107506785456018997e-05,3.049902446161433461e-05,3.070103635639911580e-05,3.073420765729224812e-05,3.130441874576389772e-05,3.118067130072633411e-05,3.153809078362921226e-05,3.047519590605135244e-05,3.075342044021240516e-05,3.213848381014234917e-05,3.161521585993361429e-05,3.012495552490861861e-05,3.051268449607466742e-05,3.112329153899490397e-05,3.107039188310823150e-05,3.149145903161865178e-05,3.108866570254659932e-05,3.178898078096948195e-05,3.108502534953741536e-05,3.079444301413606044e-05,3.068045174211865160e-05,3.085299352683879774e-05
2.793339803850118850e-05,2.859743667381182638e-05,2.789497093467361436e-05,2.783322159965451916e-05,2.648211972553805521e-05,2.648782795548170401e-05,2.516254063895612348e-05,2.579424755566879870e-05,2.654488370220874546e-05,2.756502914597278652e-05,2.821532052922582165e-05,2.801297574610291623e-05,2.931478648141492045e-05,2.943549945823291204e-05,3.040047814743862856e-05,2.982783605846840185e-05,3.154470440445615267e-05,3.082089029471284314e-05,3.021078466034828673e-05,3.091342545566765174e-05,2.977315276790868265e-05,3.088750627947473476e-05,3.056157791974128577e-05,3.133992715449952288e-05,3.115039647571545651e-05,3.062991011750624848e-05,3.190031482109380513e-05,3.202887155464083466e-05,3.247527398585717164e-05,3.106024510768720269e-05,3.190167200258624562e-05,3.161797081970445152e-05,3.183267351100473524e-05,3.267132938323163348e-05,3.120726431777671929e-05,3.202414539483462377e-05,3.154260842710966234e-05,3.167757018562544861e-05,3.203732338590100959e-05,3.251492450887857871e-05,3.153809078362921226e-05,3.355249867634407416e-05,3.171573099667624617e-05,3.195518032262105370e-05,3.344604420689068234e-05,3.287425402369114442e-05,3.138968701800985147e-05,3.170290379045892471e-05,3.247711434885820980e-05,3.236643499612459191e-05,3.266085517724239760e-05,3.234928075604586481e-05,3.296156935323041982e-05,3.236601602718897010e-05,3.209144900611034300e-05,3.180343414630667365e-05,3.219734675317201684e-05
2.690686514866696648e-05,2.750257457677405683e-05,2.672577241219869812e-05,2.676309846675807393e-05,2.552066623917807037e-05,2.554757745445327755e-05,2.404173095375601130e-05,2.470290697908213452e-05,2.557594451718580580e-05,2.656576420491273729e-05,2.712807283836091426e-05,2.706165611216127895e-05,2.821080075643757717e-05,2.848625051783908638e-05,2.930769411025924525e-05,2.877670235127341363e-05,3.060619469969706372e-05,2.965747056821854401e-05,2.920403028387327243e-05,2.981199462122939521e-05,2.876826205303038457e-05,3.003945646380519149e-05,2.958527152768381313e-05,3.028066920973319261e-05,3.010792010724612614e-05,2.971432438449008796e-05,3.079595615792643434e-05,3.068152050015918831e-05,3.153516451099580440e-05,2.998807429907036993e-05,3.066493870544203452e-05,3.072567842388061927e-05,3.083005539909450634e-05,3.169367635127808068e-05,3.019943894013010964e-05,3.097797901038685646e-05,3.052468045235862441e-05,3.070632464189476765e-05,3.102945872576096684e-05,3.137004373435970013e-05,3.047519590605135244e-05,3.171573099667624617e-05,3.145429342337372034e-05,3.111722717126822694e-05,3.246238725204783382e-05,3.184822446958931639e-05,3.036733728744519208e-05,3.074282934191495848e-05,3.144297460492629840e-05,3.130253304363563835e-05,3.153720134625091043e-05,3.142123692965715059e-05,3.192458640369125173e-05,3.125699127042570838e-05,3.123564766148356135e-05,3.086740889928860917e-05,3.125645837456971908e-05
2.657704024315809638e-05,2.729904116151252310e-05,2.674172073578854919e-05,2.644610946206980034e-05,2.521092606782313487e-05,2.543158501166998072e-05,2.388827992794769284e-05,2.463205916879034456e-05,2.530205235488951687e-05,2.646257787987719201e-05,2.693516326627393257e-05,2.718096371476323828e-05,2.804693654076508073e-05,2.829694926634227062e-05,2.910895306963723835e-05,2.893294190087458730e-05,3.079296780834866575e-05,2.974171064507052202e-05,2.920871607978992509e-05,2.992189230745386134e-05,2.893965693533916410e-05,3.001264001982707348e-05,2.949894976256612088e-05,3.051679847145278893e-05,3.042264006239315009e-05,2.998123319838731399e-05,3.110958400163126416e-05,3.100475210936034967e-05,3.167169486192146960e-05,3.055071536033274865e-05,3.094380144518198687e-05,3.081829769173207996e-05,3.103055931718844997e-05,3.179978055625571693e-05,3.082657919133039386e-05,3.117591658356040597e-05,3.096084071749588643e-05,3.099474458454579568e-05,3.157260993818564014e-05,3.156751700073073743e-05,3.075342044021240516e-05,3.195518032262105370e-05,3.111722717126822694e-05,3.314444190925949036e-05,3.280737948261007572e-05,3.250523171675530896e-05,3.084227611311635305e-05,3.140403572213895081e-05,3.221940324928063094e-05,3.211421125614805045e-05,3.222865744590545277e-05,3.182651824403221163e-05,3.308167652386530012e-05,3.182764687751004566e-05,3.182771986523919423e-05,3.128222871598688082e-05,3.189622260110857417e-05
2.834237437818372475e-05,2.914890875092365926e-05,2.830511577977943465e-05,2.822237995254682022e-05,2.684737111049542813e-05,2.694179001301757445e-05,2.542989527885114895e-05,2.621340134511195800e-05,2.705254223768502474e-05,2.819090702808474335e-05,2.859989963128609767e-05,2.860165606328544043e-05,2.975060793247193944e-05,3.003490029422416113e-05,3.083188221307604673e-05,3.051957587536181164e-05,3.238099478196553380e-05,3.136425179366159082e-05,3.094820400113530929e-05,3.150327380269049452e-05,3.047338834602968870e-05,3.171282703951629558e-05,3.126235557684079846e-05,3.206038858852602294e-05,3.186600886743020338e-05,3.125189409848971986e-05,3.262081080229161512e-05,3.259436915883953770e-05,3.330423355979932705e-05,3.179056856607182657e-05,3.240323349992518668e-05,3.246582268629168470e-05,3.260991166934930536e-05,3.325760271419330241e-05,3.184564671982170861e-05,3.283922606524187934e-05,3.228882628663873376e-05,3.240389846826906408e-05,3.290233786743490768e-05,3.316529556222354524e-05,3.213848381014234917e-05,3.344604420689068234e-05,3.246238725204783382e-05,3.280737948261007572e-05,3.504294346110680699e-05,3.356036135661007099e-05,3.221816495335064320e-05,3.247467406973477734e-05,3.318024155241887932e-05,3.308875497071848872e-05,3.329173033874013128e-05,3.318703390892087032e-05,3.389078981242938206e-05,3.310968841661258554e-05,3.285833383070745826e-05,3.256399232243612217e-05,3.293512314546960648e-05
2.783815931618045691e-05,2.836073986946434589e-05,2.760154057215999450e-05,2.751649747851812609e-05,2.626692742259334465e-05,2.637746452051430350e-05,2.466204781801803754e-05,2.550207368712973253e-05,2.627876193314767654e-05,2.737565859658167071e-05,2.805962122345957916e-05,2.781526135544430605e-05,2.910281727528118650e-05,2.922366892708401368e-05,3.029894075168807095e-05,2.986127215977141513e-05,3.160420393252945067e-05,3.063207995572679365e-05,3.018068660039996412e-05,3.090493075649296354e-05,2.976801038363294572e-05,3.092231501710749199e-05,3.047804502997454614e-05,3.147913717528626806e-05,3.117818922509812718e-05,3.068590596080915449e-05,3.193360621275288905e-05,3.185313468558011375e-05,3.262451358612311782e-05,3.109812807150660565e-05,3.178488808669892643e-05,3.194043148332256451e-05,3.197638759779123123e-05,3.281377481961288107e-05,3.132360507579271116e-05,3.213632471051436178e-05,3.168148072776898384e-05,3.177395375030994581e-05,3.219981374458164090e-05,3.250576182530272664e-05,3.161521585993361429e-05,3.287425402369114442e-05,3.184822446958931639e-05,3.250523171675530896e-05,3.356036135661007099e-05,3.394221923812711821e-05,3.156411006866290873e-05,3.189840368161597203e-05,3.249386460689335254e-05,3.253389619240628451e-05,3.282037615526929385e-05,3.255768700284834084e-05,3.329803709498029116e-05,3.235295417959250716e-05,3.238066175224640274e-05,3.205390239252627602e-05,3.251334140895762869e-05
2.662644554288343923e-05,2.723929611296929676e-05,2.642675818893757772e-05,2.637534946677074513e-05,2.514770851635686323e-05,2.514685512989109806e-05,2.363819913449342352e-05,2.450872018838084850e-05,2.535084112815279853e-05,2.627955703483681236e-05,2.678405898341310379e-05,2.670466019503063974e-05,2.777869502289875494e-05,2.802216861051452787e-05,2.891713659652518569e-05,2.850740260607675933e-05,3.022712816268294754e-05,2.936653592863491542e-05,2.882830658067362108e-05,2.940487225046405485e-05,2.844917306425613767e-05,2.969761710404885121e-05,2.934504429023307952e-05,3.002858922410738665e-05,2.966925368605226763e-05,2.941322310807087490e-05,3.053164252439307552e-05,3.050961252449323934e-05,3.121861014187551171e-05,2.973596990041116764e-05,3.040262563948406877e-05,3.037902590134908414e-05,3.061365061680789925e-05,3.119245790598027971e-05,2.996175319717711327e-05,3.060941228056473384e-05,3.031026005104321580e-05,3.040662515555806115e-05,3.085334916026710283e-05,3.114302422424219681e-05,3.012495552490861861e-05,3.138968701800985147e-05,3.036733728744519208e-05,3.084227611311635305e-05,3.221816495335064320e-05,3.156411006866290873e-05,3.101273447842878110e-05,3.049081401782339381e-05,3.121841298538641300e-05,3.111972278827200816e-05,3.131383892117352654e-05,3.125033636507510993e-05,3.182992750791885362e-05,3.108435506925249250e-05,3.094337771682154330e-05,3.056325116378805581e-05,3.103039052989684535e-05
2.634832248957723384e-05,2.708771329254848031e-05,2.641555890611674802e-05,2.630224641035688117e-05,2.507111663208063559e-05,2.514465200813097287e-05,2.368712188439167730e-05,2.446096791596241647e-05,2.515891108784877941e-05,2.622815821123165251e-05,2.679427491225487465e-05,2.687907974053023718e-05,2.783418837386168016e-05,2.810655863960066490e-05,2.879899135385306062e-05,2.846102241173435469e-05,3.027595218563319777e-05,2.948717025594441773e-05,2.902243395069898415e-05,2.950716225871515526e-05,2.859471974645041851e-05,2.975675435347711859e-05,2.937499885445484001e-05,3.012669739592338183e-05,2.993828233727334592e-05,2.954779584346530367e-05,3.070442779281393208e-05,3.054256972979909110e-05,3.140768178597233654e-05,3.003702762684899022e-05,3.069634183087634096e-05,3.040091530211612016e-05,3.080937572531752648e-05,3.154918906125016808e-05,3.016995943072181224e-05,3.092120090836977900e-05,3.045932744034920576e-05,3.063658700735886147e-05,3.118259523143729388e-05,3.136126775861777506e-05,3.051268449607466742e-05,3.170290379045892471e-05,3.074282934191495848e-05,3.140403572213895081e-05,3.247467406973477734e-05,3.189840368161597203e-05,3.049081401782339381e-05,3.166827241658004604e-05,3.170421795924933608e-05,3.161987374428074050e-05,3.191020219015267299e-05,3.154457428086730096e-05,3.247777570006012122e-05,3.129539920145279607e-05,3.123565872002457324e-05,3.106401162381657336e-05,3.141441262325801812e-05
2.722631787111702505e-05,2.794408139116271903e-05,2.729012829347910964e-05,2.704997989425580936e-05,2.586204207410705040e-05,2.587960982736494723e-05,2.444306817264756682e-05,2.516168727236756868e-05,2.584278108321919542e-05,2.693292477785828035e-05,2.753232156491229821e-05,2.774634300175326664e-05,2.866575868560439612e-05,2.884667242439197657e-05,2.964902036726620646e-05,2.924884924231934574e-05,3.132393173254791806e-05,3.018575711430504703e-05,2.963961050321410243e-05,3.042452699713781166e-05,2.940835511027564775e-05,3.051689285805607880e-05,3.010380621588694077e-05,3.087669524689763071e-05,3.074732661815216369e-05,3.032755569793546454e-05,3.148219657989674390e-05,3.141357604829228371e-05,3.207161246314293735e-05,3.079908196976899977e-05,3.155338290876621201e-05,3.119633746269899059e-05,3.140471069954480074e-05,3.223569116081468949e-05,3.117664452764916865e-05,3.166083751868107389e-05,3.131807820495093188e-05,3.136272167894971587e-05,3.199965353563605919e-05,3.211476696286290019e-05,3.112329153899490397e-05,3.247711434885820980e-05,3.144297460492629840e-05,3.221940324928063094e-05,3.318024155241887932e-05,3.249386460689335254e-05,3.121841298538641300e-05,3.170421795924933608e-05,3.338862098232210212e-05,3.228108407239388113e-05,3.256642690242149375e-05,3.232866598179218789e-05,3.331967666743079824e-05,3.225141404495295250e-05,3.212900387804102612e-05,3.176676984657329030e-05,3.211682067084824964e-05
2.703430198042476549e-05,2.787400375603543132e-05,2.728837423146062639e-05,2.713452863312651198e-05,2.575786962159908028e-05,2.581179931699564275e-05,2.432761156397483533e-05,2.509836094713900490e-05,2.583295784266370453e-05,2.688874759734579900e-05,2.746768235841727404e-05,2.751436225623945180e-05,2.853020585392135837e-05,2.892700428759512637e-05,2.960932652086199499e-05,2.930373713822280370e-05,3.114560618284457590e-05,3.013298723895585363e-05,2.968561667936782665e-05,3.031095030515487619e-05,2.924515895328779345e-05,3.045037736332435011e-05,2.990717990912726204e-05,3.082021997520235305e-05,3.058338642931395098e-05,3.023062859439117596e-05,3.148898023451196922e-05,3.121400795349311210e-05,3.202549591804774222e-05,3.063411589918183816e-05,3.139295294428532426e-05,3.116381783887494375e-05,3.141260693798078688e-05,3.207496286040684846e-05,3.076637764873374665e-05,3.151473810726238651e-05,3.116694573354608161e-05,3.119221493492003647e-05,3.168050762556545822e-05,3.207307223221834443e-05,3.107039188310823150e-05,3.236643499612459191e-05,3.130253304363563835e-05,3.211421125614805045e-05,3.308875497071848872e-05,3.253389619240628451e-05,3.111972278827200816e-05,3.161987374428074050e-05,3.228108407239388113e-05,3.291646831019667374e-05,3.226319220165513053e-05,3.215101911221363360e-05,3.294361924389080381e-05,3.204959659174253764e-05,3.192882098719406370e-05,3.167124430423450519e-05,3.213749021665328884e-05
2.728320572564552662e-05,2.791232104393439399e-05,2.731278255368020067e-05,2.713052685119974794e-05,2.583624935921836432e-05,2.589693275406368183e-05,2.451422446116167272e-05,2.521000387850609194e-05,2.591318100020432725e-05,2.696693546833154353e-05,2.766505051869177934e-05,2.763594739242536971e-05,2.879628362691392357e-05,2.880230489179450292e-05,2.969599765796999949e-05,2.927190695295466783e-05,3.119756653420257305e-05,3.024920478053268121e-05,2.977274467765604539e-05,3.033832216746709141e-05,2.950856293026655518e-05,3.065381452129657414e-05,3.022458878211100496e-05,3.098601658650624121e-05,3.084079424901502316e-05,3.036272939143950787e-05,3.159570599242769094e-05,3.155040293251060710e-05,3.221379155008869690e-05,3.072828600428758277e-05,3.164976770911677901e-05,3.135435178831790930e-05,3.153516853680465192e-05,3.240568985704288821e-05,3.102664599404218493e-05,3.191969997428399707e-05,3.147008809498858130e-05,3.143578320424311821e-05,3.195639449891032885e-05,3.237158429855407877e-05,3.149145903161865178e-05,3.266085517724239760e-05,3.153720134625091043e-05,3.222865744590545277e-05,3.329173033874013128e-05,3.282037615526929385e-05,3.131383892117352654e-05,3.191020219015267299e-05,3.256642690242149375e-05,3.226319220165513053e-05,3.345812233742047809e-05,3.240066435674806937e-05,3.320878555711737973e-05,3.234213262243027990e-05,3.211987800780132630e-05,3.180174277877888906e-05,3.229222894912746707e-05
2.734066470443604377e-05,2.786139416441644817e-05,2.715340834010337794e-05,2.706480608765392913e-05,2.575465583387845391e-05,2.571889384394417677e-05,2.424669989726156401e-05,2.510880803919647447e-05,2.581776424110871133e-05,2.689930244434194813e-05,2.743332184521827863e-05,2.752068395919017132e-05,2.855716995354983756e-05,2.897321292736179980e-05,2.969227682447450964e-05,2.915901942032422852e-05,3.119495795602982219e-05,3.031832817330146445e-05,2.979973310586549702e-05,3.029398018079362294e-05,2.940776252472450614e-05,3.055373632427652519e-05,3.006747230120136166e-05,3.087771383707242227e-05,3.058766371593233595e-05,3.026246477519867344e-05,3.149039569640928518e-05,3.125531948563481800e-05,3.205572943720205753e-05,3.074771657227513149e-05,3.146620241695772727e-05,3.125295419522055679e-05,3.149092120144705175e-05,3.223335077419079580e-05,3.092723119719347386e-05,3.146987761123428107e-05,3.123503689422091567e-05,3.126741039398447226e-05,3.176270474135968252e-05,3.209323455196950049e-05,3.108866570254659932e-05,3.234928075604586481e-05,3.142123692965715059e-05,3.182651824403221163e-05,3.318703390892087032e-05,3.255768700284834084e-05,3.125033636507510993e-05,3.154457428086730096e-05,3.232866598179218789e-05,3.215101911221363360e-05,3.240066435674806937e-05,3.309287320934710912e-05,3.296966206379546533e-05,3.215477956335994125e-05,3.198634833026674554e-05,3.160200528579154593e-05,3.220748955142927318e-05
2.746268770865080121e-05,2.823387865753243303e-05,2.744847747485323672e-05,2.717110106007590074e-05,2.602492925400073701e-05,2.606488993597246890e-05,2.456321562960726713e-05,2.528802880612159376e-05,2.605235276017655593e-05,2.711412357424329106e-05,2.782373531998099883e-05,2.801807977893420662e-05,2.894369626234486159e-05,2.923247341636469446e-05,2.989382860868152652e-05,2.968288430198369465e-05,3.167117856895190439e-05,3.063328104689781376e-05,3.018579069383584186e-05,3.085384957299643679e-05,2.999475174837648437e-05,3.095507585337072838e-05,3.057151366079802814e-05,3.146054096720825132e-05,3.137655409814160245e-05,3.079584338157552724e-05,3.213013443338027283e-05,3.183898667066058208e-05,3.267682121953581806e-05,3.139672662515245147e-05,3.194824573721743966e-05,3.172371764731888439e-05,3.205926599424470267e-05,3.279407342258343409e-05,3.168621766683089050e-05,3.222014913356395738e-05,3.186166995123446822e-05,3.193235014711869551e-05,3.257207298305744256e-05,3.252805477951142989e-05,3.178898078096948195e-05,3.296156935323041982e-05,3.192458640369125173e-05,3.308167652386530012e-05,3.389078981242938206e-05,3.329803709498029116e-05,3.182992750791885362e-05,3.247777570006012122e-05,3.331967666743079824e-05,3.294361924389080381e-05,3.320878555711737973e-05,3.296966206379546533e-05,3.497525206141913055e-05,3.278316050694668330e-05,3.267732373040450227e-05,3.224018066203082991e-05,3.287405601536437521e-05
2.725080941947913987e-05,2.792527655085508650e-05,2.728363795497849945e-05,2.711521799787572955e-05,2.589901247889764600e-05,2.602522545043033686e-05,2.439471723487518411e-05,2.505943123703016016e-05,2.605152479775341251e-05,2.701846054960897571e-05,2.734938750929728966e-05,2.749424927420764751e-05,2.868039305922389474e-05,2.884684810314399581e-05,2.959463844687003611e-05,2.918980305752339098e-05,3.106411540012969132e-05,3.021865458802049740e-05,2.958947197225106370e-05,3.028622064555617545e-05,2.929557788576231067e-05,3.038856294510999955e-05,3.005078595374097478e-05,3.089036925715293484e-05,3.055915806206920780e-05,3.008590069730013056e-05,3.141788323199887819e-05,3.139584937347877057e-05,3.212387235597575634e-05,3.056446351494190378e-05,3.126142226567180809e-05,3.117960857855210286e-05,3.147068806058867728e-05,3.216981818582095713e-05,3.073884406130571536e-05,3.159772645406504400e-05,3.127852153355766755e-05,3.127748145840161500e-05,3.165573135812746876e-05,3.204860419384472430e-05,3.108502534953741536e-05,3.236601602718897010e-05,3.125699127042570838e-05,3.182764687751004566e-05,3.310968841661258554e-05,3.235295417959250716e-05,3.108435506925249250e-05,3.129539920145279607e-05,3.225141404495295250e-05,3.204959659174253764e-05,3.234213262243027990e-05,3.215477956335994125e-05,3.278316050694668330e-05,3.279441612729590879e-05,3.193313261969087135e-05,3.154719562683614277e-05,3.199731078140790426e-05
2.674783892426706706e-05,2.735390575121651873e-05,2.672938508793906313e-05,2.660773087317609887e-05,2.546351564369909559e-05,2.561218490307390886e-05,2.400535775291660041e-05,2.482052313769628158e-05,2.547373804288119239e-05,2.649764843200394689e-05,2.705042143905234047e-05,2.703889943581087583e-05,2.814443642489163457e-05,2.837215115084490102e-05,2.923388980535393010e-05,2.872294395577476938e-05,3.070483170454826595e-05,2.967787145865795960e-05,2.930817695237114301e-05,2.975438947088168953e-05,2.885681545639936900e-05,3.011676788716886733e-05,2.958978994481092643e-05,3.049620612404862658e-05,3.025051958034271946e-05,2.992792958344786576e-05,3.094424689509066268e-05,3.096437502466143488e-05,3.172561797172065566e-05,3.024118551062365129e-05,3.091635658116190959e-05,3.099145103487341264e-05,3.110342619550819654e-05,3.194091076823198658e-05,3.055311959131152113e-05,3.125188186122241550e-05,3.085757345528205935e-05,3.088928942116605792e-05,3.138494036820924159e-05,3.162725592114660030e-05,3.079444301413606044e-05,3.209144900611034300e-05,3.123564766148356135e-05,3.182771986523919423e-05,3.285833383070745826e-05,3.238066175224640274e-05,3.094337771682154330e-05,3.123565872002457324e-05,3.212900387804102612e-05,3.192882098719406370e-05,3.211987800780132630e-05,3.198634833026674554e-05,3.267732373040450227e-05,3.193313261969087135e-05,3.279702894517568125e-05,3.155460203365649150e-05,3.197514616670293891e-05
2.670045119655255092e-05,2.735558380269194776e-05,2.672750425275763887e-05,2.678930770235586108e-05,2.546772463041410922e-05,2.552744833123544619e-05,2.389865196673887025e-05,2.455844758369578137e-05,2.546844101327337605e-05,2.657168378852105498e-05,2.704503221699547909e-05,2.701571690685681753e-05,2.816915628330697187e-05,2.847831620648494358e-05,2.910698226023803381e-05,2.882651012401449351e-05,3.047759051001597662e-05,2.968116863777417133e-05,2.911299132117777606e-05,2.983255020405704326e-05,2.864697703739243454e-05,3.003825483726130501e-05,2.952329783627253632e-05,3.025593713465880836e-05,3.013748392745482335e-05,2.970780222332302756e-05,3.086372426942295876e-05,3.081160080394452512e-05,3.160404346958589964e-05,3.015528843236441338e-05,3.078138268130284724e-05,3.063655114671649110e-05,3.098437578667739703e-05,3.167508047565144942e-05,3.005793248856979984e-05,3.101165494838641003e-05,3.061166500117144785e-05,3.071480517173046814e-05,3.111581751627876268e-05,3.148392345987875251e-05,3.068045174211865160e-05,3.180343414630667365e-05,3.086740889928860917e-05,3.128222871598688082e-05,3.256399232243612217e-05,3.205390239252627602e-05,3.056325116378805581e-05,3.106401162381657336e-05,3.176676984657329030e-05,3.167124430423450519e-05,3.180174277877888906e-05,3.160200528579154593e-05,3.224018066203082991e-05,3.154719562683614277e-05,3.155460203365649150e-05,3.208712014336641261e-05,3.157240531728681553e-05
2.687515264950399843e-05,2.739877152480646916e-05,2.673184943193168952e-05,2.660699067675228809e-05,2.543692606459087836e-05,2.549935344014268000e-05,2.391686217170080941e-05,2.472600728513211951e-05,2.546625403482860017e-05,2.645572840134088145e-05,2.706730806514265046e-05,2.712484919712571108e-05,2.828835478447571102e-05,2.840866584151973399e-05,2.925560703072931589e-05,2.886065895032147784e-05,3.077210024383119665e-05,2.976285590715604669e-05,2.932094669311409259e-05,2.999416994803970525e-05,2.897176261907736904e-05,3.010169154577813980e-05,2.971703912039915736e-05,3.064361963578086798e-05,3.023816313563388835e-05,2.995063725381538647e-05,3.110138847354511322e-05,3.101675611508268419e-05,3.183601068781399454e-05,3.038673602122392509e-05,3.115447069046881984e-05,3.094564582262189858e-05,3.123233128779475201e-05,3.201829087392299482e-05,3.070326076535633014e-05,3.131215371288250461e-05,3.103954708675619268e-05,3.110460003171933098e-05,3.163274293883397263e-05,3.183255247577389973e-05,3.085299352683879774e-05,3.219734675317201684e-05,3.125645837456971908e-05,3.189622260110857417e-05,3.293512314546960648e-05,3.251334140895762869e-05,3.103039052989684535e-05,3.141441262325801812e-05,3.211682067084824964e-05,3.213749021665328884e-05,3.229222894912746707e-05,3.220748955142927318e-05,3.287405601536437521e-05,3.199731078140790426e-05,3.197514616670293891e-05,3.157240531728681553e-05,3.265081559026458262e-05
