1438,1440,1442,1444,1446,1448,1450,1452,1454,1456,1458,1460
4.381293968749832549e-06,4.116482311332848576e-06,4.199275184299442610e-06,4.281452294139626986e-06,4.552448014874372339e-06,4.847351532815371177e-06,4.643311590450114138e-06,4.424049347295291653e-06,4.862816835972535732e-06,5.901891692134133722e-06,6.250664859821832697e-06,5.317956033231322810e-06
4.116482311332848576e-06,4.150341989287446191e-06,4.260813699925037660e-06,4.285841867572155560e-06,4.445469321852276962e-06,4.658006785129632108e-06,4.520402676007239509e-06,4.354977024428113641e-06,4.626490004923944637e-06,5.099318634513628999e-06,5.270882858110747947e-06,4.883198431533263169e-06
4.199275184299442610e-06,4.260813699925037660e-06,4.456297511032952948e-06,4.499422012909392656e-06,4.605942371739051375e-06,4.815108150503417080e-06,4.680530718840563476e-06,4.498208896756852376e-06,4.765538548367812215e-06,5.200013360910757301e-06,5.353900271913123039e-06,5.027741497648896084e-06
4.281452294139626986e-06,4.285841867572155560e-06,4.499422012909392656e-06,4.646112411368769024e-06,4.743792263111114417e-06,4.912827885126414622e-06,4.785945590963316795e-06,4.608030390265210346e-06,4.870021309753634931e-06,5.324810136509750103e-06,5.498964854028337467e-06,5.154067353264121782e-06
4.552448014874372339e-06,4.445469321852276962e-06,4.605942371739051375e-06,4.743792263111114417e-06,4.996063586540851027e-06,5.229328006415350449e-06,5.011101437113889718e-06,4.815443631441673547e-06,5.197713297580276513e-06,5.960327322305355519e-06,6.240445968717909859e-06,5.598031334482126041e-06
4.847351532815371177e-06,4.658006785129632108e-06,4.815108150503417080e-06,4.912827885126414622e-06,5.229328006415350449e-06,5.643534235652264538e-06,5.375815268772086796e-06,5.060589572612361791e-06,5.560447479488250244e-06,6.621533925101477271e-06,7.011104808388306332e-06,6.104751542953975261e-06
4.643311590450114138e-06,4.520402676007239509e-06,4.680530718840563476e-06,4.785945590963316795e-06,5.011101437113889718e-06,5.375815268772086796e-06,5.238451018391590842e-06,4.968641289293447277e-06,5.352872223735208252e-06,6.207998696406782528e-06,6.550208185272027094e-06,5.861670441324888761e-06
4.424049347295291653e-06,4.354977024428113641e-06,4.498208896756852376e-06,4.608030390265210346e-06,4.815443631441673547e-06,5.060589572612361791e-06,4.968641289293447277e-06,4.895021735287774681e-06,5.235751608757331865e-06,5.873263923936995312e-06,6.149416234220877567e-06,5.623101207540597005e-06
4.862816835972535732e-06,4.626490004923944637e-06,4.765538548367812215e-06,4.870021309753634931e-06,5.197713297580276513e-06,5.560447479488250244e-06,5.352872223735208252e-06,5.235751608757331865e-06,5.878204932975542667e-06,7.023578200431656129e-06,7.400171469511213658e-06,6.394794880015184988e-06
5.901891692134133722e-06,5.099318634513628999e-06,5.200013360910757301e-06,5.324810136509750103e-06,5.960327322305355519e-06,6.621533925101477271e-06,6.207998696406782528e-06,5.873263923936995312e-06,7.023578200431656129e-06,9.986365549292239153e-06,1.091504650638167689e-05,8.215866336572963835e-06
6.250664859821832697e-06,5.270882858110747947e-06,5.353900271913123039e-06,5.498964854028337467e-06,6.240445968717909859e-06,7.011104808388306332e-06,6.550208185272027094e-06,6.149416234220877567e-06,7.400171469511213658e-06,1.091504650638167689e-05,1.226067818215841214e-05,9.047118680104001412e-06
5.317956033231322810e-06,4.883198431533263169e-06,5.027741497648896084e-06,5.154067353264121782e-06,5.598031334482126041e-06,6.104751542953975261e-06,5.861670441324888761e-06,5.623101207540597005e-06,6.394794880015184988e-06,8.215866336572963835e-06,9.047118680104001412e-06,7.564717132559428485e-06
