occultation_name,occultation_datetime,latitude,longitude,beta_angle,date_added_to_ace_fts_level_2_v5_database
sr113423,2024-08-29 02:35:59+00,21.25,47.62,-48.94,2024-09-03
sr113422,2024-08-29 00:58:31+00,20.90,72.05,-49.09,2024-09-03
sr113421,2024-08-28 23:21:03+00,20.54,96.47,-49.21,2024-09-02
ss113090,2024-08-06 14:51:05+00,20.06,54.87,-44.14,2024-08-11
ss113089,2024-08-06 13:13:38+00,20.35,79.35,-43.99,2024-08-11
ss113075,2024-08-05 14:29:23+00,24.36,61.96,-41.82,2024-08-10
ss112505,2024-06-28 01:21:47+00,22.99,59.88,61.59,2024-07-03
ss112504,2024-06-27 23:44:34+00,22.28,84.55,61.78,2024-09-03
sr112218,2024-06-08 14:49:16+00,24.47,58.58,61.48,2024-06-13
sr108042,2023-08-31 02:27:14+00,23.04,49.57,-48.49,2023-09-19
sr108041,2023-08-31 00:49:42+00,22.69,74.01,-48.65,2023-09-19
sr108040,2023-08-30 23:12:10+00,22.35,98.45,-48.78,2023-09-19
ss107695,2023-08-07 15:33:14+00,22.65,45.18,-42.91,2023-09-19
ss107694,2023-08-07 13:55:43+00,22.93,69.67,-42.78,2023-09-19
ss107693,2023-08-07 12:18:12+00,23.22,94.16,-42.62,2023-09-19
ss107692,2023-08-07 10:40:41+00,23.50,118.65,-42.45,2023-09-19
sr102650,2022-08-31 03:00:32+00,21.54,41.53,-49.23,2023-09-19
sr102649,2022-08-31 01:22:57+00,21.19,65.99,-49.35,2023-09-19
sr102648,2022-08-30 23:45:22+00,20.83,90.45,-49.50,2023-09-19
sr102647,2022-08-30 22:07:46+00,20.46,114.90,-49.64,2023-09-19
ss102316,2022-08-08 12:58:06+00,20.15,82.95,-44.41,2024-04-10
ss102315,2022-08-08 11:20:32+00,20.45,107.45,-44.25,2023-09-19
ss102303,2022-08-07 15:49:46+00,23.93,41.46,-42.40,2023-09-19
ss102302,2022-08-07 14:12:12+00,24.21,65.96,-42.25,2023-09-19
ss102300,2022-08-07 10:57:05+00,24.77,114.96,-41.94,2023-09-19
ss101732,2022-06-29 23:59:53+00,24.64,79.61,61.25,2024-03-20
ss101731,2022-06-29 22:22:33+00,23.95,104.30,61.44,2024-03-22
sr101445,2022-06-10 12:55:46+00,22.07,85.86,61.84,2024-03-22
sr97271,2021-08-31 21:46:04+00,24.72,119.66,-47.92,2023-09-19
sr97258,2021-08-31 00:37:15+00,20.17,77.59,-49.74,2023-09-19
ss96927,2021-08-08 15:22:19+00,20.23,46.87,-44.45,2023-09-19
ss96926,2021-08-08 13:44:44+00,20.53,71.37,-44.29,2023-09-19
ss96925,2021-08-08 12:07:09+00,20.83,95.88,-44.16,2023-09-19
ss96912,2021-08-07 14:58:38+00,24.55,54.42,-42.14,2023-09-19
ss96911,2021-08-07 13:21:03+00,24.83,78.93,-41.97,2023-09-19
ss96343,2021-06-30 02:15:24+00,24.24,45.96,61.24,2023-09-19
ss96342,2021-06-30 00:38:03+00,23.56,70.65,61.44,2023-09-19
sr96055,2021-06-10 13:29:52+00,23.13,77.89,61.69,2024-03-25
sr91882,2020-08-31 23:26:25+00,24.74,94.60,-47.95,2023-09-19
sr91881,2020-08-31 21:48:49+00,24.40,119.06,-48.11,2023-09-19
ss91537,2020-08-08 15:23:38+00,20.32,46.53,-44.39,2023-09-19
ss91535,2020-08-08 12:08:28+00,20.91,95.54,-44.09,2023-09-19
ss91522,2020-08-07 14:59:53+00,24.64,54.10,-42.07,2023-09-19
ss91521,2020-08-07 13:22:18+00,24.91,78.60,-41.90,2023-09-19
ss90953,2020-06-30 02:14:20+00,23.63,46.57,61.35,2023-09-19
sr90666,2020-06-10 15:04:59+00,22.89,54.01,61.75,2023-09-19
sr90665,2020-06-10 13:27:38+00,23.60,78.71,61.57,2023-09-19
ss86147,2019-08-09 15:06:09+00,20.44,50.91,-44.36,2023-09-19
ss86146,2019-08-09 13:28:34+00,20.74,75.41,-44.19,2023-09-19
ss86132,2019-08-08 14:42:21+00,24.77,58.49,-42.01,2023-09-19
ss85563,2019-07-01 01:55:15+00,23.68,51.33,61.46,2023-09-19
ss85562,2019-07-01 00:17:54+00,22.98,76.03,61.64,2023-09-19
ss85561,2019-06-30 22:40:33+00,22.25,100.73,61.84,2023-09-19
sr85276,2019-06-11 14:45:06+00,22.73,58.93,61.65,2023-09-19
sr85275,2019-06-11 13:07:45+00,23.45,83.62,61.47,2023-09-19
ss80757,2018-08-09 14:33:25+00,20.77,59.16,-44.30,2023-09-19
ss80756,2018-08-09 12:55:49+00,21.07,83.67,-44.16,2023-09-19
ss80755,2018-08-09 11:18:13+00,21.36,108.17,-44.00,2023-09-19
ss80743,2018-08-08 15:47:09+00,24.81,42.25,-42.13,2023-09-19
ss80173,2018-07-01 01:20:54+00,23.65,59.95,61.55,2023-09-19
ss80171,2018-06-30 22:06:12+00,22.21,109.35,61.91,2023-09-19
sr79886,2018-06-11 14:09:51+00,22.90,67.83,61.57,2024-03-25
sr79885,2018-06-11 12:32:30+00,23.60,92.53,61.38,2023-09-19
ss75368,2017-08-09 15:19:52+00,20.71,47.49,-44.44,2023-09-19
ss75367,2017-08-09 13:42:16+00,21.01,71.99,-44.28,2023-09-19
ss75366,2017-08-09 12:04:40+00,21.31,96.50,-44.14,2023-09-19
ss74784,2017-07-01 02:04:44+00,23.77,48.95,61.42,2023-09-19
ss74782,2017-06-30 22:50:01+00,22.35,98.35,61.80,2024-03-25
sr74496,2017-06-11 13:15:01+00,23.54,81.89,61.51,2023-09-19
ss69979,2016-08-09 15:39:21+00,20.38,42.46,-44.58,2023-09-19
ss69977,2016-08-09 12:24:09+00,20.98,91.48,-44.28,2024-03-22
ss69976,2016-08-09 10:46:33+00,21.27,115.99,-44.13,2023-09-19
ss69964,2016-08-08 15:15:21+00,24.71,50.08,-42.26,2023-09-19
ss69963,2016-08-08 13:37:46+00,24.99,74.59,-42.09,2023-09-19
sr69108,2016-06-11 15:06:27+00,22.42,53.48,61.84,2023-09-19
sr69107,2016-06-11 13:29:06+00,23.14,78.18,61.66,2024-03-27
sr69106,2016-06-11 11:51:44+00,23.83,102.88,61.46,2023-09-19
ss64589,2015-08-10 13:32:38+00,20.23,74.07,-44.62,2024-03-22
ss64575,2015-08-09 14:46:02+00,24.31,57.23,-42.45,2023-09-19
ss64574,2015-08-09 13:08:26+00,24.59,81.74,-42.30,2023-09-19
ss64005,2015-07-02 00:05:36+00,24.36,78.46,61.24,2023-09-19
sr63719,2015-06-12 14:24:36+00,21.06,63.28,62.06,2023-09-19
sr63718,2015-06-12 12:47:14+00,21.82,88.00,61.85,2024-04-10
ss59187,2014-08-09 15:20:04+00,23.29,48.33,-43.05,2023-09-19
ss59185,2014-08-09 12:04:46+00,23.86,97.37,-42.75,2023-09-19
ss53803,2013-08-09 15:41:42+00,21.30,42.22,-44.11,2023-09-19
ss53802,2013-08-09 14:04:01+00,21.60,66.75,-43.97,2023-09-19
ss53801,2013-08-09 12:26:19+00,21.89,91.28,-43.80,2023-09-19
sr52932,2013-06-11 13:53:11+00,23.65,72.40,61.35,2023-09-19
sr48749,2012-08-31 23:27:06+00,21.40,95.00,-49.38,2023-09-19
sr48748,2012-08-31 21:49:22+00,21.04,119.49,-49.54,2023-09-19
ss48404,2012-08-08 14:41:28+00,22.90,57.94,-43.12,2023-09-19
ss48403,2012-08-08 13:03:45+00,23.19,82.47,-42.98,2023-09-19
sr43352,2011-08-31 23:42:49+00,20.33,91.20,-49.70,2023-09-19
ss43007,2011-08-08 14:48:26+00,23.58,56.56,-42.54,2023-09-19
ss43006,2011-08-08 13:10:42+00,23.86,81.10,-42.39,2023-09-19
sr37970,2010-08-31 22:36:27+00,24.86,107.02,-47.77,2023-09-19
sr37958,2010-08-31 03:03:17+00,20.71,40.98,-49.47,2023-09-19
ss37611,2010-08-07 14:50:12+00,23.99,56.39,-42.18,2023-09-19
ss37610,2010-08-07 13:12:27+00,24.27,80.94,-42.03,2023-09-19
ss37041,2010-06-29 22:55:30+00,24.23,95.90,61.21,2023-09-19
sr36755,2010-06-10 12:37:12+00,20.19,89.55,62.13,2023-09-19
sr32575,2009-08-30 23:43:56+00,24.70,90.11,-47.64,2023-09-19
sr32574,2009-08-30 22:06:10+00,24.36,114.61,-47.79,2023-09-19
sr32562,2009-08-30 02:32:57+00,20.19,48.61,-49.45,2023-09-19
ss32230,2009-08-07 14:44:38+00,20.13,56.42,-44.16,2023-09-19
ss32229,2009-08-07 13:06:53+00,20.43,80.96,-44.02,2023-09-19
ss32216,2009-08-06 15:56:10+00,24.17,40.08,-42.02,2023-09-19
ss32215,2009-08-06 14:18:25+00,24.45,64.63,-41.86,2023-09-19
ss32214,2009-08-06 12:40:40+00,24.73,89.18,-41.69,2023-09-19
sr31361,2009-06-09 15:17:24+00,20.09,49.39,62.24,2023-09-19
sr31360,2009-06-09 13:39:54+00,20.87,74.14,62.04,2023-09-19
sr31359,2009-06-09 12:02:25+00,21.63,98.89,61.86,2023-09-19
ss26835,2008-08-06 15:33:51+00,20.15,44.22,-44.00,2023-09-19
ss26834,2008-08-06 13:56:06+00,20.44,68.77,-43.86,2023-09-19
ss26833,2008-08-06 12:18:20+00,20.74,93.32,-43.70,2023-09-19
ss26820,2008-08-05 15:07:36+00,24.43,52.45,-41.71,2023-09-19
ss26819,2008-08-05 13:29:51+00,24.71,76.99,-41.54,2023-09-19
ss26251,2008-06-28 00:47:12+00,22.95,68.52,61.38,2024-03-25
sr21783,2007-08-29 21:52:53+00,23.71,117.91,-47.60,2023-09-19
ss21439,2007-08-06 14:29:43+00,20.25,60.40,-43.70,2023-09-19
ss21425,2007-08-05 15:41:10+00,24.24,44.10,-41.56,2023-09-19
ss21424,2007-08-05 14:03:25+00,24.51,68.65,-41.42,2023-09-19
ss20856,2007-06-28 01:18:53+00,22.60,60.73,61.42,2024-04-10
ss20855,2007-06-27 23:41:23+00,21.88,85.47,61.61,2024-03-20
sr16389,2006-08-28 23:45:42+00,24.27,89.54,-47.25,2023-09-19
ss16044,2006-08-05 14:43:13+00,20.14,57.09,-43.58,2023-09-19
ss16029,2006-08-04 14:16:51+00,24.41,65.38,-41.29,2023-09-19
ss16028,2006-08-04 12:39:05+00,24.69,89.93,-41.13,2023-09-19
ss15459,2006-06-26 22:14:38+00,21.45,107.32,61.81,2023-09-19
sr15175,2006-06-07 15:07:16+00,21.60,52.47,61.92,2023-09-19
sr15174,2006-06-07 13:29:46+00,22.37,77.22,61.74,2023-09-19
ss10649,2005-08-04 14:29:08+00,20.20,60.73,-43.46,2023-09-19
ss10647,2005-08-04 11:13:36+00,20.79,109.84,-43.18,2023-09-19
ss10633,2005-08-03 12:24:55+00,24.73,93.60,-41.03,2023-09-19
ss10066,2005-06-26 01:11:52+00,22.99,62.16,61.44,2024-03-20
ss10064,2005-06-25 21:56:49+00,21.55,111.65,61.82,2023-09-19
sr9779,2005-06-06 13:10:01+00,22.45,82.11,61.75,2023-09-19
sr5600,2004-08-27 00:13:20+00,24.64,82.41,-46.59,2023-09-19
sr5587,2004-08-26 03:02:01+00,20.26,41.09,-48.39,2023-09-19
ss5240,2004-08-02 14:38:01+00,24.02,60.16,-41.28,2023-09-19
ss5239,2004-08-02 13:00:14+00,24.29,84.71,-41.14,2023-09-19
ss5238,2004-08-02 11:22:28+00,24.56,109.27,-40.98,2023-09-19
