D300,,D500,
X,Y,X,Y
0.29286337824516695,0.01451055461548001,0.3830407626315072,0.009592135280586112
0.31387029086494017,0.045883667296045205,0.43616883858678196,0.02699577292713351
0.3363840165948366,0.0778970475823364,0.463424653822136,0.059080294058505345
0.3574043642064208,0.11172451941818395,0.4949485077239466,0.09240673108542774
0.3764642214716875,0.1450184349159267,0.6402896239081473,0.2922190063656537
0.3965405133285657,0.17831235041366933,0.6552467034794905,0.3667835046158068
0.417687444762153,0.21160626591141207,0.6495972862639128,0.33016248423831007
0.43616883858678196,0.2414854208452838,0.7238560964814863,0.5296058434219036
0.4515410160602579,0.2702974631029458,0.8183291261464837,0.5633266039901302
0.46745496502076095,0.29910950536060776,0.9904697766913264,0.5971083424255688
0.4839297794674764,0.32792154761826975,1.1570542435459938,0.646561392734487
0.5009852263416208,0.3573738574816575,1.3366912305773777,0.6693976040053746
0.5186417692433684,0.3861858997393195,1.5264911398497039,0.6990633364040044
0.5369205929846487,0.4149979419969815,1.7332067899418167,0.7321438293665052
0.5558436290072731,0.44445025186036935,1.9793088694318122,0.7665048575404576
0.5754335816968912,0.47326229411803133,2.273441874401535,0.7970242800800551
0.5957139556243435,0.5020743363756932,2.751674593647695,0.833458555739215
0.6167090837471009,0.5315266462390811,3.23308156075571,0.8616913082583632
0.6384441566046246,0.5917118011773083,3.8428234984574368,0.8848628977989167
0.6329396078745753,0.5590581532852914,4.718798086671837,0.8979197836156825
0.6495972862639128,0.6807089983731975,5.794451759680375,0.9022415899543319
0.6439965772901413,0.6461345476640031,6.997463477069429,0.9035221251657835
0.6439965772901413,0.617962773012067,8.521092175124668,0.9048026603772351
0.6609452525426767,0.7530592378202154,10.570813393182327,0.9060831955886868
0.6552467034794905,0.7127223786594886,12.916368431659851,0.9073637308001384
0.6842393690028462,0.797237702615297,15.782378068463295,0.9084613324099542
0.7591642906388669,0.8359098660011367,19.28432583924846,0.9101077348246777
0.910561470653644,0.8523007167077177,23.56331989140568,0.912485871645945
1.101649420866963,0.8666194286175861,28.791778822502682,0.9139493404590326
1.3328385678622154,0.8751175259299471,35.71754828318145,0.9153670758717112
1.612544439575872,0.8814037896952551,42.986544340417545,0.9176080124917516
1.950948623716503,0.8868751674169122,52.52481750011897,0.9188885477032032
2.3603693882584817,0.8904839484673668,64.17953561405078,0.9214496181261065
2.855710079343073,0.893743492641971,78.42031610344743,0.9252912237604615
3.4550016187417922,0.8978179228602261,95.82097967717688,0.9296816301997242
4.180058848359844,0.9006118178670297,117.08267197217171,0.9348037710455308
4.9063021135544895,0.9022415899543319,144.48491962422747,0.9401088454929734
6.118580489715149,0.9022415899543319,176.54464091560848,0.9450480527371439
7.630395834308025,0.9041623927715093,215.7180854381348,0.9505360607862224
9.76619489242577,0.9121366347700945,263.5837153920676,0.9562070024369368
11.815701953204195,0.9170259510320008,321.4731765263748,0.9637072801040107
14.295312983691254,0.9221480918778073,387.73570535921294,0.9708416905678128
17.295288431532793,0.9273866450155641,881.5757259793801,0.9967683710178532
20.924830556082945,0.9321595489855202,978.1091836807136,0.9995622660246568
25.316058505419115,0.9368160406635262,667.5996941346178,0.9912126537785588
30.62881759219261,0.9417053569254326,545.4741742859892,0.9841827768014059
37.0564978310109,0.9465946731873387,451.01766102521424,0.977152899824253
44.83307353822711,0.9521824632009459,0.6856919205780253,0.4938488576449911
54.24162024296853,0.9580030777984534,0.6695861340634239,0.4657293497363796
65.62461893391658,0.9640565169798612,0.6616756631181625,0.4288224956063269
79.39642272725125,0.9704591930371194,0.6538586462445917,0.3936731107205623
96.0583397555763,0.9762798076346269,0.608858157401463,0.24253075571177496
116.21688131083357,0.9815183607723836,0.5805918935400325,0.21089630931458692
140.60583949278944,0.9859420278664892,0.5470972302721654,0.17223198594024602
170.11299801270005,0.9893179843330436,0.5155348924120593,0.13356766256590502
205.81244845348624,0.9918790547559468,,
249.00368833225,0.9939744760110496,,
301.2589241757009,0.9947893620547006,,
364.48030149016154,0.9970011956017535,,
440.96914485720146,0.9970011956017535,,
533.5097285671557,0.9980489062293048,,
645.4706271296427,0.9995622660246568,,
770.8496164159949,0.9995622660246568,,
866.4396892621103,0.9995622660246568,,
