1544nm,,756,,449,
X,Y,X,Y,X,Y
94.27253262642742,0.007860051915502986,45.65150897226755,0.007860051915502986,28.981443719412738,0.007860051915502986
106.31202419793365,0.007860051915502986,59.63584148994019,0.011518752237736685,34.538132137031,0.009892663205633312
116.4992862969005,0.008691574716010564,73.12624614826899,0.026153553526673257,40.09482055464926,0.019547566833750807
126.6865483958673,0.010908968850698031,84.2704934747145,0.04688618868599992,45.65150897226755,0.032759540219596595
136.87381049483415,0.015343757120072965,95.89323341489941,0.07493622448979576,53.06042686242523,0.06019979263635289
146.5465644069845,0.02073325675299298,107.93272498640565,0.12219443698532029,58.61711528004349,0.08764004505310918
157.2483346927678,0.027539424860853146,120.07144313679794,0.17511492378906457,63.71074632952693,0.12066997851772232
167.4355967917346,0.03613182713276686,131.78017944535074,0.24445600608664453,68.34132001087548,0.15603741496598555
177.62285889070148,0.045001403671516726,140.57826943991302,0.2924256325337149,72.50883632408917,0.19155729726100912
187.8101209896683,0.05691989714546075,148.9133020663404,0.3567916567211675,76.21329526916801,0.22738207124955245
197.68867817654524,0.06985469626447038,158.82272974442628,0.4292203723594703,79.91775421424688,0.26625576217328994
208.18464518760197,0.08408297529538089,168.36171152800432,0.5048335123523096,83.15915579119087,0.30258868898436564
218.37190728656878,0.10099060557237216,177.31415397861156,0.5820727413772522,85.9375,0.3351104696264464
228.5591693855356,0.11956128145037948,185.03177678085916,0.6542304421768703,88.71584420880913,0.3706811672037231
238.74643148450247,0.14007217719623632,192.44069467101684,0.7343734016162848,91.49418841761826,0.40523555913593423
248.93369358346928,0.16280046707678242,197.81216014138118,0.7981393215180805,94.27253262642742,0.44283886800334127
259.1209556824361,0.18663745402467224,203.0910141381185,0.8656220163503994,97.05087683523655,0.4804421768707483
269.3082177814029,0.21324618364092007,209.57381729200654,0.9499753848907986,99.82922104404568,0.5170291800930897
279.49547988036977,0.24096361032451252,214.2043909733551,1.0256901554481441,102.60756525285481,0.5586977115407565
289.6827419793366,0.2697897340754487,219.2980220228385,1.1012016648764762,105.38590946166394,0.6013825486334881
299.8700040783034,0.30027890342740005,223.92859570418705,1.1768148048693163,108.16425367047307,0.6450836913712852
310.05726617727026,0.33243111838036654,228.5591693855356,1.2603551288936625,110.94259787928223,0.6948826679794724
320.2445282762371,0.36569203040067677,233.18974306688415,1.3304802184031503,113.25788471995651,0.7365511994271392
330.4317903752039,0.39923011668782316,237.82031674823276,1.402434658073756,115.11011419249593,0.7731382026494806
340.61905247417076,0.433599725775478,242.63611337683523,1.4810967150017902,116.96234366503535,0.8127741228070171
350.80631457313757,0.47074107753149086,248.47063621533442,1.5628076888650195,118.81457313757477,0.8524100429645545
360.9935766721044,0.508436777821176,254.18167708899767,1.6319164727294426,121.12985997824904,0.9001764082826114
371.1808387710712,0.5480726979787134,259.9147683135244,1.7021867487596545,122.51903208265361,0.9408286340852126
381.36810087003806,0.5902031865377726,266.9929309407286,1.7720396135427854,124.83431892332788,0.9880868465807371
391.5553629690049,0.6353825920320277,275.23535209352906,1.8530645810955964,126.6865483958673,1.0368695175438596
401.74262506797174,0.6844424372619864,283.5086437375385,1.9281695682659024,128.23007295631686,1.0851440356844488
411.92988716693856,0.736274025160303,289.6827419793366,1.993721282372598,130.20578439369223,1.1335201843895453
422.11714926590537,0.7933719241285031,296.16554513322455,2.0654434236100454,131.9345319013957,1.1877909058360183
432.3044113648722,0.8537959142987335,303.1114056552474,2.156330185583005,133.91024333877107,1.237793143573219
442.491673463839,0.9194862155388472,308.82244652891063,2.2416998597684685,135.94769575856444,1.2990763739706406
452.21587819467095,0.9853428213390618,313.0671390701468,2.318939088793412,137.49122031901396,1.3473508921112303
461.47702555736817,1.050284752058718,317.0031266992931,2.3837285736663087,139.46693175638933,1.3957270408163267
470.73817292006527,1.116751141245972,320.70758564437193,2.4500425170068025,141.04132680804787,1.4499977622627997
479.99932028276237,1.183522422126745,324.4120445894508,2.522454294217687,143.35661364872215,1.5003048916935193
489.26046764545947,1.2496839196204794,327.65344616639476,2.578097028284998,144.7457857531267,1.5445141872538488
498.5216150081566,1.3134062835660578,331.82096247960845,2.6517791875522136,146.59801522566613,1.5871990243465808
508.24581973898853,1.3776552786186245,337.3776508972267,2.7508689879460557,148.45024469820555,1.6298838614393123
518.4330818379553,1.4414053599908865,342.0082245785753,2.8181992369316147,150.30247417074497,1.6679953231292517
528.6203439369223,1.5001663045601017,349.417142468733,2.9180512665592553,152.1547036432844,1.7061067848191906
538.8076060358891,1.554492460859942,357.59782263911546,2.9968149540517963,154.46999048395867,1.747775316266858
548.9948681348559,1.604661003157244,365.1610929853181,3.064780394065521,157.2483346927678,1.7945253759398496
559.1821302338227,1.6523349770530218,375.6791103472384,3.119497564063219,160.02667890157693,1.8402591299677766
569.3693923327895,1.6980687310809488,385.53561718325176,3.1878804153240243,162.80502311038606,1.8859928839957036
579.5566544317563,1.7432481365752044,395.07459896682974,3.249468537414966,165.5833673191952,1.9286777210884352
589.7439165307231,1.7895362391368028,402.2718334886972,3.3246461178456346,168.36171152800432,1.9744114751163622
599.9311786296901,1.8388732586335967,407.29931348559,3.389108933046903,171.1400557368135,2.0221778404344195
610.1184407286569,1.8909820207987504,413.3190592713431,3.4653318564267814,173.45534257748778,2.0674034416398137
620.3057028276237,1.9489114425674576,418.8757476889614,3.54765261367705,175.3075720500272,2.105514903329753
630.4929649265905,2.010998478338704,424.3398246329526,3.6336320712495525,177.62285889070148,2.152264963002745
640.2171696574225,2.0762453007518795,430.0817359978249,3.70436694414608,179.4750883632409,2.195457952918009
649.4783170201196,2.142406798245614,435.0827555736813,3.7763213838166845,181.32731783578032,2.244240623881131
658.2764070146818,2.2091780791263873,441.0098898858074,3.8391290726817044,183.17954730831974,2.2922610656104547
666.6114396411093,2.27489917750726,448.31296609182016,3.8939224656027824,184.7230718687693,2.340281507339778
674.9464722675367,2.341636581533198,459.39326740076126,3.916571562835661,186.69878330614466,2.3945522287862513
683.2815048939641,2.408373985559136,475.8318039695487,3.915047104368063,188.736235725938,2.4576648093447906
692.0795948885263,2.477482769423559,486.0190660685155,3.9173337920694595,190.27976028638756,2.511020855710705
701.3407422512234,2.5469980755460075,497.94279329798803,3.9569697122269964,192.25547172376292,2.5677307107053347
711.0649469820554,2.61468403150734,505.83792142468724,4.011697771213749,193.9842192314664,2.6268796992481205
721.2522090810222,2.6800971584806175,513.8025081566068,4.081213077336198,195.95993066884176,2.6817602040816326
731.4394711799891,2.737472231715653,520.5499155208577,4.149595928597003,197.9973830886351,2.745025230486932
741.626733278956,2.7879179482797904,529.6622230152257,4.23022889254386,199.54090764908466,2.790504908103592
751.8139953779228,2.8317114824398657,540.9685404205184,4.258050259577516,201.70184203371394,2.845385412937105
762.0012574768896,2.869961531263223,551.4027664491572,4.215365422484783,203.0910141381185,2.8860376387397064
772.1885195758564,2.905717011685057,560.3728491804552,4.1556937624673935,204.943243610658,2.9287224758324384
782.3757816748232,2.9389779237053673,570.1797427270255,4.0800697334855,206.7954730831974,2.968358395989975
792.56304377379,2.97140731292517,584.9810407441933,3.9888744501560023,209.11075992387168,3.009010621792577
802.7503058727569,3.006608444813332,596.2267196846112,3.9722142969029717,211.8891041326808,3.053728070175439
812.9375679717238,3.044304145103017,608.7954196768429,4.018492500383612,214.66744834148994,3.087266156462585
823.1248300706906,3.086988982195749,617.2186537067246,4.074098937820743,217.90884991843393,3.122328701217329
833.3120921696574,3.1366031759593787,627.7146207177814,4.096022102450003,221.61330886351277,3.157391245972073
843.4993542686242,3.1917608550597274,636.2348762914628,4.062919575725027,225.3177678085916,3.19092933225922
853.686616367591,3.253847890830974,643.2733482871125,3.990355352667383,229.02222675367045,3.2298030231829573
863.410821098423,3.316544709989259,648.5522022838499,3.922669396706051,232.26362833061444,3.268168561284163
873.135025829255,3.383011099176513,653.6458333333333,3.85437365735768,235.04197253942357,3.310853398376895
882.859230560087,3.449477488363766,658.2764070146818,3.7877040070414134,237.35725938009784,3.3509974713569637
892.5834352909189,3.512174307522052,663.3700380641653,3.711277822532522,239.20948885263732,3.386060016111708
902.7706973898858,3.5725982976922825,668.9267264817836,3.637595663265306,241.06171832517674,3.4256959362692445
912.9579594888526,3.6252614083911077,675.1008247235816,3.5715357963360788,243.37700516585102,3.4734623015873014
923.1452215878194,3.6687777682843477,682.561193432421,3.500563785455703,245.22923463839044,3.518687902792696
933.3324836867862,3.702315854571494,693.1600620808409,3.4602503282014565,247.08146411092986,3.567470573755818
943.519745785753,3.726707190053055,703.3473241798077,3.477527524167562,248.93369358346928,3.6162532447189406
953.7070078847198,3.7433376460632104,716.6216353996737,3.532408029001074,250.7859230560087,3.665035915682062
963.8942699836866,3.7549789652703187,726.1143114464383,3.5026810888829214,252.32944761645825,3.705179988662132
974.0815320826537,3.7632941932753967,733.2917006525286,3.429615972328781,254.02732463295268,3.7519300483351237
984.2687941816205,3.7696692014126225,738.8483890701468,3.34703387934121,255.8795541054921,3.7946148854278556
993.9929989124523,3.7766262755102042,743.4789627514954,3.2708109559613323,257.7317835780315,3.831201888650197
,,747.6464790647091,3.203887229233799,260.0470704187058,3.869821503162669
,,751.8139953779228,3.1336096938775513,263.2884719956498,3.9135226459004655
,,756.4445690592713,3.053728070175439,267.91904567699834,3.9465525793650795
,,761.0751427406199,2.9799442803437164,273.47573409461666,3.9546830245256
,,765.7057164219684,2.9104289742212677,279.0324225122349,3.9455362737200144
,,771.2624048395867,2.8307215743440235,284.5891109298532,3.937405828559494
,,780.6779046583288,2.750360835123523,290.14579934747144,3.9460444265425467
,,790.8960372485046,2.7104200232724667,294.77637302882,3.9752632138381667
,,804.2938304332064,2.762048350041771,298.017774605764,4.01108798782671
,,811.8262302882,2.805546231650555,300.7961188145731,4.0507239079842465
,,820.9638956860612,2.784407074233202,303.57446302338224,4.096457662012174
,,827.2923463839043,2.7127575262561163,306.3528072321914,4.145240332975296
,,832.3859774333877,2.646392767633369,309.13115144100055,4.1930066982933525
,,837.4796084828711,2.568950277479413,311.9094956498097,4.232642618450889
,,842.5732395323545,2.483580603293949,316.0770119630234,4.267197010383101
,,847.203813213703,2.412845730397422,321.63370038064164,4.265672551915503
,,852.0196098423056,2.3433304242749733,326.2642740619902,4.2267988609917655
,,855.7703745241979,2.283876544038668,329.5056756389342,4.186908864422962
,,860.6324768896138,2.21375145452918,332.2840198477433,4.145240332975296
,,867.1152800435019,2.136004072681704,335.06236405655244,4.1045881071726935
,,875.9133700380642,2.067911594462346,337.84070826536157,4.065968492660222
,,889.8050910821098,2.0615233875505092,340.61905247417076,4.02938148943788
,,898.1401237085372,2.1342618344330213,343.86045405111474,3.993556715449338
,,906.4751563349646,2.201773566569485,348.4910277324633,3.9623053168635876
,,917.191626854657,2.1839156245204845,354.04771615008156,3.9623053168635876
,,924.4417822185972,2.117100787683494,358.6782898314301,3.993556715449338
,,931.8771605297909,2.0393098498798015,362.38274877650895,4.031668177139277
,,938.4261147362697,1.968313641245972,367.0133224578575,4.0730826321756775
,,944.9750689427485,1.8986241112986546,372.57001087547576,4.076639701933405
,,952.0400013594344,1.822575411743645,376.7375271886895,4.034463017663206
,,960.1898110386078,1.7453071454145568,379.0528140293638,3.994318944683137
,,968.392541559854,1.6943466766405808,380.9050435019032,3.957731941460795
,,979.4838680442267,1.678158379579902,382.7572729744426,3.916571562835661
,,987.5101957585644,1.7533649973147152,384.60950244698205,3.8738867257429286
,,992.1407694399129,1.8166300237200144,385.9986745513866,3.8296774301825995
,,996.0767570690591,1.879895050125313,388.3139613920609,3.782419217687075
,,,,389.70313349646545,3.7382099221267455
,,,,392.01842033713973,3.690951709631221
,,,,393.4075924415443,3.651315789473684
,,,,395.7228792822186,3.6055820354457575
,,,,397.57510875475805,3.5659461152882206
,,,,399.42733822729747,3.529359112065879
,,,,401.74262506797174,3.490739497553408
,,,,404.98402664491573,3.4478005840494093
,,,,409.6146003262643,3.417311414697458
,,,,415.17128874388254,3.4302693116720375
,,,,419.8018624252311,3.467618544128178
,,,,424.43243610657964,3.492263956021005
,,,,428.59995241979334,3.474478607232367
,,,,430.9152392604676,3.4424649794128177
,,,,432.76746873300704,3.4058779761904763
,,,,434.61969820554646,3.364717597565342
,,,,436.317575222041,3.3189838435374153
,,,,437.5523948704006,3.278331617734813
,,,,439.09591943085013,3.2397120032223414
,,,,440.3307390792097,3.19905977741974
,,,,441.87426363965926,3.159423857262203
,,,,443.4177882001087,3.1108952627103474
,,,,445.2700176726481,3.056014757876835
,,,,447.12224714518754,3.0034209407447188
,,,,448.97447661772696,2.9515893528464017
,,,,450.8267060902664,2.9028066818832796
,,,,452.6789355628058,2.8540240109201576
,,,,454.9942224034801,2.806765798424633
,,,,456.8464518760195,2.768654336734694
,,,,459.1617387166939,2.7244450411743646
,,,,462.4031402936379,2.679473516380236
,,,,467.0337139749864,2.653303646019811
,,,,471.664287656335,2.673375682509846
,,,,474.90568923327896,2.709200456498389
,,,,479.07320554649266,2.751377140768588
,,,,483.7037792278412,2.7526475228249194
,,,,486.48212343665034,2.718347207303974
,,,,488.33435290918976,2.6848091210168277
,,,,490.0322299256843,2.642124283924096
,,,,491.8844593982237,2.599439446831364
,,,,493.42798395867317,2.5552301512710347
,,,,495.2802134312126,2.5064474803079126
,,,,497.132442903752,2.4576648093447906
,,,,498.9846723762914,2.4088821383816685
,,,,500.83690184883085,2.3600994674185465
,,,,502.68913132137027,2.314873866213152
,,,,504.85006570599967,2.2640585839599
,,,,506.3935902664491,2.223406358157298
,,,,508.7088771071234,2.175639992839241
,,,,510.5611065796628,2.136004072681704
,,,,512.4133360522022,2.0994170694593626
,,,,514.2655655247416,2.065878983172216
,,,,516.5808523654159,2.0303082855949395
,,,,520.7483686786296,1.996770199307793
,,,,525.3789423599783,2.004138415234515
,,,,528.6203439369223,2.0465691759159808
,,,,530.9356307775965,2.0902703186537774
,,,,532.787860250136,2.126857321876119
,,,,535.5662044589451,2.1672554712674543
,,,,539.7337207721588,2.178688909774436
,,,,543.4381797172376,2.1380366839718343
,,,,545.7534665579119,2.10094152792696
,,,,548.0687533985862,2.058764843656761
,,,,550.8470976073953,2.010998478338704
,,,,553.6254418162044,1.9622158073755815
,,,,556.4037860250136,1.916482053347655
,,,,558.7190728656878,1.876846133190118
,,,,561.0343597063621,1.8372102130325811
,,,,563.8127039151713,1.7904601533595894
,,,,566.5910481239804,1.7437100936865972
,,,,569.3693923327895,1.7061067848191906
,,,,572.6107939097335,1.6702820108306478
,,,,577.241367591082,1.6542751969208735
,,,,581.4088839042957,1.6857806719178896
,,,,584.1872281131049,1.733547037235947
,,,,585.5764002175094,1.779280791263874
,,,,587.7064641109298,1.827453678839957
,,,,589.2808591625883,1.879895050125313
,,,,591.5961460032626,1.9246124985081754
,,,,595.7636623164764,1.937316319071488
,,,,600.3942359978249,1.8974263225026853
,,,,605.1174211528004,1.8591624149659864
,,,,610.5814980967917,1.831112379162191
,,,,615.6751291462751,1.7981840762620838
,,,,619.8426454594888,1.7594628311851057
,,,,624.0101617727025,1.7207415861081272
,,,,629.1037928221859,1.6923866586108125
,,,,633.7343665035345,1.705344555585392
,,,,636.5127107123436,1.7426937880415325
,,,,638.8279975530179,1.7876653128356605
,,,,640.3715221134674,1.8402591299677766
,,,,641.915046673917,1.888025495285834
,,,,643.1498663222766,1.942906000119346
,,,,644.847743338771,1.9927049767275329
,,,,648.5522022838499,2.0546996210765003
,,,,653.1827759651984,2.035389813820265
,,,,657.813349646547,2.009474019871106
,,,,663.3700380641653,2.03234089688507
,,,,668.9267264817836,2.0623219134144883
,,,,674.4834148994019,2.0511425513187733
,,,,680.0401033170201,2.0221778404344195
,,,,685.5967917346384,2.0135392424513663
,,,,689.7643080478521,2.04250395333572
,,,,692.5426522566612,2.084172484783387
,,,,694.0861768171106,2.126857321876119
,,,,695.6297013775603,2.1746236871941758
,,,,696.7101685698749,2.221373746867168
,,,,697.6362833061446,2.259485208557107
,,,,698.5623980424143,2.3006455871822413
,,,,699.6428652347289,2.345363035565103
,,,,702.8622164608093,2.4012598460436805
,,,,707.3604880369766,2.3758522049170545
,,,,711.5280043501903,2.3387570488721803
,,,,715.695520663404,2.359591314596014
,,,,718.4738648722131,2.3961783178183556
,,,,721.2522090810222,2.4388631549110875
,,,,725.4197253942359,2.4759583109559613
,,,,730.9764138118543,2.465287101682778
,,,,736.5331022294725,2.432765321040697
,,,,742.0897906470908,2.431749015395632
,,,,746.2573069603045,2.469352324263039
,,,,748.7269462570237,2.5140697726459003
,,,,750.2704708174732,2.5598035266738273
,,,,751.3509380097879,2.607061739169352
,,,,752.2770527460576,2.6482221177944862
,,,,753.2031674823273,2.690906954887218
,,,,754.2836346746419,2.7407059314954054
,,,,757.5029859007224,2.794134571121682
,,,,761.5382001087547,2.7457874597207304
,,,,762.9273722131593,2.707167845208259
,,,,767.094888526373,2.6710889948084495
,,,,771.2624048395867,2.7000537056928033
,,,,773.577691680261,2.7396896258503403
,,,,774.9668637846655,2.764080961331901
,,,,776.8190932572049,2.809814715359828
,,,,780.9866095704186,2.8443691072920396
,,,,785.1541258836323,2.826075605680869
,,,,788.3955274605763,2.789234526047261
,,,,793.0261011419249,2.7488363766559254
,,,,798.1197321914084,2.7427385427855353
,,,,802.7503058727569,2.7813581572980066
,,,,804.9112402573862,2.8179451605203485
,,,,805.9917074497009,2.861646303258145
,,,,806.9178221859706,2.8997577649480846
,,,,807.9982893782852,2.9388855322830887
,,,,808.9244041145549,2.9907171201814062
,,,,811.5483958673192,3.063637050214823
,,,,814.3267400761283,3.0156166084854994
,,,,815.252854812398,2.9775051467955604
,,,,816.1789695486677,2.9424426020408165
,,,,817.5681416530723,2.897471077246688
,,,,821.735657966286,2.843860954469507
,,,,825.9031742794997,2.853515858097625
,,,,828.218461120174,2.890611014142499
,,,,830.0706905927134,2.9317713927676334
,,,,831.9229200652528,2.972931771392768
,,,,835.6273790103317,3.0135839971953695
,,,,839.3318379554105,2.985127439133548
,,,,841.6471247960848,2.942950754863349
,,,,843.962411636759,2.901282223415682
,,,,846.2776984774333,2.865711525838406
,,,,850.445214790647,2.8270919113259336
,,,,856.0019032082653,2.819977771810479
,,,,859.8607146093892,2.8626626089032103
,,,,861.4042391698385,2.911445279866333
,,,,862.4847063621532,2.9622605621195848
,,,,864.7999932028276,3.0161247613080318
,,,,866.0348128511871,3.056776987110634
,,,,865.7261079390973,3.087266156462585
,,,,868.9675095160413,2.989700814536341
,,,,869.893624252311,2.943967060508414
,,,,870.8197389885808,2.8997577649480846
,,,,871.7458537248505,2.863170761725743
,,,,873.135025829255,2.823026688745674
,,,,877.3025421424687,2.773735864960019
,,,,881.9331158238173,2.7846611506444683
,,,,885.1745174007613,2.8392875790667143
,,,,886.7180419612108,2.8799398048693163
,,,,890.2681484502447,2.9327876984126986
,,,,893.9726073953235,2.898233306480487
,,,,895.3617794997281,2.8540240109201576
,,,,897.2140089722675,2.8052413399570355
,,,,899.5292958129418,2.761032044396706
,,,,901.844582653616,2.7224124298842347
,,,,905.08598423056,2.6825224333154316
,,,,909.7165579119087,2.6543199516648763
,,,,913.8840742251223,2.672613453276047
,,,,916.0450086097514,2.718347207303974
,,,,917.2798282581114,2.7681461839121613
,,,,920.3668773790102,2.823839733261726
,,,,919.8112085372486,2.869573487289653
,,,,922.8365166757296,2.7701787952022916
,,,,923.7626314119993,2.715298290368779
,,,,924.688746148269,2.6624503968253967
,,,,925.9235657966285,2.6192574069101324
,,,,927.1583854449882,2.5801296395751283
,,,,929.6280247417073,2.5354121911922665
,,,,933.7955410549212,2.4998414936149898
,,,,938.4261147362697,2.522454294217687
,,,,940.7414015769439,2.5674258190118153
,,,,942.2849261373935,2.61468403150734
,,,,946.1657878893809,2.6582399877244134
,,,,949.3851391154612,2.596390529896169
,,,,950.9286636759107,2.543796712764053
,,,,952.7808931484501,2.4947599653896644
,,,,955.5592373572592,2.4449609887814776
,,,,958.8006389342033,2.402784304511278
,,,,963.4312126155519,2.367721759756534
,,,,968.0617862969004,2.3692462182241316
,,,,970.6857780496646,2.418537042009786
,,,,972.9238886623164,2.473671623254565
,,,,974.3902369947434,2.5354121911922665
,,,,974.0815320826537,2.5740318057047378
,,,,976.8598762914628,2.4866295202291444
,,,,977.3229336595975,2.434797932330827
,,,,977.3229336595975,2.3982109291084854
,,,,978.2490483958672,2.357050550483351
,,,,979.175163132137,2.315890171858217
,,,,980.2556303244517,2.273205334765485
,,,,981.9535073409461,2.238142790010741
,,,,984.2687941816205,2.200031328320802
,,,,988.4363104948341,2.1639524779209927
,,,,992.6038268080479,2.172591075904046
,,,,995.382171016857,2.218324829931973
,,,,996.7713431212615,2.259485208557107
,,,,997.6974578575312,2.2930232948442533
,,,,998.1605152256661,2.3280858395989976
