Sigma105,,Sigma110,,Sigma120,,Sigma130,,Sigma140,,Sigma150,,Sigma160,,Sigma170,,Sigma180,,Sigma190,,Sigma200,
X,Y,X,Y,X,Y,X,Y,X,Y,X,Y,X,Y,X,Y,X,Y,X,Y,X,Y
0.09453005060556094,2.7634018129132922,0.0950247341786547,2.8657496842261683,0.09799283561721726,2.8765231443643655,0.10590777278671747,2.7634018129132922,0.10986524137146757,2.79437551081061,0.11233865923693638,2.872483096812542,0.12074827997953035,2.7921310399484853,0.125695115710468,2.802455605914258,0.12371638141809292,2.953284047849023,0.13262068573378064,2.8603629541570696,0.1355887871723432,2.8778698268816405
0.09799283561721726,2.537159150011145,0.09848751919031103,2.6725007429972507,0.10343435492124865,2.6957310164202393,0.11233865923693638,2.5896797681848573,0.11728549496787401,2.6058399583921537,0.12124296355262411,2.6512904933501744,0.13262068573378064,2.557359387770265,0.14152499004946836,2.531772419942046,0.14300904076874965,2.608869994056022,0.15784954796156253,2.485648543725388,0.16774321942343778,2.4361579612155433
0.10412691192357992,2.356973029199792,0.10293967134815489,2.504838769596552,0.10887587422528004,2.541199197562969,0.1187695456871553,2.432117913663719,0.1252004321373742,2.432117913663719,0.13113663501449935,2.4603982465264878,0.14548245863421846,2.351316962627238,0.15636549724228124,2.3068764395571737,0.16170807983169388,2.351316962627238,0.18258372661625064,2.205875250761572,0.2602490475919713,1.7426164648190798
0.11580144424859272,2.217995393417044,0.10788650707909252,2.3782506129727317,0.11382270995621767,2.3957574856973025,0.1252004321373742,2.2856661899100974,0.13361005287996816,2.2759027416598556,0.1410303064763746,2.2856661899100974,0.15784954796156253,2.1735548703469796,0.17318473872746917,2.118340887138717,0.18258372661625064,2.121034252173267,0.20731790527093877,1.989732706738985,0.2914141126968784,1.6018881417638753
0.1227270142719054,2.153354632587859,0.1133280263831239,2.274556059142581,0.11975891283334282,2.2637825990043834,0.13212600216068687,2.153354632587859,0.14201967362256213,2.135174418604651,0.15191334508443738,2.1301243591648706,0.17120600443509412,2.024073110929489,0.18901461306646955,1.962125715134854,0.2028657531130949,1.9459655249275576,0.23304145107181443,1.8220707333382864,0.3215898106555979,1.4948268816405377
0.1291579007221243,2.060433538895906,0.12233126741343038,2.1444665279738464,0.125695115710468,2.1439278549669365,0.1395462557570933,2.0294598409985882,0.15092397793824985,2.004882885058325,0.16279638369250016,1.994782766178765,0.18505714448171945,1.8894048592020207,0.206823221697845,1.824764098372836,0.2241371467561267,1.7978304480273422,0.2572809461534088,1.6806690690244444,0.3517655086143174,1.4069558473883645
0.13781486325126513,1.9513522549966562,0.12618979928356172,2.0786137528791144,0.13212600216068687,2.0321532060331373,0.14696650935349975,1.9170118508061518,0.15982828225393758,1.8877215060554273,0.1741741058736567,1.870551303960175,0.1989082845283448,1.7708967976818484,0.22512651390231422,1.7049093543353888,0.24392448967987718,1.6705689501448842,0.2844885426735657,1.5685577494613268,0.496213111957696,1.1403127089679765
0.14152499004946836,1.8826714466156473,0.13262068573378064,1.9836726354112488,0.1385568886109058,1.9257652871684374,0.15488144652299995,1.8106239319414517,0.16972195371581283,1.78066024593209,0.1855518280548132,1.7614700200609257,0.2305680332063456,1.571587785125195,0.24194575538750213,1.6059281893156994,0.26667993404219026,1.571587785125195,0.31021208847444137,1.4766466676573295,0.23056234718826407,1.9057507987220446
0.146471825780406,1.7910970354409685,0.1395462557570933,1.8735813396240433,0.1449877750611247,1.8281308046660225,0.16329106726559392,1.7102960844044874,0.17961562517768806,1.6816790809124005,0.19791891738215728,1.6645088788171483,0.2449138568260647,1.4897768222007577,0.2607437311650651,1.514017107511702,0.2884460112583158,1.4827067389850654,0.335935634275317,1.3958457166208482,0.19926650366748166,2.133386581469648
0.1504292943651561,1.6766290214726203,0.14911013817023938,1.7183761795081356,0.15191334508443738,1.731169663422245,0.17170068800818789,1.6210783676350395,0.19000398021265708,1.591788022884315,0.2107806902825951,1.571587785125195,0.2612384147381589,1.4153726131213311,0.2795417069426281,1.4382662159150008,0.3107067720475351,1.408369864031503,0.36165918007619263,1.3291849320157514,,
0.1543867629499062,1.5688944200906454,0.15636549724228124,1.5994192238155385,0.16012509239779385,1.6241084032989075,0.18060499232387558,1.5342173452708223,0.2122647410018764,1.4291761089233967,0.22364246318303294,1.4840534215023402,0.27706828907715925,1.3493851697748716,0.2988343662932848,1.3700343017064167,0.3334622164098482,1.339689055650494,0.46554273042588273,1.1413227208559324,,
0.16131233297321887,1.4261460732595288,0.16444532893614602,1.469913255070956,0.1688974810939899,1.52714726205513,0.19223005629157902,1.4342261683631767,0.2241371467561267,1.3594852886544317,0.23699891965656453,1.4140259306040566,0.29438221413544097,1.2918144921613788,0.3186217092170353,1.308984694256631,0.35621766077216127,1.2823203804145922,0.49027690908057087,1.1150624117690762,,
0.17456985273213171,1.3041366371944423,0.17338261215670667,1.369585407533992,0.17994541422641724,1.42075934319043,0.20352533121055325,1.3588119473957943,0.236009552510377,1.2948445278252467,0.25085005970318985,1.3493851697748716,0.31169613919372263,1.2376105208410726,0.33890373571387955,1.2534340404190503,0.4259680445783818,1.1453627684077565,,,,
0.20128276567919487,1.1150624117690762,0.18258372661625064,1.2867644327215988,0.19791891738215728,1.2695942306263464,0.2147381588673452,1.2887844564975108,0.24837664183772104,1.236263838323798,0.26569056689600273,1.2877744446095547,0.3299994313981919,1.1898032914778214,0.35918576221072385,1.2052901404264802,0.44872348894069486,1.1191024593209002,,,,
0.21300676636151702,1.025171353740991,0.2043498038323762,1.1231425068727243,0.21315517143344517,1.1619269633702354,0.22290043782339228,1.22818374322015,0.2628214021720589,1.1748551155360722,0.2805310740888156,1.230203766996062,0.34830272360266107,1.1500761572182183,0.40073918235059985,1.128529236941823,0.4719736168761017,1.0883980979270373,,,,
0.22364246318303294,0.9440337320751908,0.21820094387900155,1.0271913775169028,0.22463183032922046,1.0948621740099558,0.23279410928526753,1.1776831488223491,0.27459487121169046,1.1332426257522843,0.29804287257633477,1.1740471060257076,0.36710069938022405,1.1137157292518012,0.4220105759936317,1.0989022215617799,0.4957184283846023,1.0633498031057282,,,,
0.23403081821800195,0.8867997250910169,0.22858929891397056,0.9628872873170367,0.23683402513219995,1.030221413180771,0.24293512253368965,1.1302125900884166,0.2884460112583158,1.0898121145701758,0.31169613919372263,1.1393026970800206,0.38540399158469324,1.07870198380266,0.44377665320975723,1.0665818411471877,,,,,,
0.24540854039915846,0.828219035589568,0.2394723375220333,0.904979939074225,0.2477170637402627,0.9763541124897834,0.25480752828793996,1.07870198380266,0.3032865184511287,1.0473916152760232,0.3280206971058168,1.101932257225648,0.40519133450844375,1.0504216509398914,0.465048046852789,1.0423415558362432,,,,,,
0.25876499687269006,0.7777184411917673,0.25085005970318985,0.8564993684523365,0.2572809461534088,0.9373003194888176,0.26667993404219026,1.029211401292815,0.3181270256439416,1.0100211754216506,0.3448399385910047,1.0615317817074073,0.425473361005288,1.0221413180771228,0.48681412406891456,1.0181012705252988,,,,,,
0.27311082049240915,0.7326045768630656,0.26321714903053395,0.8066721153131731,0.26684482856655484,0.8995932090051264,0.2790470233695343,0.9871275726279811,0.33296753283675445,0.9756807712311462,0.36165918007619263,1.031231425068727,0.4452607039290385,0.9979010327661784,,,,,,,,
0.28894069483140955,0.6948974663793743,0.275584238357878,0.7625682628724273,0.2750895547847842,0.8686195111078088,0.2924034798430659,0.9463904264804217,0.3487974071757548,0.9453804145924658,0.3794677887075681,1.0009310684300465,0.465048046852789,0.9777007950070584,,,,,,,,
0.30378120202422243,0.6585370384129576,0.2884460112583158,0.7221677873541865,0.2874566441121283,0.8272090237016121,0.30526525274350375,0.9110400104019614,0.365121965087849,0.9171000817296973,0.3977710809120373,0.9736607474552343,0.48582475692272703,0.957500557247938,,,,,,,,
0.3181270256439416,0.6252066461104091,0.30130778415875364,0.6858073593877698,0.3003184170125661,0.7898385838472395,0.31961107636322283,0.8766996062114569,0.38194120657303693,0.8920517869083882,0.4160743731165065,0.948410450256334,0.21442542787286065,1.666134185303514,,,,,,,,
0.3309887985443794,0.5918762538078606,0.3146642406322852,0.6450702132402104,0.31318018991300395,0.756508191544691,0.333956899982942,0.8443792257968643,0.3987604480582248,0.870235530128538,0.4348723488940695,0.9292202243851695,,,,,,,,,,
0.34286120429862965,0.5555158258414443,0.3280206971058168,0.617126551006761,0.3265366463865355,0.7272178467939665,0.3487974071757548,0.8201389404859198,0.41706374026269405,0.8494292852366443,0.45465969181782,0.9080099747380932,,,,,,,,,,
0.3542389264797862,0.5319488817891371,0.3408824700062546,0.5878362062560365,0.34038778643316087,0.7005535329519277,0.3646272815147552,0.7948886432870195,0.43536703246716324,0.8338751021621218,0.4739523511684767,0.8928597964187528,,,,,,,,,,
0.36561664866094273,0.5070352552195554,0.35374424290669243,0.5646059328330484,0.35473361005287996,0.6777272642841221,0.3804571558537556,0.7726683817519873,0.4536703246716325,0.8201389404859198,0.49423437766532097,0.8766996062114569,,,,,,,,,,
0.3779837379882868,0.48616167620179773,0.3675953829533178,0.5403656475221039,0.36957411724569283,0.6555070027490895,0.39727639733894354,0.7544881677687791,0.4729629840222892,0.807210788320083,,,,,,,,,,,,
0.39084551088872466,0.47269485102905096,0.38144652299994314,0.5242054573148076,0.38540399158469324,0.6383368006538372,0.4140956388241315,0.7393379894494387,0.4927503269460397,0.7894345790920569,,,,,,,,,,,,
0.40519133450844375,0.4656247678133587,0.3952976630465685,0.5110753027713795,0.40123386592369364,0.6252066461104091,0.43190424745550693,0.7272178467939665,0.20073349633251833,1.5103833865814693,,,,,,,,,,,,
0.4343776653209757,0.45653466082175465,0.41013817023938137,0.49996517200386315,0.4180531074088816,0.612076491566981,0.4497128560868824,0.7161077160264506,,,,,,,,,,,,,,
0.465048046852789,0.45653466082175465,0.425473361005288,0.49289508878817134,0.4348723488940695,0.6050064083512887,0.4690055154375391,0.7056709265175716,,,,,,,,,,,,,,
0.48236197191107066,0.462594732149491,0.4417979189173822,0.48784502934839136,0.4531756410985387,0.5979363251355969,0.4882981747881958,0.6989375139311984,,,,,,,,,,,,,,
,,0.4586171604025701,0.4898650531243032,0.4714789333030079,0.5959163013596847,,,,,,,,,,,,,,,,
,,0.47741513618013304,0.49289508878817134,0.4912662762267584,0.5908662419199047,,,,,,,,,,,,,,,,
