occ,year,h,M_full,sM_full,chi2_full,nbin_full,cond_full,Af_full,Ac_full,M_std,sM_std,chi2_std,nbin_std,cond_std,Af_std,Ac_std,M_win2,sM_win2,chi2_win2,nbin_win2,cond_win2,Af_win2,Ac_win2,M_win01,sM_win01,chi2_win01,nbin_win01,cond_win01,Af_win01,Ac_win01
sr101445,2022.4440451745381,20.4,0.02159136098371442,0.022636244594209636,0.36237503498430984,213,71075243133.71445,45.7279145554856,1.6170100827319323,0.010037421066338308,0.021040022180638114,0.3701206945295136,213,4223782497.179284,-78.65649767201052,-1.6354903225701405,-0.08559874690506925,0.050467523483002194,0.2492686203621745,103,1063750135403.965,3241.5349378509254,105.11586582773688,-0.09211605626743465,0.05750575230050163,1.4370809261430304,15,2191812544721.159,2736.859628347121,98.15829045001418
sr102647,2022.6654688569472,20.7,0.05359203914170124,0.024166716864600854,0.26340889748004487,215,69280121516.23073,1125.72742871473,6.414638903841738,0.00890189954439539,0.022496306239942185,0.41087589861593055,215,4222984830.40482,-642.2698808345524,-0.8956740646375716,-0.041758531899374354,0.05437921394177256,0.22426805828382088,103,1063647403852.6627,1627.690377633417,62.73963437880517,-0.06356886511386695,0.06196392186316437,1.5400588716692436,15,2191828180970.8508,1712.152624519953,70.41721811602756
sr102648,2022.6654688569472,20.5,0.027792303906841568,0.023207717407344335,0.48129010126865657,214,70860440284.40164,528.0143844395042,4.324991005040604,0.0023232973581240176,0.0215601257661064,0.5195303109876138,214,4207499321.567432,-25.493754808591337,-1.4148945886209714,-0.13297369609546217,0.0517557693958093,0.34804592155438885,103,1063690956688.4597,5366.330030051012,119.02330264629256,-0.1388013294835037,0.05897424989226093,2.4360297602450416,15,2191821792862.509,4484.2936876738495,113.83624008233585
sr102649,2022.6682067077343,19.9,0.045654986790969354,0.020098872232697663,0.25771079453160817,214,70860432100.62679,31.357372217642254,-0.76924764362841,0.04182375654729842,0.01867198766747562,0.26237589466214056,214,4207499049.8912544,-374.7272310819936,-0.5439281802415966,-0.003883058115944186,0.04482258977067769,0.20237728925538553,103,1063667839476.6252,-216.53274144159403,37.78338283904316,-0.00967843004950969,0.05107340495184938,1.6395138103168276,15,2191747303283.9436,-346.6478315953152,37.5838983417821
sr108040,2023.6654688569472,20.9,0.07254971950294065,0.02568633638228251,0.26056670519211245,214,70860239383.90253,1246.625418426173,5.209404352453743,0.03268476723230493,0.0238627810310935,0.3715463578907109,214,4207498039.4833164,-497.6620853015937,-0.16055901075114756,-0.02776984716376724,0.05728324540447345,0.2015550383182044,103,1063666784624.3085,1329.0132345142586,59.1432583385217,-0.04673465543464988,0.06527267214423674,1.5452716142903602,15,2191828089819.3,1283.373288479105,63.459932841720786
sr108041,2023.6682067077343,19.8,0.03328494996595668,0.019639295836112076,0.27895825996264356,214,70860203917.58185,91.9605277295571,3.801402340665915,0.014425882552097665,0.018245039317233543,0.3087220899874881,214,4207497637.121762,-399.6174094182253,-0.6267888447296804,-0.045089567979878654,0.043797496354447796,0.36021245914730815,103,1063617891717.977,2383.522768448331,89.74275562842465,-0.07107118519296168,0.04990665205810047,2.339527442303221,15,2191929059563.455,2273.0995499037413,97.42260914107628
sr112218,2024.4385694729638,20.5,0.012273713677342628,0.02320771788964013,0.2669339019820446,214,70860582738.62961,-385.9583063901023,-1.1741869796235689,0.009720881732519475,0.021560125797900963,0.2648002419512138,214,4207499494.911822,-440.0970664824592,-1.7613518114042188,-0.02662927059535767,0.0517559066075123,0.22088489444677864,103,1063722538819.4968,603.6100899536199,44.33232092695174,-0.04224694051779948,0.058973592760723836,2.3137984629342228,15,2191759114326.4666,544.6468168069066,45.9579513509668
sr113421,2024.659993155373,20.6,0.03155515437565841,0.023781417330281114,0.3704978997938355,214,70860317940.58568,288.5556228069256,3.360071641732585,0.010890531603416796,0.022093097818994337,0.39746366985257525,214,4207497965.4884305,23.50237292655768,-2.0348570524228116,-0.10213863024253254,0.05303521744381892,0.2848074155285394,103,1063675311012.214,4022.061338816094,103.68821434284837,-0.11103204454902588,0.060431799995991915,1.9358963970539664,15,2191827157271.4119,3236.182672494879,95.85602873350828
sr113422,2024.6627310061601,20.3,0.01946812890879849,0.02208023692852648,0.5394572932025871,214,70860527560.40874,-456.4520025855035,-2.7329214639658512,0.029772786723939165,0.02051268855752976,0.5442452300181956,214,4207499315.745363,11.218664671131096,-1.2140195619653151,-0.10380927807352454,0.04924133531122388,0.32055193492094025,103,1063694869714.4519,4066.862069420226,90.40263047083411,-0.1128153072876802,0.0561083510740412,2.097397893321816,15,2191706905050.0647,3361.6792731178257,84.16421461795889
sr113423,2024.6627310061601,20.1,0.039997626016416744,0.021057230137558943,0.3596604828954932,214,70860303555.01447,830.7199357392506,4.146083245889617,0.00858134662521479,0.019562309481801154,0.44425594825404063,214,4207498321.972214,-400.78929219733857,-1.3410985668065418,-0.04719720795847236,0.04696015216600088,0.2861487635224177,103,1063728415701.1832,1939.1459135880375,70.90985182570967,-0.06198387320590403,0.05351012644794576,2.0095102051080542,15,2191950287309.426,1602.5147278859117,70.57000972876655
sr15174,2006.4358316221767,20.2,-0.003795607655102472,0.021556603512432833,0.2549052424437184,214,70860459050.09705,240.55884655989533,6.792368038711057,-0.03178573484951089,0.02002622992523445,0.32118049188701475,214,4207498986.32665,-119.64995805775851,-0.8185540894283315,-0.02437166824393877,0.04807338964898131,0.15196243594334008,103,1063643537064.3556,4118.12659052019,68.63343552727933,-0.04088055255207618,0.05477952392061085,0.6529403047114436,15,2191991394797.552,4005.847667950858,69.94201532393288
sr15175,2006.4358316221767,20.3,-0.009168892579945914,0.02208023621173797,0.3106280708268519,214,70860337811.97342,898.6041226961767,6.800626933822236,-0.04550522308041663,0.020512688515443408,0.4095501543801605,214,4207498582.3692317,266.6677766425742,-2.4039775438094253,-0.04257166394828404,0.04924143517853087,0.19078619873857244,103,1063683549354.451,4289.273744979304,56.05889948093731,-0.0503535609209316,0.05610868970117431,0.9280215975500167,15,2191803058129.6362,4052.3461387976204,52.539944767355145
sr16389,2006.659993155373,20.7,0.0020810882949153396,0.024384201815240227,0.20107510083521962,214,70860418116.02501,344.8144057461589,5.549439022077869,-0.02698572804736493,0.022653088320352465,0.25064827292257447,214,4207498405.270661,-221.22763951705846,-1.1617727256348407,-0.0265256888603366,0.054379068660785394,0.131774667984769,103,1063617338622.527,3107.4908960101216,68.83268483249897,-0.04401617393723088,0.06196328287853252,0.579375079031295,15,2191799699349.62,3080.9134958393984,70.55016253004605
sr21783,2007.6627310061601,21.0,0.008044468820291356,0.026390986235341907,0.2965075527612868,214,70860189896.61453,521.0204507249944,4.719139931166655,-0.016747542584438557,0.0245174054231166,0.324828713309512,214,4207498139.9966187,-36.72096687156802,-0.6196238004938941,-0.010603207802074004,0.05885450539043884,0.1537699391087599,103,1063634897265.6107,3610.198376844732,62.93493328780003,-0.028160740077613287,0.06706296947484545,0.687619415931605,15,2191786162730.0393,3589.3097427435305,67.73379429325692
sr31359,2009.4413073237508,20.7,-0.008236840569403884,0.024384201734583593,0.23587578019132438,214,70860367031.51344,-62.166710590102156,4.509204088471133,-0.023967358974790055,0.0226530883135488,0.2564367810665265,214,4207498309.951684,-74.05545208924796,-0.2715175121081526,-0.052700177071151925,0.054379064837636756,0.1622212684694425,103,1063623733583.2147,4095.1129975647177,82.86408238231284,-0.0642212026824531,0.06196249092645007,0.7192618390384549,15,2191665221143.4856,3649.264279752181,78.95581206518939
sr31360,2009.4413073237508,20.2,-0.0031122975745825547,0.021556603597495238,0.2747567554981952,214,70860460717.25963,521.278648557941,7.695232485415155,-0.03588308888856493,0.020026229931574296,0.35913664696364006,214,4207499351.5100527,-52.612591472669095,-0.690489920743155,-0.057320259017269656,0.04807321863376858,0.19253603244740333,103,1063614000684.6771,4896.453894735891,89.69725337021914,-0.06422773330978164,0.05477936554329769,0.9218355561954323,15,2191981305466.5588,4658.60822310365,84.02824972184413
sr31361,2009.4413073237508,20.3,0.005458926433252963,0.02208023653440953,0.20795377280948618,214,70860454126.6036,614.3902828747019,3.326553280964171,-0.01653056457982194,0.020512688554989836,0.24961407590407905,214,4207499332.750055,-344.6483989957429,-0.03918157782497191,-0.0029811351860562583,0.0492414993593633,0.21547702102704955,103,1063726470252.5513,3160.410862819622,54.221076263591485,-0.016735357784405016,0.056108980667350726,1.0338642343935938,15,2191840653967.4036,3230.435504497789,56.32670563460789
sr32562,2009.6654688569472,21.4,-0.008612697845931853,0.029467241651901118,0.2699231972218375,214,70860093035.24806,-71.4403359345884,2.9439959952497947,-0.021361155427689734,0.027375267775036977,0.2768722300564431,214,4207497717.1845756,-111.4983810528317,-0.6010565911661832,-0.027079998446030363,0.06571466826112896,0.12445065591908033,103,1063608488705.2699,3223.7721246557494,47.89008130143213,-0.03702274495333624,0.07487989941994629,0.49136464330205226,15,2191754821680.9307,3205.2297795880622,53.54794207004252
sr32574,2009.6654688569472,21.2,0.009588857696417138,0.02784440616420948,0.22326476279434374,214,70860326787.66713,-192.6330466473583,-0.05019681753463341,0.013325726523277454,0.025867641758115612,0.22332565772471785,214,4207498355.5875044,-288.4719689455539,1.403573626085095,-0.025808775932652763,0.06209581630912196,0.13822803257874705,103,1063644746566.8939,3649.1589311596235,83.65868361034642,-0.032408117621505625,0.07075616650361312,0.6190789433998322,15,2191795261814.2258,3525.326976845351,81.79701008081291
sr32575,2009.6654688569472,20.8,-0.018347051278363953,0.02501833728002155,0.40865101556499017,214,70860284755.61105,814.0039836244824,5.4697065176591915,-0.0471441083759395,0.023242205014979065,0.45160289469841347,214,4207498058.069516,161.20867314948688,-0.9130978049573951,-0.09177050775742192,0.055793217929315145,0.25110033071497956,103,1063610238611.1517,6463.159850271739,83.37215126674293,-0.09545085815551033,0.06357544739795166,1.3975180281642479,15,2191812280475.267,5854.832929715997,79.96091409329165
sr36755,2010.4440451745381,20.6,-0.021180626433061008,0.023781418749515233,0.44200863983915906,214,70860525971.45425,-804.282799857943,-1.8779108905656479,-0.005966899771978557,0.022093097932156223,0.4526270523094127,214,4207499015.555823,-314.7849560709684,1.009377996874935,-0.08362352977210928,0.05303485188719102,0.16477978896718434,103,1063636763110.5137,5617.938968912946,101.54071719149334,-0.0966218528989198,0.06043134042050846,1.0469938634567972,15,2191691308459.6682,5258.199093697844,97.45412310690392
sr37958,2010.6682067077343,21.2,0.006385589644788993,0.02759605876808986,0.2459528349915774,215,69279970366.6826,596.093205932223,1.435272603326657,-0.010816845757866537,0.0256886116604278,0.27064209921537713,215,4222984517.286028,-365.82157506485134,-0.40425932041263996,0.0007919644381685937,0.06209579173049708,0.11632744594047634,103,1063643939947.804,1869.9259807309616,23.04961950153085,-0.006442507393774175,0.07075620127031519,0.5175358636891522,15,2191784041310.7405,1950.0583185200612,28.920126457861294
sr37970,2010.6682067077343,20.6,0.029080488466224578,0.023781417967249644,0.26382195163467853,214,70860433335.87627,1824.7993132060064,3.852727633139627,-0.009997062521444382,0.02209309785735126,0.4024990756072847,214,4207498671.3214083,-136.95720364433006,-1.1460093085222258,0.02407439779099166,0.053035453202004416,0.17321193411705937,103,1063729927544.3138,1900.9064883582846,6.158017895092069,0.027197645920223796,0.06043151738835482,0.925468099751366,15,2191753455118.5012,2094.5974823267948,10.07949882856582
sr43352,2011.6682067077343,20.5,0.005950055681176732,0.023207718060807833,0.18938814975786872,214,70860638100.9599,-129.86325927301203,0.24153652232565792,0.004128253910959033,0.02156012582437746,0.18905244314253297,214,4207499816.8015327,-326.894541212216,0.40494011379229333,-0.023490200197201317,0.0517558019575271,0.15244827661395555,103,1063697613375.4136,2850.6799168629987,53.7838887001318,-0.026091096305685936,0.05897393286365389,0.8192477172074591,15,2191702302819.2944,2537.3306667826587,49.77862724026379
sr48748,2012.6682067077343,20.1,0.004701811059463373,0.021057230134317147,0.3287928254803603,214,70860271765.74663,913.361956389589,3.5049861178674355,-0.019403239947690255,0.019562309481994427,0.3734666854205821,214,4207497989.4647684,95.9907881615835,-1.2131386281470429,-0.057574976507170986,0.04696001373130552,0.2480515895209536,103,1063700404385.9941,4876.959876462219,81.0109022227903,-0.05793207037335349,0.05350934610501904,1.019519108865353,15,2191881238027.274,4492.973183759924,73.63605490974365
sr48749,2012.6682067077343,20.5,-0.009300339364060476,0.023207717784683397,0.5141958182553706,214,70860564658.76562,716.1466404452738,3.4205632761774463,-0.02833596653398249,0.021560125812055807,0.5328749066467251,214,4207499433.6083345,213.83541888426643,-0.6029403072613136,-0.09393736043440909,0.05175543071375918,0.34844714894785667,103,1063613950658.3079,6945.6275753480695,95.22103281314563,-0.09571306538590786,0.058974143805691034,1.7756674527723075,15,2191843948495.6018,6294.348242698754,91.23101431909082
sr52932,2013.4467830253252,20.5,-0.01455231767730547,0.023214179038424584,0.4863254658251048,213,71074967189.86409,298.03223865457295,1.9673120986045602,-0.024505707692910925,0.021577204255617974,0.4886268870685692,213,4223781299.4569945,127.46396930497801,-0.5348528215679745,-0.06107725421198331,0.051755475271664846,0.2295696416470223,103,1063634349765.9034,5243.720445115798,69.07350314621544,-0.08036222806843693,0.05897375084721999,1.235776004047483,15,2191765620594.3118,5098.074484855486,69.43523368902518
sr5587,2004.6545174537987,19.8,-0.0034914960911193622,0.01963929617423971,0.18207996028553722,214,70860235844.55222,-343.1796554909547,-1.9618365891295755,0.006119369409209748,0.018245039337940507,0.18903819502731561,214,4207497863.5687504,-136.87812205757407,0.5341454375737418,-0.024265004625962795,0.04379765227311017,0.2254466536267455,103,1063655974661.9458,3657.4757435430865,69.02423494954569,-0.03533758173299983,0.04990687868971483,0.6719386822272172,15,2191898652383.947,3667.745178072019,69.98764468038281
sr5600,2004.6572553045858,20.0,0.006712496337520223,0.02058046966188785,0.276745688654026,214,70860075224.61107,642.9280243941424,3.5606881894607834,-0.015780111281708416,0.019119396415966623,0.3160812186971022,214,4207497582.5315185,-3.695708752086152,-1.3857501794821494,-0.011149761992144723,0.04589663437333484,0.21288784314796555,103,1063660310636.0615,3260.251338754101,60.634734717060354,-0.02926012034267136,0.05229769241391856,0.8895124207354799,15,2191798199994.319,3385.557711016268,64.14968880678738
sr63718,2015.4495208761123,20.3,-0.015979104968004667,0.02228104657701543,0.2786727014765891,213,72486269714.28833,-40.297759050301515,2.4492357051351554,-0.026671249567404104,0.020649842531161516,0.28780498905841156,213,4197970056.175326,-88.89587169971401,-0.762743488354888,-0.05159230593384748,0.0492414993593633,0.21413587270127568,103,1063726470252.5513,3666.2697039994696,57.62548432864792,-0.07260495921245307,0.056108980667350726,1.0118036942612185,15,2191840653967.4036,3569.8207518337963,62.60924798999618
sr63719,2015.4495208761123,20.5,-0.019071753356114603,0.02321418047963105,0.30357783017688583,213,71014117244.31342,-697.2744076247575,-4.408672586833404,0.0007057989738297248,0.02157720438740744,0.32791574078443647,213,4220285399.3870406,-337.5750986870013,0.5233996685370589,-0.06757093030848363,0.05175556935803275,0.14532552130657855,103,1063655825411.7933,3655.671172356187,76.1481430590853,-0.08558017214544231,0.05897385065768038,0.5339376249125231,15,2191772409410.1575,3639.191310723013,79.16657721247859
sr69106,2016.4467830253252,20.4,0.012514452963378147,0.02262994326915212,0.29733698415884724,214,70860747890.60799,301.0111061502614,5.933574720846271,-0.01514300135978589,0.021023368848943198,0.35534944904960997,214,4207500079.144902,-48.78689874927306,-1.4482389945139333,-0.06682579840400589,0.050467240799401715,0.18211423149242376,103,1063696892766.9304,3909.463684020236,91.17509194021082,-0.08901562900067016,0.057505685775637035,0.907504233531334,15,2191794839461.9355,3839.4538088616464,98.63235250499784
sr69107,2016.4467830253252,20.5,-0.01991897264296031,0.02320771691599185,0.4718424089969354,214,70860433001.48903,-455.2194014208299,-5.550215963355967,0.0034838615841885196,0.021560125734576,0.5101247372160144,214,4207498558.926185,-193.96337825577663,0.8687118945194514,-0.07262590126664577,0.05175600035130345,0.18029544680999038,103,1063741812570.0988,4279.386999533747,72.38878914969492,-0.07247155791688836,0.05897359378734874,1.17933949800389,15,2191784617582.1199,3889.6716071719666,66.94233768599008
sr69108,2016.4467830253252,20.8,0.03726569476932349,0.02501833708480752,0.21895660515276422,214,70860172774.91228,680.6250237211049,1.6865009965191844,0.018300286711344902,0.023242204978954416,0.25078686696884306,214,4207497980.9464097,-316.1783867924445,-0.3608334361928403,0.009431489366127884,0.055793809369776924,0.1835839804396157,103,1063727427995.4327,1708.1116860455575,56.201230434493496,-0.0008008103314926899,0.06357487814677015,1.0363191885397067,15,2191830352842.4526,1788.327012634346,55.23509406373913
sr74496,2017.4467830253252,20.3,-0.0006351378598663739,0.02228649244603451,0.28333274560666843,212,72678718656.0352,672.3894635720719,4.211242511647525,-0.024315257615240594,0.020667695306922584,0.32616264931175726,212,4214715108.5440025,325.78923507171595,-2.066799733739616,-0.06922028172808654,0.04924137801703263,0.2033128866328439,103,1063702930103.7704,3359.1053694252732,66.51675961066547,-0.09498794640733509,0.056109398832144275,1.3365080585522413,15,2191841131826.3103,3365.200519097252,72.1427914347674
sr79885,2018.4467830253252,20.5,0.004648742937645874,0.023214179862355844,0.32141420941811205,213,71075110293.54454,206.2127780665749,1.9013941378446984,-0.007814083669606217,0.021577204302758744,0.32856155739878523,213,4223781760.4709096,-136.56831481210054,-0.726445577717375,-0.046805005479386694,0.0517556550981629,0.1653936877699593,103,1063669615235.0139,3427.322000566822,71.33249356719134,-0.05746939479584182,0.058973608461771666,1.137155972289763,15,2191782900876.5325,3363.164539728131,70.75064087283629
sr79886,2018.4467830253252,21.0,0.051650169851957424,0.02639098639302609,0.23084161962999727,214,70860297270.78807,363.9694986192273,2.9143758200112018,0.033126055541615115,0.02451740541206754,0.2501501274229143,214,4207497875.4437146,-386.5588938924645,0.24074224279769887,0.003196957558269051,0.0588544212902237,0.17030366177190326,103,1063624906827.6006,2129.7692439882426,59.59811437266622,-0.0200100153980968,0.06706314156343007,1.118742093623889,15,2191781858208.9175,2223.7583241114107,63.245048476179456
sr85275,2019.4467830253252,20.8,0.015888169512335647,0.025018337586459778,0.2942797162561926,214,70860322839.89885,-167.5796409125037,5.0408022998029045,-0.005645697663141997,0.023242205047817963,0.3292712341560192,214,4207498592.0772305,-237.32353269921987,-1.211077207132675,-0.06485603422822565,0.05579369837501807,0.16125226478812393,103,1063707486175.079,3220.3558070656654,87.93829758499089,-0.08322184354794603,0.06357569703206156,1.2732722304414426,15,2191919366007.783,2911.2931698448683,87.00223974082819
sr85276,2019.4467830253252,20.3,0.02294334684921663,0.02208023721047199,0.22016711520001678,214,70860529279.23265,316.10258754896074,5.5416198241375225,-0.004878762243801037,0.02051268861496359,0.27383004041452297,214,4207499493.340485,-400.3774598553904,-0.6605666352772213,-0.07754677785982401,0.04924141335133293,0.26392770221442086,103,1063694852832.3071,4017.457389990616,107.9415308133121,-0.09305354066416843,0.05610886106426771,1.7124522953505288,15,2191842066364.4995,3692.674526694115,105.13710100591489
sr90665,2020.4440451745381,20.9,-0.013101752806422845,0.025686338025294513,0.4138991219627935,214,70860410116.06198,-546.9813994409823,-1.003820710920108,-0.007846823145546182,0.023862781158242717,0.41302966983294226,214,4207499123.1480308,-227.69555199055495,-0.5805909568808908,-0.11229415123216989,0.05728285351013655,0.2263865356367347,103,1063588734313.2349,5060.502668992458,98.55488605670935,-0.11742463155275104,0.06527232735338492,1.2522042163016287,15,2191743233148.7966,4427.501578943376,92.75597056184229
sr90666,2020.4440451745381,20.6,0.04248904676988514,0.023781418553625765,0.31568114352171056,214,70860487872.214,-50.1006957602371,6.001333130368263,0.01896364557383391,0.022093097896964797,0.3580091218258258,214,4207499026.235224,-211.82009877727464,-0.6165849588813138,-0.05657699472892996,0.05303525527867147,0.16793587423173215,103,1063704284940.2991,3356.3340118741366,96.63174031989526,-0.08148133745742746,0.060431256515549064,1.2721605945079761,15,2191712092594.2935,3224.3368233994975,102.59677018270396
sr91881,2020.6682067077343,21.0,0.02874396582672091,0.026149633907290106,0.32669188500042257,216,69133087433.7717,734.5087925383419,4.7544520117209075,-0.003386156012650968,0.024326784312763913,0.3770796884066032,216,4206505335.2092323,41.72492823708606,-2.0223043065393496,-0.07146429608715299,0.05885464212146572,0.17666220210604275,103,1063639511379.1931,3119.1526775269954,75.23548013722962,-0.08585079658765252,0.06706304579029836,1.163362113970315,15,2191807976866.954,2898.972844606428,79.10942106873719
sr91882,2020.6682067077343,20.5,-0.02268953517084174,0.02299547510106807,1.0313661380559345,216,69133038097.78937,-324.85253974243415,-3.682907162656148,-0.012130631511995917,0.0213924971489747,1.0333064884968144,216,4206504922.486119,221.6423896439401,-2.253254486800418,-0.11429119304990105,0.05175555319186155,0.3823644113705998,103,1063646313364.89,5097.99563602741,80.52641570320297,-0.10840494691588323,0.05897424255982223,2.1897288578048864,15,2191919695552.7769,3974.303625878657,70.71481919252263
sr96055,2021.4440451745381,20.7,0.03258880671084859,0.024384202415418183,0.30812899471357486,214,70860482140.24677,-63.411418457424354,7.337294021105113,0.0014487057215945079,0.022653088384664188,0.375947653699411,214,4207498866.866185,-357.1431006303847,-1.0235140024005762,-0.06485636574470323,0.05437902467558804,0.1691597827039482,103,1063608722538.4662,3051.830025687121,96.00765058583482,-0.08720542886548219,0.06196384628411611,1.2124869942118477,15,2191772098513.098,2747.818928949203,96.12805257481222
sr97258,2021.6682067077343,20.1,0.034973230506968433,0.021057229704341388,0.38538786556624766,214,70860153428.8479,573.7984281663264,6.360439202168917,-0.0002681498432673871,0.019562309422930437,0.48858474487519826,214,4207497633.008133,-3.6235191048753492,-2.649753149552456,-0.10069545778460155,0.04695988923761078,0.32275560514016266,103,1063671454081.5168,4419.817554553653,106.94827388270573,-0.11710032037204253,0.05350946056139093,1.62889791786661,15,2191852452110.4983,4100.979941859525,109.93646066355473
sr9779,2005.4330937713896,20.7,-0.02641470793525059,0.024384201317001232,0.38695943523985243,214,70860274458.3526,-429.9975786953099,0.32296227975494,-0.024537429414216008,0.022653088294313988,0.410355164484221,214,4207497966.7124863,330.78687486410047,-1.9271264654195221,-0.04977724501931066,0.05437967399421416,0.1496952407420044,103,1063727177246.2444,3964.731633225778,61.48714333655955,-0.057513518423683074,0.06196325905658506,0.6449943436993442,15,2191804762580.3848,3763.934602072671,56.11886022381211
ss10064,2005.485112936345,20.6,-0.012171763972142972,0.023781418882866716,0.9824192305824373,214,70860539859.33206,-432.98412436916476,3.479821812657089,-0.015190550913506625,0.022093097944371382,0.9925895023528746,214,4207499411.089613,79.3922824648722,0.6354331107968966,-0.19659054339995652,0.053034809094662176,0.4631004484402977,103,1063624761955.24,9712.315758011642,173.24024298623561,-0.21094475084130446,0.06043085898876445,3.9394677635052693,15,2191694047644.1545,8460.008830942706,165.45294990434232
ss10066,2005.4878507871322,20.5,-0.016855830866211965,0.023000724201706752,0.36198179184511076,215,69279918306.1994,-103.7570527874459,3.5779133653854553,-0.03178910982112145,0.021410907923243412,0.376347499349923,215,4222984020.5072136,-246.56960174844775,-0.4955299086327877,-0.04606727710187738,0.0517559066075123,0.17216866891724827,103,1063722538819.4968,3982.2421307728177,69.04136889340383,-0.05884850215553627,0.058973592760723836,0.6248457366813037,15,2191759114326.4666,3845.1889943477436,70.94043313057846
ss101731,2022.4960643394936,20.5,0.03776810239576184,0.02320771691301748,0.2487776475207681,214,70860452298.46516,746.2267196545716,-1.041841928554905,0.01586575081757339,0.021704283158103906,0.2059874795430527,213,4197969161.408432,-293.57274828213775,-0.9606194544541238,-0.03186208805914572,0.0517556550981629,0.2090221287275642,103,1063669615235.0139,1919.570529699683,48.738072108712494,-0.032076080187207694,0.058973608461771666,1.4345495188780133,15,2191782900876.5325,1632.6483377353584,48.83656186172631
ss101732,2022.4960643394936,20.6,0.029828353475702736,0.023788043021659357,0.3661292926774305,213,71075509572.73222,45.35606607183672,-0.2858803596203192,0.026105854889201658,0.022110598832828923,0.36565049934657523,213,4223783488.9093275,-249.86235256748762,-0.35228909830758526,-0.07600311397969833,0.05303521744381892,0.18160736522233897,103,1063675311012.214,3066.103171141342,86.80621998529533,-0.08789445377169466,0.060431799995991915,1.3669978805795586,15,2191827157271.4119,2882.5400890961764,86.44852504811772
ss102300,2022.6024982888432,19.4,0.05399919086380823,0.017969614140561623,0.3124308817878336,214,70860041605.9018,622.01673896309,4.632486266536905,0.027739948133749658,0.016693894036675153,0.38682814681765926,214,4207497196.989251,-326.3439588839159,-1.0241168705604762,-0.015524906119557171,0.04007414465548362,0.2913923678577039,103,1063669027563.1255,843.0695704496994,68.64407586560206,-0.03234261835331419,0.04566357476441852,2.2270255954714675,15,2191882110026.5437,778.0533377354618,70.6119966470752
ss102302,2022.6024982888432,19.9,0.024444659266472133,0.020098871028804463,0.35002799057807615,214,70860318280.6865,112.21532720016128,0.6338501929695489,0.016478919775741577,0.01867198757223179,0.3523404244373794,214,4207497691.432765,-58.40872083064982,-1.3536259017215322,-0.07137906296195998,0.04482256722518422,0.2749822626723364,103,1063658770160.2134,3197.354494681456,92.67541862221549,-0.0879486540216439,0.051074271277703934,1.7041511210366622,15,2191775753490.3872,2974.1032949551504,92.85436600888238
ss10649,2005.5942847364818,20.2,0.0019749332200786496,0.021556603981108178,0.2895132012577422,214,70860565495.28568,-315.9351203928387,-1.745002602317607,0.01179375575746777,0.020026229955973814,0.2940149977221085,214,4207499109.2221985,-47.056745635035156,0.39811955553551115,-0.029849039058448205,0.048073597209741116,0.2049472069305129,103,1063669867184.798,3961.749967002548,77.08226673808836,-0.04153695892669001,0.054778424059853496,0.8287594146942164,15,2191811346370.5916,3821.59346859967,74.10938309586372
ss107692,2023.6024982888432,20.7,0.028934937426175155,0.024384201927471802,0.24365311161727565,214,70860318226.60841,38.99279972781301,0.5287769237723697,0.020627550751472656,0.022653088336778142,0.24774891640338886,214,4207498420.0791063,-375.3896738252505,-0.4224504135422461,-0.021432995930950577,0.054379355337974576,0.21494930779617852,103,1063661753889.8315,1013.3808863734012,47.28704118279127,-0.03589675460481145,0.061963055228675644,1.6958351606639748,15,2191721477558.0842,891.7693967240775,48.68789398221977
ss112504,2024.4905886379192,20.5,0.029096853161861946,0.023207717011064038,0.2629797360439594,214,70860364258.60829,-226.76326388620654,2.2935924360650275,0.017727924698860077,0.021560125738434237,0.2783609034697265,214,4207498555.60906,-115.94110920785293,-1.6650258895879129,-0.08438722482260522,0.05175556935803275,0.21618054889202393,103,1063655825411.7933,3329.78359948702,100.79612432971055,-0.09728422525968589,0.05897385065768038,1.3174363242408262,15,2191772409410.1575,3051.0420010688104,104.37644941830223
ss112505,2024.4933264887065,20.7,0.048670276399048557,0.024384202562565887,0.26365938650070847,214,70860470030.70958,318.84530296766155,0.08988721884697841,0.037212839551409936,0.02265308838723696,0.272151412328073,214,4207499108.3558755,-215.61119367673905,-1.38877461042982,-0.033395997364249204,0.054379267977525916,0.1801818446123054,103,1063649804489.2474,1403.31939473667,49.99016943448942,-0.043417469176023675,0.0619636633133598,1.4704042517470282,15,2191871972057.9722,1520.0388300637355,55.928273063103745
ss113089,2024.5997604380561,20.5,0.03366067508091292,0.022995474785115537,0.3813625718410251,216,69132943449.93114,633.3932727791097,2.1616003629437643,0.011432907223727706,0.021392497121326223,0.4125592733461986,216,4206504670.854902,-86.7206793832027,-2.157178955746018,-0.04087716767393417,0.05175573494178701,0.3082629884393123,103,1063679702866.5237,2060.9525821014813,59.50439902593224,-0.0534158320326719,0.05897388843215328,2.468431774116716,15,2191834940598.346,1840.7639272220188,57.159730090810434
ss15459,2006.4878507871322,20.7,-0.006905990415109301,0.024384202555037572,0.2491795613765777,214,70860487007.0408,950.016870113294,-0.9589866804863708,-0.017369105453935472,0.022653088409221867,0.29735563619103506,214,4207499026.1213994,-221.31436622283636,0.20257713371888353,0.005419203637278459,0.05437912038847739,0.2149781655912368,103,1063634211289.6448,2759.71916244845,11.319081687364246,0.0072661804479534926,0.061963188995337,1.0710236380649358,15,2191744953516.7295,2846.8670954580657,12.608687788608497
ss16029,2006.5942847364818,20.0,0.008143826077576702,0.02058047105838281,0.3254584640133408,214,70860452691.47362,273.6751564741627,5.463129177358085,-0.018836745147318416,0.019119396508326038,0.39151711691938335,214,4207498858.3265347,-92.94690378897947,-1.853109513213752,0.003877100927807528,0.045896677229309665,0.20785516376754873,103,1063688141757.3978,2648.7544891505,56.54041300333495,-0.0044872413093684175,0.052297679836745846,0.8665405132088233,15,2191780974398.7231,2904.836750472139,58.07492093872422
ss20855,2007.4905886379192,20.6,-0.010794988397612405,0.023781418157214955,0.20362624477911462,214,70860450542.09479,687.7503915401888,2.7199184800432095,-0.0357848767747313,0.02209309789136955,0.24966738985995635,214,4207498936.2621236,-357.13346648716026,-1.0420098436117586,-0.009337417919301259,0.053035305716289304,0.1339239255673569,103,1063702239103.8784,2327.576787479282,28.272241924508457,-0.013830418628715393,0.06043115830312577,0.5800320681026003,15,2191641714565.7495,2417.255207814704,31.332779919899544
ss20856,2007.4933264887065,20.6,0.00591695360992517,0.023781418553625765,0.2704243113386868,214,70860487872.214,197.6470480449215,3.1684674869630967,-0.011841046958317286,0.022093097896964797,0.2874154993849713,214,4207499026.235224,-241.5795381860491,-0.6480739948826062,-0.01883221519794649,0.05303525527867147,0.12530214929285824,103,1063704284940.2991,2396.9869353607105,36.54553923811242,-0.024514714822593337,0.060431256515549064,0.4861746522428784,15,2191712092594.2935,2377.3609678455086,39.40643576801642
ss21439,2007.5997604380561,20.7,0.01124540895434314,0.024384202415418183,0.21789161860762013,214,70860482140.24677,-144.7785074642403,1.4994495714982388,0.0033197166647877473,0.022653088384664188,0.21968597613398994,214,4207498866.866185,-288.7465652399357,-0.37125265925824463,-0.021223463157829914,0.05437902467558804,0.15762505697333554,103,1063608722538.4662,3138.1609091854216,60.15444330913787,-0.04017976726050165,0.06196384628411611,0.6649657904703287,15,2191772098513.098,3202.171521292052,62.916285313734136
ss26251,2008.4933264887065,20.3,-0.011016988517405494,0.02208023721047199,0.26898720135673027,214,70860529279.23265,496.7026005340316,7.234674444757066,-0.045123428436233126,0.02051268861496359,0.36193520446044414,214,4207499493.340485,28.0163758491005,-1.8911428520420233,-0.04547113132742091,0.04924141335133293,0.19073459314014352,103,1063694852832.3071,4718.446386186973,79.47892993143331,-0.05898735573416102,0.05610886106426771,0.8241870788308674,15,2191842066364.4995,4553.00902632202,79.13521151225011
ss26835,2008.5997604380561,20.6,0.020386653627374466,0.023781417663161216,0.2874210353519326,214,70860384443.4914,1036.2281304949238,8.485083077042288,-0.025089387747759304,0.02209309783697252,0.4134532940009874,214,4207498111.4261804,-62.84606904773802,-1.6033896320410044,-0.028276275627986902,0.05303551091668721,0.15853571216300216,103,1063763286007.8636,3247.307763620811,77.37144910951814,-0.036355762091604966,0.06043144263441987,0.590563613154761,15,2191748118372.481,3172.6186592240347,74.6055839861848
ss32214,2009.5997604380561,20.5,-0.029624926074403462,0.023424505738935196,0.2559954031376534,212,72678820375.51633,-291.19790798937845,-5.243246149327473,-0.012110936598055157,0.021723047625675104,0.27782436215000794,212,4214715719.4182467,-94.70771367124416,-0.43961677049346687,-0.058551325278000325,0.051755557874151745,0.22212743094013837,103,1063641091056.6333,4266.156173166495,65.7575944028173,-0.08908332912696364,0.058974401358785615,1.2571374445198054,15,2191854507156.3254,4352.286891376538,70.00842761120906
ss32216,2009.5997604380561,20.6,-0.008970475986467932,0.02378141904562438,0.253760446763736,214,70860628187.43333,241.79004873106624,3.4749111317661545,-0.030183328213979354,0.022093097951640623,0.2795408696119316,214,4207499820.7798977,-369.99431621022495,-0.7068364569711331,-0.00203527780112559,0.053035148011922544,0.1972667331294769,103,1063687056211.8074,2877.4070814572337,54.73391728791219,-0.015847559986981622,0.060431799699664966,0.7082072692677149,15,2191794133090.6992,2777.8393819950966,54.863851311397426
ss37041,2010.4960643394936,20.3,0.0018753469719902556,0.022080237212394778,0.30018574376056656,214,70860523892.56058,134.8905917596682,2.1087960370474854,-0.012034349075999224,0.020512688593360986,0.3177586251533173,214,4207499228.043123,-554.0395812860039,0.30790882225351357,-0.024168180085800427,0.049241273196755586,0.22881928057419965,103,1063666486466.1084,2979.4463478975495,69.58619686894473,-0.04137187069902995,0.05610896305833469,1.0222046574884445,15,2191815009993.2825,3195.779032583634,73.75756739170288
ss37611,2010.6024982888432,20.0,0.014456451330370655,0.02058047140906263,0.28846092385166805,214,70860514214.62549,229.88172092416664,4.634979599785809,-0.006691904372975793,0.019119396549632163,0.3252373880149885,214,4207498910.3630185,-152.71116383589472,-0.8085448554377899,-0.03783225375050755,0.04589655060425484,0.22148533725529126,103,1063650878833.1056,3900.5088592290713,86.29326373966359,-0.06235925472817057,0.05229721655231681,0.943705261062407,15,2191753508707.0974,3982.982709781339,93.32862166903921
ss43007,2011.6052361396303,21.0,-0.04165373467100839,0.026637510738095244,0.3806651340970818,212,72678660458.77704,-142.85806094687752,-7.945333903765214,-0.016957150563973553,0.024702674406828905,0.415595332370749,212,4214714919.0313177,86.78838554977423,-1.4854706692646598,-0.11039611804800831,0.05885427980475009,0.2972293583023291,103,1063594894547.8582,4857.176091195554,72.97593139111213,-0.1612930648254782,0.06706307352746883,1.8344415428500684,15,2191848011506.101,5016.527345735703,81.91553624932
ss48403,2012.6052361396303,20.2,0.011181648469570345,0.02155660351377501,0.2582781178430335,214,70860439502.92749,284.9427366634116,4.928960998354252,-0.01057414597195857,0.020026229924997353,0.29721937237152496,214,4207499101.860683,3.7896546192905656,-0.9490789510181243,-0.05496379477145869,0.048073683713644386,0.18192258797670005,103,1063721235362.5303,4590.805589052374,85.49619710263376,-0.07565235867805206,0.05477783099379303,0.7986183886158579,15,2191768779714.4907,4351.850535077005,89.41549980151916
ss5238,2004.5888090349076,20.3,0.0079028246569369,0.02208023721047199,0.24802659720454315,214,70860529279.23265,573.3539439317879,5.418121589718768,-0.019699108328832534,0.02051268861496359,0.30195877343106486,214,4207499493.340485,-318.67125678798766,-0.0613538043518766,-0.0151073547042187,0.04924141335133293,0.19938113179582784,103,1063694852832.3071,3660.7174378860936,68.33211953462205,-0.031079261602514615,0.05610886106426771,0.9258428982448047,15,2191842066364.4995,3620.7437244138614,67.88963383552448
ss5239,2004.5888090349076,20.0,-0.027736390992782328,0.020580470442020573,0.3109677672930751,214,70860282760.20857,-115.88428055216401,0.5358988882815094,-0.028548552944402283,0.019119396468907892,0.3180646489155597,214,4207498018.5935354,248.8117783161592,-1.083202834540533,-0.03056644049969885,0.045896690514951766,0.26494909477774914,103,1063687036108.043,4674.163320946674,58.49657661222749,-0.041074670854898215,0.052298102359729315,1.0200368880187316,15,2191838514510.4805,4467.887417183299,56.30687492017602
ss5240,2004.5888090349076,20.5,-0.009599330236045906,0.02320771690956137,0.23812250816236127,214,70860407148.84361,12.393942758752095,5.335391642262999,-0.03179822608189794,0.021560125734821876,0.28368341291706284,214,4207498679.476666,-41.31693056338045,-1.2562823762666187,-0.013262810095131755,0.0517558941313894,0.1918784308398585,103,1063725491300.5663,3394.290647048564,63.313054766096116,-0.028805287784593812,0.05897386438169326,0.7981271060553506,15,2191786988977.822,3293.6927063413473,63.79834770584636
ss59185,2014.6079739904173,20.9,-0.00469278197754104,0.025686336706567028,0.473679317655477,214,70860285755.54181,-837.6891479830148,-1.6698143920944706,0.008800716237690007,0.023862781053518363,0.4859796096943692,214,4207498112.7326818,-129.57186634013732,-0.3009710665009713,-0.02487090070220873,0.05728353287370144,0.14505563383397302,103,1063702262474.7235,2724.1211312567775,56.02350076863089,-0.03281891531637141,0.06527288480529794,0.6706494043039533,15,2191880705351.3767,2795.493143708298,58.28217944559104
ss59187,2014.6079739904173,20.0,-0.003413167231041746,0.020580469043793435,0.6047269099170435,214,70860040085.35385,290.6343949196042,6.800504366483348,-0.03049399408315972,0.019119396377182057,0.6797307174155152,214,4207497368.1062145,102.73735262269082,-1.2264939386168956,-0.1398876477234059,0.04589663631517114,0.3949032919990627,103,1063675343092.5543,6998.991378762089,136.9843192480463,-0.15209105238687057,0.05229849606850211,2.4052684245628213,15,2191944276625.9312,6125.552278495033,126.56511996351391
ss64005,2015.5054757015744,20.3,0.02801128050809142,0.02208023456977397,0.4173175584791125,214,70860069709.03165,960.3530613671262,8.11935937834694,-0.010992257949469049,0.020512688386885167,0.522848756246654,214,4207497297.035988,-86.1992854533703,-0.4922465982205007,-0.09280649085844903,0.049241433235406404,0.2997715195090525,103,1063707914674.4521,5875.952276173735,105.56548260897752,-0.0984486451979195,0.0561093242465549,1.5568351834722203,15,2191893456452.904,5291.671751744035,101.06074032576113
ss64574,2015.6079739904173,20.8,-0.0033455133554924463,0.02524586840758409,0.32613771476798314,213,72486117450.74313,291.0286264987832,-1.6293681794998292,-0.005334179277819422,0.023397609393012147,0.32748497338066,213,4197969330.5286365,-38.874846721559535,-0.8830930411328548,-0.08133995594936161,0.05579324259200502,0.21131062944998497,103,1063609728568.9257,4857.178099588212,74.78950873039751,-0.1164415133929835,0.06357429871401064,1.232272789217694,15,2191741653990.393,5130.9273301007,84.15674244940487
ss64575,2015.6079739904173,19.6,0.01405560359174512,0.0187804400483255,0.28362012019110877,214,70860296104.00746,-135.08681748377785,1.1177129823295489,0.008377132464837731,0.017447156149120402,0.28410850657927617,214,4207497785.1624975,-305.6615685462161,-0.17669209470643155,-0.007947854209518468,0.04188226385185751,0.20539348778320174,103,1063649493590.7328,2039.6606243411245,59.16365859933483,-0.01629856427387458,0.047723641896095216,1.2167922784013416,15,2191818878187.4883,2001.0643777528137,58.67287852743065
ss64589,2015.6107118412046,20.5,0.015067870389138675,0.023207717875695186,0.2844525176143254,214,70860583376.11818,280.60758994821754,2.5268329223399246,-0.0038362032516548656,0.021560125808608617,0.30546861440877127,214,4207499373.7157655,-126.17610089479362,-1.8942230582609492,-0.025108217919297782,0.05175548876527783,0.1860623949597712,103,1063632260854.1776,2709.187586158319,61.2029864863857,-0.03183635157518285,0.05897423358835352,1.0531366593085776,15,2191871820367.1328,2538.5659571086358,57.370568918983224
ss69979,2016.6079739904173,20.9,0.016599460892365896,0.02568633662292038,0.38017738386319155,214,70860249375.02278,714.2188473417375,4.62907364967385,-0.015059220804960955,0.023862781031734746,0.43003777040618874,214,4207497980.5524707,-20.79458476957729,-2.1411849999866157,-0.009170595038079515,0.05728310432445241,0.1842011144980533,103,1063641088378.0472,1686.555375506519,45.22508900345439,-0.02469979791209872,0.06527347805106233,1.1697829346060984,15,2191899399008.956,1775.6848214982583,48.73646151939987
ss74782,2017.4988021902807,20.5,0.01713083329094945,0.02320771848017002,0.34968573291464283,214,70860639559.8078,89.6847940559556,1.7798888495491088,0.007065880609808956,0.02156012585552683,0.3530834940173929,214,4207499863.8835945,-119.96407419247397,-0.568014287971164,-0.07558562108349244,0.05175540741229813,0.15252244728408212,103,1063620816926.2455,4561.846660469729,96.09616183572813,-0.09110709711011741,0.05897311382994034,1.0371687817008712,15,2191713958342.1045,4255.763255045377,94.41935294001061
ss74784,2017.502737850787,21.1,0.039813623683128394,0.027098221928011354,0.37792952647838457,214,70860388246.97403,984.6150542569316,5.095909988992019,0.0018912812565056434,0.02517443155008965,0.44845873514002776,214,4207498268.106892,-289.63333254399987,-1.3293710544011779,-0.01215731208628418,0.06043172654063867,0.157231155722823,103,1063635225078.3236,1310.8447336728466,32.88326883372495,-0.019555253472129566,0.06886057439518295,0.804864860481291,15,2191878202942.3997,1580.411855387936,41.23539413586616
ss75366,2017.6079739904173,19.9,-0.005421312183615055,0.020098872303926783,0.3966083393599021,214,70860489147.29451,69.49102036269794,1.759376946249985,-0.01543739415793228,0.018671987664593458,0.4081060807363385,214,4207499276.2633357,103.70940779700595,-1.628210515601398,-0.05466993109736975,0.04482260878281246,0.3087349996829591,103,1063665559740.4325,4090.4577757120705,68.66956814153944,-0.07995560324176514,0.05107498009464582,1.9939465323678998,15,2191906546508.7317,4154.577664000078,73.07015410861459
ss80171,2018.4988021902807,20.4,0.022479777189000454,0.022629942062417308,0.43536088303646164,214,70860498551.2764,-125.99145812614205,2.447126389250418,0.011549615854957276,0.021023368765159322,0.44087284774957747,214,4207498948.1611714,-253.01960500367022,-0.4915275535377242,-0.10349891353038758,0.050466970842963296,0.183866507824517,103,1063626781888.677,4054.3615208287038,90.11302791249362,-0.11342598752676918,0.05750573825133725,1.0269607974894235,15,2191786591527.7698,3707.3155853791254,92.60050896809427
ss80173,2018.502737850787,20.5,0.02708726635273751,0.023207717341745645,0.35365317511792466,214,70860450895.07831,203.77438906806603,1.2418473630082316,0.015380593422110183,0.021560125766052107,0.36278895358702345,214,4207499076.815759,-352.9503396964773,-0.336981351888073,-0.01336675749422054,0.051755728763338636,0.14823264225683083,103,1063661825079.7294,1515.923091942991,46.70586228784245,-0.022787768958593697,0.058973509484388245,0.9671591013197779,15,2191797672249.8894,1681.6959571832517,53.54529132175113
ss80756,2018.6079739904173,20.5,0.03492934061406382,0.023207718060807833,0.3189928351548804,214,70860638100.9599,636.176646073059,9.698177858946135,-0.010255762398629882,0.02156012582437746,0.4675297463382225,214,4207499816.8015327,24.817358434267568,-2.1422654835842865,-0.040914233394200875,0.0517558019575271,0.18048976886184787,103,1063697613375.4136,2831.2352850646657,87.83568471448453,-0.04980084874221783,0.05897393286365389,1.0925778306129037,15,2191702302819.2944,2637.805241927071,85.11190146186784
ss80757,2018.6079739904173,20.6,0.005630035809466021,0.023781419268200207,0.5117865608971676,214,70860624946.24173,511.97627293473965,5.371604177715685,-0.023612795343493715,0.022093097983831286,0.5640377485154262,214,4207500033.1596212,33.89127123753375,-1.758879669306769,-0.13384831423691457,0.053034840747007504,0.31442200336185344,103,1063613241499.4746,5736.120480311515,109.446899578989,-0.14355599722899365,0.06043153497080521,1.7912599274335783,15,2191782037626.8594,5004.06787907331,104.77025804241018
ss85561,2019.4988021902807,20.5,0.035621513566691285,0.02320771788964013,0.3254216974807263,214,70860582738.62961,403.52434731279374,6.84462039234406,0.0009661446761377784,0.021560125797900963,0.4128604373902921,214,4207499494.911822,-33.35602387141485,-2.2343099511247417,-0.06304065363606888,0.0517559066075123,0.15935869544590217,103,1063722538819.4968,2529.2336358166713,72.0469484101632,-0.07483582621798808,0.058973592760723836,0.9139802494298953,15,2191759114326.4666,2237.035749260043,73.60806469660508
ss85562,2019.502737850787,20.5,0.023749250419689304,0.023207717601117905,0.35552751720022246,214,70860491996.51988,811.2970133084928,4.773411612924559,-0.007150472620840119,0.02156012577883223,0.41651592351348243,214,4207499300.4056067,-186.24656402078094,-1.1094646333176552,-0.05300574975476423,0.0517554709815526,0.1991825367493563,103,1063632857602.1146,3121.5847541996645,54.50438228423237,-0.05546844963904751,0.058973685935097726,1.0897036646632423,15,2191786933373.7727,2942.819649062551,56.44908778437755
ss85563,2019.502737850787,20.7,0.02564251344670433,0.02438420245528858,0.20333503849365347,214,70860440371.65999,679.6712887179208,2.9287144498544238,-0.0026210985289260623,0.022653088382545865,0.26118573922721666,214,4207498958.6145673,-525.3021164687012,-1.2071848474637519,-0.0271921528327644,0.05437923228851546,0.22658378757570538,103,1063642386518.4825,1283.0610227003974,43.90903012834286,-0.04863005227666229,0.0619627779762518,1.6248973339882418,15,2191704535434.177,1436.8935952085474,54.99851814700347
ss86146,2019.6079739904173,20.9,0.0011395092481226,0.025686337705313096,0.28570491622683497,214,70860383071.79372,-459.19983623320695,-0.39218659964573943,0.0008849375610483321,0.023862781135995846,0.2841485624989455,214,4207498996.489724,-312.0777527839667,-1.0154107541794515,-0.05715699702423658,0.057282870493051245,0.16210218544357313,103,1063595959787.6542,2866.7688439855137,70.76066941308105,-0.06399651848925533,0.06527246348860852,1.001546740505398,15,2191870760194.0967,2667.7001075159137,68.49520417542233
ss86147,2019.6079739904173,21.2,0.007327040090083983,0.027589761235770303,0.21691634978639035,216,69133077849.66228,187.99341367803052,4.331978852911208,-0.02260022058868647,0.025666522595643497,0.25652313235266977,216,4206505598.3168736,-505.92377281007214,-1.6434235737323577,-0.05684855305121945,0.06209586366302282,0.16726978455407945,103,1063656124849.2153,2523.9862878688364,71.98699007603187,-0.07668846818481911,0.07075684549440062,1.1026981186113411,15,2191866696207.1833,2304.4145480124384,74.59452931785758
ss90953,2020.4988021902807,20.5,0.05320686874946613,0.023207717282565026,0.3022572744626609,214,70860441444.21088,851.6944775713151,4.186624973486782,0.02434523119322072,0.021560125761198007,0.36390134977529254,214,4207499224.913775,-327.96498261145314,-0.44283557791199574,-0.030302325003324176,0.051755925902734125,0.18911795493711261,103,1063721562199.6907,1748.5793170118807,59.74093078164423,-0.04230803990951678,0.05897377511156789,1.322268032778706,15,2191814694164.7024,1667.7344498136006,61.75499309378888
ss91522,2020.6024982888432,20.6,0.00959606577252397,0.023781418145804856,0.2515466245738416,214,70860346781.66322,-134.66681636326152,-2.8329261538602606,0.017148655249904766,0.022093097890697105,0.2625653396989977,214,4207498665.209793,-359.2495954559107,0.30659502979724457,-0.03332138784539655,0.05303537353812017,0.23049921408547897,103,1063731969246.759,2197.63150785831,58.08190613004867,-0.0551114818324249,0.06043225107616631,1.7043230380520578,15,2191822377391.7202,2219.3809707887267,63.05174394428147
ss96342,2021.4988021902807,20.8,0.025203110682904997,0.025018337183403766,0.36251681877292613,214,70860253943.50769,831.8850669851549,7.697324818493397,-0.017234411721730594,0.023242205030731156,0.47154461059611286,214,4207498064.507807,222.47031641369279,-2.953537737468384,-0.09641575266534448,0.05579331349060788,0.19719701459833847,103,1063611151398.242,4061.8497722510238,98.18254154864474,-0.11670711988178781,0.06357448079884559,1.2093365713485087,15,2191802384964.8618,3727.5074145775307,100.142418789628
ss96343,2021.4988021902807,20.2,0.04075106453960466,0.021556604240528462,0.31374119697239344,214,70860616023.40059,601.583046526496,3.0797912896778805,0.01307699212746951,0.02002622997317709,0.3791332669040577,214,4207499600.1784654,-551.3310725807706,-1.5004213123726062,-0.04195144580239971,0.048073391400098565,0.22172207142611505,103,1063651704328.47,869.8875054450582,71.38261577870361,-0.06658566156495362,0.05477833298025572,1.5102874393030696,15,2191803936561.7583,998.6068094466416,78.99980383152709
ss96911,2021.6024982888432,20.5,0.033595913020390805,0.023207717875695186,0.29741486026216335,214,70860583376.11818,254.72450062381617,1.5986616960373652,0.01705459702374772,0.021560125808608617,0.31244979308081267,214,4207499373.7157655,-212.79990036805285,-1.8550339587709048,-0.027928310493710598,0.05175548876527783,0.21933731785429067,103,1063632260854.1776,1440.3451327919563,67.06897793877106,-0.04264137525379075,0.05897423358835352,1.8457788413229703,15,2191871820367.1328,1457.6933796938747,67.80264327089719
ss96912,2021.6024982888432,20.0,0.044497210088010594,0.0205804708736921,0.3015851497289572,214,70860355251.55296,628.8366630705382,6.34813509057945,0.010401629674265719,0.019119396496919197,0.3959390866606611,214,4207498531.1003537,-177.55900396119344,-1.6577444036469449,-0.025118756005693323,0.04589674503463617,0.26504559901023117,103,1063697824958.9235,1839.599445195908,74.83949381262848,-0.03616102307716446,0.052298490091493934,1.9440604796099503,15,2191833716582.9434,1742.7918447667412,75.87533300245454
ss96925,2021.6052361396303,20.4,0.014223278362374909,0.022629942462942514,0.2569618897333306,214,70860532574.3808,-90.92946650914799,0.44637756511357096,0.005671267536531959,0.021023368767619215,0.2597857659040624,214,4207499038.33404,-249.21559071402524,-1.6897278880532791,-0.06190710083434785,0.050467091324701265,0.24356093916201452,103,1063650548223.5801,2614.38747410437,78.23539350171201,-0.08344114728803119,0.057505584535490276,1.4993689959453544,15,2191735116072.2427,2414.819705380229,77.7738716268255
ss96926,2021.6052361396303,20.3,0.03188819033150972,0.022080235981813665,0.25901298533309625,214,70860278266.93837,44.64306769481903,2.2921427991330456,0.017712062297610163,0.020512688506709086,0.27216978562548044,214,4207498266.6418715,-195.51537917777617,-1.3590460040399945,-0.06560464582623364,0.04924128557059938,0.20693800569281187,103,1063686883395.0789,3056.3861028628894,93.19873060083746,-0.07732166469385723,0.05610940300122359,1.2897732750354816,15,2191921052947.2576,2613.6074942679256,88.25035420888618
ss96927,2021.6052361396303,19.9,0.03443699475032707,0.02009887077049708,0.3023268215158154,214,70860163436.16232,322.4198969168564,2.0047068679937725,0.016763118524783602,0.01867198755393216,0.3318624196662065,214,4207498134.327347,-451.98637121377175,-0.999685988282496,-0.059741174713126934,0.04482295654139772,0.33431711786803087,103,1063745728299.7239,2749.000500290147,99.53115768528055,-0.0705339223487739,0.05107395922528633,1.853856776739931,15,2191821532376.8477,2521.8863905696644,100.7004612391939
