# MT_CKD_4.3 H2O continuum coefficients (AER). Ref P=1013 mb, Ref T=296 K.
# Source: https://github.com/AER-RC/MT_CKD_H2O data/absco-ref_wv-mt-ckd.nc
# Reference: Mlawer et al. (2012), doi:10.1098/rsta.2011.0295
# Columns: wavenumber_cm-1, self_coeff [cm**2/molecule cm-1], foreign_coeff [cm**2/molecule cm-1], for_closure_coeff [cm**2/molecule cm-1], self_texp [dimensionless]
wavenumber_cm-1,self_coeff,foreign_coeff,for_closure_coeff,self_texp
-20,2.731e-21,9.4472e-23,9.4472e-23,6.275
-10,2.855e-21,8.82784e-23,8.82784e-23,6.414
0,2.877e-21,8.5629e-23,8.5629e-23,6.413
10,2.855e-21,8.82784e-23,8.82784e-23,6.414
20,2.731e-21,9.1821e-23,9.1821e-23,6.275
30,2.49e-21,9.79602e-23,9.79602e-23,6.049
40,2.178e-21,1.13971e-22,1.13971e-22,5.789
50,1.863e-21,1.376484e-22,1.376484e-22,5.557
60,1.595e-21,1.544904e-22,1.544904e-22,5.33
70,1.381e-21,1.507922e-22,1.507922e-22,5.107
80,1.221e-21,1.386438e-22,1.386438e-22,4.893
90,1.095e-21,1.215105e-22,1.215105e-22,4.685
100,9.882e-22,1.062604e-22,1.062604e-22,4.481
110,8.926e-22,9.15138e-23,9.15138e-23,4.282
120,8.041e-22,8.008e-23,8.008e-23,4.09
130,7.217e-22,6.970302e-23,6.970302e-23,3.905
140,6.45e-22,6.05475e-23,6.05475e-23,3.72
150,5.74e-22,5.243129e-23,5.243129e-23,3.548
160,5.088e-22,4.55936e-23,4.55936e-23,3.379
170,4.492e-22,3.7628e-23,3.7628e-23,3.215
180,3.952e-22,3.054901e-23,3.054901e-23,3.056
190,3.466e-22,2.56264e-23,2.56264e-23,2.903
200,3.031e-22,2.197152e-23,2.197152e-23,2.756
210,2.644e-22,1.809267e-23,1.809267e-23,2.614
220,2.302e-22,1.48344e-23,1.48344e-23,2.475
230,2.001e-22,1.167269334e-23,1.167269334e-23,2.344
240,1.738e-22,8.8093074e-24,8.8093074e-24,2.219
250,1.509e-22,7.13061369e-24,7.13061369e-24,2.1
260,1.311e-22,5.932630482e-24,5.932630482e-24,1.983
270,1.139e-22,5.17188672e-24,5.17188672e-24,1.873
280,9.913e-23,4.220167824e-24,4.220167824e-24,1.768
290,8.639e-23,3.427428221e-24,3.427428221e-24,1.67
300,7.544e-23,2.68586064e-24,2.68586064e-24,1.575
310,6.603e-23,2.09587147e-24,2.09587147e-24,1.486
320,5.794e-23,1.85812704e-24,1.85812704e-24,1.45
330,5.096e-23,1.475933921e-24,1.475933921e-24,1.432
340,4.495e-23,1.10054347e-24,1.10054347e-24,1.429
350,3.974e-23,8.5883439e-25,8.5883439e-25,1.431
360,3.523e-23,6.49875968e-25,6.49875968e-25,1.428
370,3.13e-23,4.87467148e-25,4.87467148e-25,1.458
380,2.786e-23,3.860515728e-25,3.860515728e-25,1.517
390,2.485e-23,3.00081089e-25,3.00081089e-25,1.57
400,2.221e-23,2.343264e-25,2.343264e-25,1.628
410,1.987e-23,2.08736523e-25,2.08736523e-25,1.689
420,1.78e-23,1.77105635e-25,1.77105635e-25,1.753
430,1.596e-23,1.5884596e-25,1.5884596e-25,1.819
440,1.433e-23,1.40805e-25,1.40805e-25,1.886
450,1.287e-23,1.1808983e-25,1.1808983e-25,1.976
460,1.156e-23,1.02438612e-25,1.02438612e-25,2.032
470,1.04e-23,9.2234877e-26,9.2234877e-26,2.106
480,9.349e-24,7.91555904e-26,7.91555904e-26,2.19
490,8.41e-24,6.6924054e-26,6.6924054e-26,2.259
500,7.568e-24,5.72009778e-26,5.72009778e-26,2.33
510,6.81e-24,5.1248934e-26,5.1248934e-26,2.397
520,6.13e-24,4.477977e-26,4.477977e-26,2.466
530,5.517e-24,3.8444224e-26,3.8444224e-26,2.537
540,4.967e-24,3.266566644e-26,3.266566644e-26,2.613
550,4.471e-24,2.851452738e-26,2.851452738e-26,2.675
560,4.025e-24,2.4729924e-26,2.4729924e-26,2.746
570,3.624e-24,2.123503668e-26,2.123503668e-26,2.819
580,3.262e-24,1.768349475e-26,1.768349475e-26,2.893
590,2.937e-24,1.480504928e-26,1.480504928e-26,2.97
600,2.644e-24,1.26746169e-26,1.26746169e-26,3.058
610,2.381e-24,1.074284228e-26,1.085998611e-26,3.14424
620,2.143e-24,9.204183783e-27,9.488849261e-27,3.2609175
630,1.93e-24,7.847691878e-27,8.34376522e-27,3.35232
640,1.737e-24,6.641140304e-27,7.260302376e-27,3.438955
650,1.564e-24,5.713990159e-27,6.301906834e-27,3.52688
660,1.413e-24,4.957844042e-27,5.466120802e-27,3.59775
670,1.2829728e-24,4.372498614e-27,4.819993318e-27,3.6461
680,1.1714136e-24,3.933836088e-27,4.240216266e-27,3.68104
690,1.0762387e-24,3.517560836e-27,3.803611713e-27,3.699585
700,9.939556e-25,3.207716147e-27,3.440396058e-27,3.721275
710,9.2081256e-25,2.940415007e-27,3.134571289e-27,3.7764012
720,8.495028e-25,2.725812501e-27,2.893730376e-27,3.8732197
730,7.867881e-25,2.476668976e-27,2.649688362e-27,3.9724464
740,7.283731e-25,2.262518682e-27,2.446370782e-27,4.0609301
750,6.70186e-25,2.072027343e-27,2.264015891e-27,4.186842
760,6.141312e-25,1.922391073e-27,2.099616792e-27,4.2595875
770,5.67336e-25,1.754088588e-27,1.954804209e-27,4.7796984
780,5.2929625e-25,1.607028931e-27,1.817898244e-27,5.148871
790,4.905719e-25,1.452304504e-27,1.716925341e-27,5.1087378
800,4.61727e-25,1.327020887e-27,1.625592376e-27,5.0580282
810,4.3376946e-25,1.210930115e-27,1.497240866e-27,4.9855376
820,4.079362e-25,1.113985421e-27,1.387192996e-27,4.8747648
830,3.8333944e-25,1.007256927e-27,1.294088804e-27,4.875968
840,3.6202792e-25,9.215936186e-28,1.227939591e-27,4.9177402
850,3.434272e-25,8.353595736e-28,1.150611208e-27,4.953372
860,3.2502908e-25,7.720038601e-28,1.08334651e-27,4.9973472
870,3.0803847e-25,7.032774652e-28,1.005473858e-27,5.069682
880,2.9143414e-25,6.49916719e-28,9.445819775e-28,5.1465414
890,2.7519828e-25,5.917749505e-28,8.966757846e-28,5.2285535
900,2.59749e-25,5.480877131e-28,8.470553388e-28,5.2760268
910,2.4401164e-25,4.993534477e-28,8.080714165e-28,5.2678136
920,2.266812e-25,4.631075721e-28,7.880998634e-28,5.2466404
930,2.1147977e-25,4.238408852e-28,7.641458671e-28,5.2488222
940,1.9723815e-25,3.935024437e-28,7.391482322e-28,5.2922754
950,1.8474575e-25,3.598539281e-28,7.151666148e-28,5.36037
960,1.7283861e-25,3.346991824e-28,6.833569961e-28,5.414892
970,1.612832e-25,3.09199571e-28,6.566701174e-28,5.4581806
980,1.520838e-25,2.859031053e-28,6.365469226e-28,5.5210672
990,1.4195935e-25,2.647980093e-28,6.181875296e-28,5.5994172
1000,1.3311952e-25,2.450967613e-28,5.946433198e-28,5.6358225
1010,1.2519387e-25,2.269036479e-28,5.813662744e-28,5.64529
1020,1.1845782e-25,2.108010356e-28,5.720850471e-28,5.65488
1030,1.1238831e-25,1.960034271e-28,5.64531718e-28,5.6651025
1040,1.064605e-25,1.835006618e-28,5.581575573e-28,5.6855973
1050,1.0133156e-25,1.712994543e-28,5.504838275e-28,5.6878731
1060,9.646919e-26,1.60000153e-28,5.407576893e-28,5.7085392
1070,9.211552e-26,1.512973182e-28,5.349076633e-28,5.7111204
1080,8.809425e-26,1.450009251e-28,5.301624486e-28,5.7172038
1090,8.454138e-26,1.388968963e-28,5.203903267e-28,5.723851
1100,8.149404e-26,1.331983771e-28,5.172915928e-28,5.7268988
1110,7.820406e-26,1.327988435e-28,5.247690169e-28,5.7479964
1120,7.576056e-26,1.325031805e-28,5.308816198e-28,5.803925
1130,7.297216e-26,1.363008324e-28,5.425301059e-28,5.8568511
1140,7.10052e-26,1.432027621e-28,5.571297343e-28,5.9548684
1150,6.973029e-26,1.597988517e-28,5.71794767e-28,5.9791265
1160,6.8712e-26,1.833959435e-28,5.943189878e-28,6.0378
1170,6.838857e-26,2.061027513e-28,6.227534331e-28,6.07228
1180,6.855966e-26,2.461990949e-28,6.538526811e-28,6.09
1190,6.882096e-26,3.087898369e-28,6.768686793e-28,6.09634
1200,7.0092e-26,4.199950572e-28,7.271374665e-28,6.111705
1210,7.269328e-26,5.499806769e-28,8.118241021e-28,6.11886
1220,7.64758e-26,6.900172816e-28,9.681851531e-28,6.1217
1230,7.95391e-26,8.43988426e-28,1.087763472e-27,6.107625
1240,8.43006e-26,9.999154951e-28,1.244708085e-27,5.99896
1250,9.220267e-26,1.169995607e-27,1.420205358e-27,5.90055
1260,1.0400279e-25,1.354980724e-27,1.601573132e-27,4.89
1270,1.200009e-25,1.639943271e-27,1.881085828e-27,4.47235
1280,1.3884684e-25,1.97003193e-27,2.201788231e-27,4.0392
1290,1.593215e-25,2.400032374e-27,2.631393712e-27,3.387
1300,1.813042e-25,2.910056059e-27,3.137628642e-27,3.173
1310,2.0816058e-25,3.549976665e-27,3.780010179e-27,2.907
1320,2.4265049e-25,4.510009551e-27,4.735941059e-27,2.708
1330,2.760646e-25,5.599662214e-27,5.828443155e-27,2.536
1340,3.1589886e-25,7.160105412e-27,7.349829233e-27,2.35
1350,3.670849e-25,9.987457487e-27,1.008833081e-26,2.273
1360,4.1171232e-25,1.381581524e-26,1.391528911e-26,2.196
1370,4.8038553e-25,1.92976635e-26,1.884609817e-26,2.178
1380,5.477e-25,2.591971533e-26,2.599747447e-26,2.201
1390,6.203e-25,3.457676737e-26,3.457676737e-26,2.238
1400,7.331e-25,4.571528308e-26,4.571528308e-26,2.309
1410,8.056e-25,5.931873939e-26,5.931873939e-26,2.382
1420,9.882e-25,7.554255979e-26,7.554255979e-26,2.462
1430,1.05e-24,9.558699518e-26,9.558699518e-26,2.579
1440,1.21e-24,1.183316151e-25,1.183316151e-25,2.679
1450,1.341e-24,1.4253604e-25,1.4253604e-25,2.737
1460,1.572e-24,1.681402492e-25,1.681402492e-25,2.81
1470,1.698e-24,1.978448531e-25,1.978448531e-25,2.887
1480,1.968e-24,2.335501632e-25,2.335501632e-25,2.964
1490,2.175e-24,2.668543212e-25,2.668543212e-25,2.98
1500,2.431e-24,3.022583331e-25,3.022583331e-25,3.011
1510,2.735e-24,3.371617116e-25,3.371617116e-25,3.098
1520,2.867e-24,3.715645211e-25,3.715645211e-25,3.157
1530,3.19e-24,3.967653863e-25,3.967653863e-25,3.211
1540,3.371e-24,4.060635298e-25,4.060635298e-25,3.274
1550,3.554e-24,4.010595889e-25,4.010595889e-25,3.388
1560,3.726e-24,3.809537703e-25,3.809537703e-25,3.475
1570,3.837e-24,3.491468309e-25,3.491468309e-25,3.527
1580,3.878e-24,3.155402319e-25,3.155402319e-25,3.618
1590,3.864e-24,2.848345332e-25,2.848345332e-25,3.772
1600,3.858e-24,2.678308864e-25,2.678308864e-25,3.864
1610,3.841e-24,2.660291899e-25,2.660291899e-25,3.884
1620,3.852e-24,2.811293587e-25,2.811293587e-25,3.889
1630,3.815e-24,3.071305359e-25,3.071305359e-25,3.894
1640,3.762e-24,3.294311917e-25,3.294311917e-25,3.884
1650,3.618e-24,3.459312017e-25,3.459312017e-25,3.821
1660,3.579e-24,3.569306769e-25,3.569306769e-25,3.758
1670,3.45e-24,3.560291661e-25,3.560291661e-25,3.703
1680,3.202e-24,3.434268234e-25,3.434268234e-25,3.657
1690,3.018e-24,3.186237337e-25,3.186237337e-25,3.567
1700,2.785e-24,2.916207221e-25,2.916207221e-25,3.49
1710,2.602e-24,2.622177798e-25,2.622177798e-25,3.435
1720,2.416e-24,2.275147244e-25,2.275147244e-25,3.377
1730,2.097e-24,1.918118518e-25,1.918118518e-25,3.29
1740,1.939e-24,1.620095598e-25,1.620095598e-25,3.204
1750,1.689e-24,1.373077395e-25,1.373077395e-25,3.178
1760,1.498e-24,1.182063662e-25,1.182063662e-25,3.146
1770,1.308e-24,1.006051784e-25,1.006051784e-25,3.103
1780,1.17e-24,8.556421025e-26,8.556421025e-26,3.088
1790,1.011e-24,7.260341606e-26,7.260341606e-26,3.108
1800,9.237e-25,6.110274972e-26,6.110274972e-26,3.116
1810,7.909e-25,5.040216992e-26,5.040216992e-26,3.07
1820,7.006e-25,4.230174271e-26,4.230174271e-26,3.046
1830,6.112e-25,3.45613628e-26,3.45613628e-26,3.029
1840,5.401e-25,2.903109594e-26,2.903109594e-26,3.017
1850,4.914e-25,2.486089871e-26,2.486089871e-26,3.001
1860,4.266e-25,2.039070602e-26,2.039070602e-26,3.007
1870,3.963e-25,1.672055465e-26,1.672055465e-26,2.984
1880,3.316e-25,1.285040847e-26,1.285040847e-26,2.98
1890,3.037e-25,1.054032113e-26,1.054032113e-26,2.936
1900,2.598e-25,8.302242491e-27,8.302242491e-27,2.908
1910,2.294e-25,6.66718673e-27,6.66718673e-27,2.896
1920,2.066e-25,5.503147825e-27,5.503147825e-27,2.875
1930,1.813e-25,4.562117561e-27,4.562117561e-27,2.893
1940,1.583e-25,3.94809762e-27,3.94809762e-27,2.888
1950,1.423e-25,3.19807589e-27,3.19807589e-27,2.948
1960,1.247e-25,2.586058907e-27,2.586058907e-27,3.028
1970,1.116e-25,2.225048663e-27,2.225048663e-27,3.064
1980,9.76e-26,1.807037952e-27,1.807037952e-27,3.182
1990,8.596e-26,1.530030866e-27,1.530030866e-27,3.228
2000,7.72e-26,1.294025079e-27,1.294025079e-27,3.26
2010,7.091e-26,1.12602097e-27,1.12602097e-27,3.335
2020,6.499e-26,9.604171896e-28,9.604171896e-28,3.412
2030,5.801e-26,7.850135061e-28,7.850135061e-28,3.468
2040,5.15e-26,6.813112702e-28,6.813112702e-28,3.523
2050,4.5e-26,5.583088813e-28,5.583088813e-28,3.616
2060,4e-26,4.690071759e-28,4.690071759e-28,3.659
2070,3.509e-26,3.996058818e-28,3.996058818e-28,3.704
2080,3.1e-26,3.373047771e-28,3.373047771e-28,3.81
2090,2.714e-26,2.930039935e-28,2.930039935e-28,3.833
2100,2.406e-26,2.417031709e-28,2.417031709e-28,3.966
2110,2.108e-26,2.06102603e-28,2.06102603e-28,4.026
2120,1.875e-26,1.743021197e-28,1.743021197e-28,4.088
2130,1.669e-26,1.475017275e-28,1.475017275e-28,4.141
2140,1.555e-26,1.273014361e-28,1.273014361e-28,4.2
2150,1.444e-26,1.084011781e-28,1.084011781e-28,4.269
2160,1.345e-26,9.368098106e-29,9.368098106e-29,4.377
2170,1.257e-26,7.985080589e-29,7.985080589e-29,4.459
2180,1.175e-26,6.785066006e-29,6.785066006e-29,4.566
2190,1.102e-26,5.804054433e-29,5.804054433e-29,4.638
2200,1.035e-26,4.975044988e-29,4.975044988e-29,4.709
2210,9.745e-27,4.311037595e-29,4.311037595e-29,4.802
2220,9.194e-27,3.738031442e-29,3.738031442e-29,4.878
2230,8.685e-27,3.275026575e-29,3.275026575e-29,4.974
2240,8.222e-27,2.84702229e-29,2.84702229e-29,5.047
2250,7.798e-27,2.469018654e-29,2.469018654e-29,5.147
2260,7.412e-27,2.14901567e-29,2.14901567e-29,5.211
2270,7.052e-27,1.884013261e-29,1.884013261e-29,5.315
2280,6.724e-27,1.631011084e-29,1.631011084e-29,5.391
2290,6.42e-27,1.393009141e-29,1.393009141e-29,5.483
2300,6.143e-27,1.201007611e-29,1.201007611e-29,5.566
2310,5.886e-27,1.027006286e-29,1.027006286e-29,5.603
2320,5.649e-27,8.807052076e-30,8.807052076e-30,5.643
2330,5.43e-27,7.521042968e-30,7.521042968e-30,5.767
2340,5.228e-27,6.436035531e-30,6.436035531e-30,5.807
2350,5.041e-27,5.509029393e-30,5.509029393e-30,5.843
2360,4.868e-27,4.729024389e-30,4.729024389e-30,5.904
2370,4.708e-27,4.055020217e-30,4.055020217e-30,5.924
2380,4.559e-27,3.490016824e-30,3.490016824e-30,5.983
2390,4.421e-27,3.006014013e-30,3.006014013e-30,5.993
2400,4.293e-27,2.599011718e-30,2.599011718e-30,6.059
2410,4.174e-27,2.246009795e-30,2.246009795e-30,6.095
2420,4.064e-27,1.942008193e-30,1.942008193e-30,6.13
2430,3.961e-27,1.685006878e-30,1.685006878e-30,6.153
2440,3.865e-27,1.464005783e-30,1.464005783e-30,6.174
2450,3.775e-27,1.273004867e-30,1.273004867e-30,6.18
2460,3.692e-27,1.115004126e-30,1.115004126e-30,6.201
2470,3.614e-27,9.794035084e-31,9.794035084e-31,6.202
2480,3.542e-27,8.729030275e-31,8.729030275e-31,6.21
2490,3.474e-27,7.893026508e-31,7.893026508e-31,6.206
2500,3.411e-27,7.313023785e-31,7.313023785e-31,6.209
2510,3.353e-27,7.069022269e-31,7.069022269e-31,6.187
2520,3.298e-27,7.190021941e-31,7.190021941e-31,6.172
2530,3.248e-27,7.828023143e-31,7.828023143e-31,6.138
2540,3.201e-27,9.295026626e-31,9.295026626e-31,6.129
2550,3.158e-27,1.174003259e-30,1.174003259e-30,6.085
2560,3.119e-27,1.578004245e-30,1.578004245e-30,6.066
2570,3.084e-27,2.184005695e-30,2.184005695e-30,6.043
2580,3.053e-27,3.053007718e-30,3.053007718e-30,6.001
2590,3.025e-27,4.212010323e-30,4.212010323e-30,5.951
2600,3.003e-27,5.733013625e-30,5.733013625e-30,5.93
2610,2.988e-27,7.497017278e-30,7.497017278e-30,5.869
2620,2.976e-27,9.487021206e-30,9.487021206e-30,5.822
2630,2.977e-27,1.1530025e-29,1.1530025e-29,5.809
2640,2.989e-27,1.343002825e-29,1.343002825e-29,5.777
2650,3.015e-27,1.503003067e-29,1.503003067e-29,5.739
2660,3.057e-27,1.623003214e-29,1.623003214e-29,5.7
2670,3.112e-27,1.696003259e-29,1.696003259e-29,5.68
2680,3.161e-27,1.746003256e-29,1.746003256e-29,5.659
2690,3.186e-27,1.789003238e-29,1.789003238e-29,5.598
2700,3.176e-27,1.852003254e-29,1.852003254e-29,5.558
2710,3.142e-27,1.862003177e-29,1.862003177e-29,5.519
2720,3.099e-27,1.886003124e-29,1.886003124e-29,5.465
2730,3.065e-27,1.912003076e-29,1.912003076e-29,5.399
2740,3.011e-27,1.942003034e-29,1.942003034e-29,5.358
2750,2.955e-27,1.938002941e-29,1.938002941e-29,5.294
2760,2.914e-27,1.914002821e-29,1.914002821e-29,5.225
2770,2.884e-27,1.898002718e-29,1.898002718e-29,5.158
2780,2.864e-27,1.864002593e-29,1.864002593e-29,5.094
2790,2.858e-27,1.770002393e-29,1.770002393e-29,5.023
2800,2.851e-27,1.635002148e-29,1.635002148e-29,4.94
2810,2.857e-27,1.464001869e-29,1.464001869e-29,4.846
2820,2.87e-27,1.279001587e-29,1.279001587e-29,4.759
2830,2.888e-27,1.099001326e-29,1.099001326e-29,4.662
2840,2.914e-27,9.528011174e-30,9.528011174e-30,4.557
2850,2.948e-27,8.433009615e-30,8.433009615e-30,4.435
2860,2.99e-27,7.794008641e-30,7.794008641e-30,4.304
2870,3.042e-27,7.793008402e-30,7.793008402e-30,4.188
2880,3.105e-27,8.241008641e-30,8.241008641e-30,4.042
2890,3.185e-27,9.417009605e-30,9.417009605e-30,3.954
2900,3.276e-27,1.17900117e-29,1.17900117e-29,3.803
2910,3.385e-27,1.61600156e-29,1.61600156e-29,3.695
2920,3.511e-27,2.144002013e-29,2.144002013e-29,3.619
2930,3.646e-27,2.992002734e-29,2.992002734e-29,3.51
2940,3.858e-27,4.344003862e-29,4.344003862e-29,3.414
2950,4.081e-27,6.415005551e-29,6.415005551e-29,3.366
2960,4.335e-27,9.242007784e-29,9.242007784e-29,3.284
2970,4.643e-27,1.310001074e-28,1.310001074e-28,3.217
2980,5.011e-27,1.847001474e-28,1.847001474e-28,3.152
2990,5.494e-27,2.567001994e-28,2.567001994e-28,3.044
3000,5.953e-27,3.390002564e-28,3.390002564e-28,2.983
3010,6.354e-27,4.357003209e-28,4.357003209e-28,2.898
3020,7.116e-27,5.301003802e-28,5.301003802e-28,2.784
3030,7.498e-27,6.364004446e-28,6.364004446e-28,2.68
3040,8.613e-27,7.438005061e-28,7.438005061e-28,2.627
3050,9.35e-27,8.381005555e-28,8.381005555e-28,2.634
3060,1.002e-26,9.294006e-28,9.294006e-28,2.704
3070,1.09e-26,1.013000637e-27,1.013000637e-27,2.637
3080,1.174e-26,1.103000676e-27,1.103000676e-27,2.756
3090,1.23e-26,1.170000699e-27,1.170000699e-27,2.79
3100,1.288e-26,1.200000698e-27,1.200000698e-27,2.941
3110,1.334e-26,1.190000675e-27,1.190000675e-27,3.091
3120,1.383e-26,1.133000626e-27,1.133000626e-27,3.203
3130,1.38e-26,1.04000056e-27,1.04000056e-27,3.308
3140,1.39e-26,9.475004976e-28,9.475004976e-28,3.431
3150,1.373e-26,8.601004404e-28,8.601004404e-28,3.49
3160,1.354e-26,8.07400403e-28,8.07400403e-28,3.57
3170,1.335e-26,8.023003905e-28,8.023003905e-28,3.652
3180,1.343e-26,8.473004021e-28,8.473004021e-28,3.683
3190,1.323e-26,9.256004284e-28,9.256004284e-28,3.708
3200,1.349e-26,9.989004509e-28,9.989004509e-28,3.722
3210,1.353e-26,1.056000465e-27,1.056000465e-27,3.687
3220,1.362e-26,1.079000463e-27,1.079000463e-27,3.631
3230,1.344e-26,1.079000452e-27,1.079000452e-27,3.584
3240,1.329e-26,1.049000429e-27,1.049000429e-27,3.566
3250,1.336e-26,1.000000399e-27,1.000000399e-27,3.536
3260,1.327e-26,9.350003638e-28,9.350003638e-28,3.459
3270,1.325e-26,8.662003288e-28,8.662003288e-28,3.401
3280,1.359e-26,7.880002919e-28,7.880002919e-28,3.326
3290,1.374e-26,7.13700258e-28,7.13700258e-28,3.216
3300,1.415e-26,6.438002272e-28,6.438002272e-28,3.103
3310,1.462e-26,5.706001965e-28,5.706001965e-28,2.944
3320,1.526e-26,5.132001726e-28,5.132001726e-28,2.828
3330,1.619e-26,4.81500158e-28,4.81500158e-28,2.652
3340,1.735e-26,4.736001518e-28,4.736001518e-28,2.597
3350,1.863e-26,4.709001473e-28,4.709001473e-28,2.559
3360,2.034e-26,4.918001503e-28,4.918001503e-28,2.522
3370,2.265e-26,5.227001559e-28,5.227001559e-28,2.468
3380,2.482e-26,5.603001632e-28,5.603001632e-28,2.466
3390,2.756e-26,6.023001714e-28,6.023001714e-28,2.43
3400,3.103e-26,6.567001825e-28,6.567001825e-28,2.412
3410,3.466e-26,7.40300201e-28,7.40300201e-28,2.383
3420,3.832e-26,8.695002306e-28,8.695002306e-28,2.357
3430,4.378e-26,9.929002572e-28,9.929002572e-28,2.338
3440,4.913e-26,1.163000294e-27,1.163000294e-27,2.312
3450,5.651e-26,1.379000341e-27,1.379000341e-27,2.287
3460,6.311e-26,1.658000401e-27,1.658000401e-27,2.25
3470,7.169e-26,2.010000475e-27,2.010000475e-27,2.221
3480,8.057e-26,2.42500056e-27,2.42500056e-27,2.174
3490,9.253e-26,2.920000658e-27,2.920000658e-27,2.174
3500,1.047e-25,3.562000785e-27,3.562000785e-27,2.135
3510,1.212e-25,4.274000921e-27,4.274000921e-27,2.109
3520,1.36e-25,5.173001089e-27,5.173001089e-27,2.107
3530,1.569e-25,6.285001294e-27,6.285001294e-27,2.106
3540,1.776e-25,7.787001567e-27,7.787001567e-27,2.062
3550,2.02e-25,9.563001882e-27,9.563001882e-27,2.075
3560,2.281e-25,1.19400023e-26,1.19400023e-26,2.08
3570,2.683e-25,1.517000285e-26,1.517000285e-26,2.136
3580,2.994e-25,1.934000356e-26,1.934000356e-26,2.219
3590,3.488e-25,2.511000452e-26,2.511000452e-26,2.291
3600,3.896e-25,3.197000562e-26,3.197000562e-26,2.415
3610,4.499e-25,4.024000692e-26,4.024000692e-26,2.52
3620,5.175e-25,4.981000838e-26,4.981000838e-26,2.663
3630,6.035e-25,6.090001003e-26,6.090001003e-26,2.797
3640,6.34e-25,7.229001164e-26,7.229001164e-26,2.936
3650,7.281e-25,8.43900133e-26,8.43900133e-26,3.112
3660,7.923e-25,9.367001444e-26,9.367001444e-26,3.244
3670,8.348e-25,1.016000153e-25,1.016000153e-25,3.347
3680,9.631e-25,1.057000156e-25,1.057000156e-25,3.437
3690,1.044e-24,1.088000157e-25,1.088000157e-25,3.501
3700,1.102e-24,1.108000157e-25,1.108000157e-25,3.513
3710,1.176e-24,1.129000156e-25,1.129000156e-25,3.511
3720,1.244e-24,1.159000157e-25,1.159000157e-25,3.515
3730,1.283e-24,1.190000158e-25,1.190000158e-25,3.553
3740,1.326e-24,1.210000157e-25,1.210000157e-25,3.553
3750,1.4e-24,1.210000154e-25,1.210000154e-25,3.568
3760,1.395e-24,1.200000149e-25,1.200000149e-25,3.621
3770,1.387e-24,1.190000145e-25,1.190000145e-25,3.713
3780,1.363e-24,1.180000141e-25,1.180000141e-25,3.836
3790,1.314e-24,1.190000139e-25,1.190000139e-25,3.888
3800,1.241e-24,1.23000014e-25,1.23000014e-25,3.897
3810,1.228e-24,1.280000143e-25,1.280000143e-25,3.874
3820,1.148e-24,1.300000142e-25,1.300000142e-25,3.825
3830,1.086e-24,1.290000138e-25,1.290000138e-25,3.743
3840,1.018e-24,1.210000127e-25,1.210000127e-25,3.626
3850,8.89e-25,1.090000112e-25,1.090000112e-25,3.503
3860,8.316e-25,9.440000951e-26,9.440000951e-26,3.365
3870,7.292e-25,7.790000768e-26,7.790000768e-26,3.225
3880,6.452e-25,6.220000601e-26,6.220000601e-26,3.077
3890,5.625e-25,4.640000439e-26,4.640000439e-26,2.914
3900,5.045e-25,3.400000315e-26,3.400000315e-26,2.764
3910,4.38e-25,2.470000224e-26,2.470000224e-26,2.623
3920,3.762e-25,1.780000158e-26,1.780000158e-26,2.508
3930,3.29e-25,1.290000113e-26,1.290000113e-26,2.433
3940,2.836e-25,9.260000791e-27,9.260000791e-27,2.42
3950,2.485e-25,7.000000586e-27,7.000000586e-27,2.41
3960,2.168e-25,5.36000044e-27,5.36000044e-27,2.445
3970,1.895e-25,4.260000343e-27,4.260000343e-27,2.49
3980,1.659e-25,3.410000269e-27,3.410000269e-27,2.623
3990,1.453e-25,2.790000216e-27,2.790000216e-27,2.753
4000,1.282e-25,2.37200018e-27,2.37200018e-27,2.871
4010,1.132e-25,2.039000151e-27,2.039000151e-27,2.981
4020,1.001e-25,1.78200013e-27,1.78200013e-27,3.069
4030,8.836e-26,1.531000109e-27,1.531000109e-27,3.176
4040,7.804e-26,1.298000091e-27,1.298000091e-27,3.27
4050,6.922e-26,1.084000074e-27,1.084000074e-27,3.339
4060,6.116e-26,9.001000605e-28,9.001000605e-28,3.394
4070,5.429e-26,7.665000505e-28,7.665000505e-28,3.45
4080,4.824e-26,6.475000419e-28,6.475000419e-28,3.511
4090,4.278e-26,5.610000356e-28,5.610000356e-28,3.572
4100,3.788e-26,4.920000306e-28,4.920000306e-28,3.623
4110,3.371e-26,4.325000264e-28,4.325000264e-28,3.668
4120,2.985e-26,3.805000227e-28,3.805000227e-28,3.742
4130,2.649e-26,3.374000198e-28,3.374000198e-28,3.807
4140,2.357e-26,2.945000169e-28,2.945000169e-28,3.893
4150,2.09e-26,2.641000149e-28,2.641000149e-28,3.961
4160,1.858e-26,2.385000132e-28,2.385000132e-28,4.019
4170,1.647e-26,2.137000116e-28,2.137000116e-28,4.106
4180,1.462e-26,1.921000102e-28,1.921000102e-28,4.194
4190,1.299e-26,1.734000091e-28,1.734000091e-28,4.286
4200,1.155e-26,1.578000081e-28,1.578000081e-28,4.364
4210,1.028e-26,1.442000073e-28,1.442000073e-28,4.447
4220,9.142e-27,1.317000065e-28,1.317000065e-28,4.532
4230,8.132e-27,1.203000058e-28,1.203000058e-28,4.629
4240,7.246e-27,1.101000052e-28,1.101000052e-28,4.719
4250,6.418e-27,1.010000047e-28,1.010000047e-28,4.815
4260,5.726e-27,9.319000426e-29,9.319000426e-29,4.9
4270,5.221e-27,8.611000387e-29,8.611000387e-29,4.989
4280,4.89e-27,7.991000352e-29,7.991000352e-29,5.067
4290,4.666e-27,7.40000032e-29,7.40000032e-29,5.16
4300,4.443e-27,6.868000292e-29,6.868000292e-29,5.245
4310,4.203e-27,6.384000266e-29,6.384000266e-29,5.326
4320,3.978e-27,5.953000244e-29,5.953000244e-29,5.406
4330,3.77e-27,5.561000223e-29,5.561000223e-29,5.479
4340,3.575e-27,5.192000205e-29,5.192000205e-29,5.558
4350,3.395e-27,4.855000188e-29,4.855000188e-29,5.632
4360,3.227e-27,4.546000173e-29,4.546000173e-29,5.702
4370,3.07e-27,4.264000159e-29,4.264000159e-29,5.772
4380,2.924e-27,4.004000147e-29,4.004000147e-29,5.831
4390,2.788e-27,3.761000135e-29,3.761000135e-29,5.893
4400,2.661e-27,3.536000125e-29,3.536000125e-29,5.953
4410,2.543e-27,3.328000115e-29,3.328000115e-29,6.009
4420,2.433e-27,3.136000107e-29,3.136000107e-29,6.056
4430,2.329e-27,2.957000099e-29,2.957000099e-29,6.103
4440,2.233e-27,2.791000092e-29,2.791000092e-29,6.143
4450,2.143e-27,2.636000085e-29,2.636000085e-29,6.183
4460,2.058e-27,2.493000079e-29,2.493000079e-29,6.21
4470,1.98e-27,2.360000073e-29,2.360000073e-29,6.239
4480,1.906e-27,2.238000068e-29,2.238000068e-29,6.258
4490,1.837e-27,2.126000064e-29,2.126000064e-29,6.264
4500,1.773e-27,2.02200006e-29,2.02200006e-29,6.263
4510,1.713e-27,1.930000056e-29,1.930000056e-29,6.247
4520,1.657e-27,1.849000053e-29,1.849000053e-29,6.229
4530,1.605e-27,1.77700005e-29,1.77700005e-29,6.201
4540,1.557e-27,1.722000047e-29,1.722000047e-29,6.176
4550,1.514e-27,1.677000045e-29,1.677000045e-29,6.141
4560,1.472e-27,1.655000044e-29,1.655000044e-29,6.11
4570,1.435e-27,1.640000043e-29,1.640000043e-29,6.096
4580,1.404e-27,1.624000042e-29,1.624000042e-29,6.085
4590,1.377e-27,1.60500004e-29,1.60500004e-29,6.071
4600,1.354e-27,1.569000039e-29,1.569000039e-29,6.05
4610,1.332e-27,1.537000037e-29,1.537000037e-29,6.053
4620,1.308e-27,1.496000036e-29,1.496000036e-29,6.042
4630,1.282e-27,1.417000033e-29,1.417000033e-29,6.035
4640,1.256e-27,1.331000031e-29,1.331000031e-29,6.018
4650,1.227e-27,1.233000028e-29,1.233000028e-29,6.005
4660,1.192e-27,1.121000025e-29,1.121000025e-29,5.99
4670,1.159e-27,1.039000023e-29,1.039000023e-29,5.955
4680,1.134e-27,9.929000214e-30,9.929000214e-30,5.931
4690,1.114e-27,9.782000207e-30,9.782000207e-30,5.884
4700,1.098e-27,9.672000202e-30,9.672000202e-30,5.833
4710,1.081e-27,9.529000195e-30,9.529000195e-30,5.782
4720,1.066e-27,9.048000182e-30,9.048000182e-30,5.724
4730,1.055e-27,8.685000172e-30,8.685000172e-30,5.664
4740,1.045e-27,8.259000161e-30,8.259000161e-30,5.594
4750,1.036e-27,7.944000152e-30,7.944000152e-30,5.542
4760,1.03e-27,7.682000145e-30,7.682000145e-30,5.484
4770,1.026e-27,7.420000137e-30,7.420000137e-30,5.422
4780,1.025e-27,7.095000129e-30,7.095000129e-30,5.351
4790,1.025e-27,6.759000121e-30,6.759000121e-30,5.284
4800,1.028e-27,6.499000114e-30,6.499000114e-30,5.222
4810,1.033e-27,6.385000111e-30,6.385000111e-30,5.143
4820,1.041e-27,6.165000105e-30,6.165000105e-30,5.063
4830,1.049e-27,5.837000098e-30,5.837000098e-30,4.978
4840,1.06e-27,5.650000093e-30,5.650000093e-30,4.896
4850,1.075e-27,5.53700009e-30,5.53700009e-30,4.81
4860,1.093e-27,5.320000085e-30,5.320000085e-30,4.723
4870,1.114e-27,5.053000079e-30,5.053000079e-30,4.625
4880,1.139e-27,4.924000076e-30,4.924000076e-30,4.525
4890,1.166e-27,4.842000074e-30,4.842000074e-30,4.431
4900,1.199e-27,4.956000074e-30,4.956000074e-30,4.334
4910,1.239e-27,5.324000078e-30,5.324000078e-30,4.231
4920,1.282e-27,5.846000085e-30,5.846000085e-30,4.123
4930,1.316e-27,6.403000091e-30,6.403000091e-30,4.022
4940,1.355e-27,6.983000098e-30,6.983000098e-30,3.918
4950,1.436e-27,7.451000103e-30,7.451000103e-30,3.831
4960,1.588e-27,8.378000114e-30,8.378000114e-30,3.726
4970,1.807e-27,9.869000132e-30,9.869000132e-30,3.624
4980,2.06e-27,1.156000015e-29,1.156000015e-29,3.537
4990,2.337e-27,1.347000017e-29,1.347000017e-29,3.454
5000,2.645e-27,1.670000021e-29,1.670000021e-29,3.367
5010,2.996e-27,2.047000026e-29,2.047000026e-29,3.279
5020,3.393e-27,2.515000031e-29,2.515000031e-29,3.211
5030,3.843e-27,3.092000037e-29,3.092000037e-29,3.137
5040,4.363e-27,3.877000046e-29,3.877000046e-29,3.056
5050,4.935e-27,4.756000056e-29,4.756000056e-29,2.968
5060,5.607e-27,6.174000071e-29,6.174000071e-29,2.876
5070,6.363e-27,8.049000092e-29,8.049000092e-29,2.764
5080,7.242e-27,1.077000012e-28,1.077000012e-28,2.638
5090,8.23e-27,1.410000016e-28,1.410000016e-28,2.486
5100,9.411e-27,1.793000019e-28,1.793000019e-28,2.392
5110,1.071e-26,2.285000024e-28,2.285000024e-28,2.28
5120,1.232e-26,2.970000031e-28,2.970000031e-28,2.193
5130,1.402e-26,3.983000041e-28,3.983000041e-28,2.08
5140,1.6e-26,5.351000055e-28,5.351000055e-28,2.056
5150,1.82e-26,7.256000073e-28,7.256000073e-28,2.097
5160,2.128e-26,1.01100001e-27,1.01100001e-27,2.155
5170,2.386e-26,1.388000013e-27,1.388000013e-27,2.239
5180,2.781e-26,1.914000018e-27,1.914000018e-27,2.327
5190,3.242e-26,2.512000024e-27,2.512000024e-27,2.461
5200,3.653e-26,3.25700003e-27,3.25700003e-27,2.617
5210,4.323e-26,4.075000037e-27,4.075000037e-27,2.759
5220,4.747e-26,4.991000045e-27,4.991000045e-27,2.925
5230,5.321e-26,5.914000052e-27,5.914000052e-27,3.082
5240,5.919e-26,6.638000058e-27,6.638000058e-27,3.253
5250,6.681e-26,7.160000062e-27,7.160000062e-27,3.366
5260,7.101e-26,7.450000063e-27,7.450000063e-27,3.491
5270,7.983e-26,7.590000063e-27,7.590000063e-27,3.58
5280,8.342e-26,7.540000062e-27,7.540000062e-27,3.67
5290,8.741e-26,7.47000006e-27,7.47000006e-27,3.733
5300,9.431e-26,7.53000006e-27,7.53000006e-27,3.756
5310,9.952e-26,7.940000062e-27,7.940000062e-27,3.735
5320,1.026e-25,8.460000065e-27,8.460000065e-27,3.663
5330,1.055e-25,8.950000068e-27,8.950000068e-27,3.612
5340,1.095e-25,9.36000007e-27,9.36000007e-27,3.604
5350,1.095e-25,9.840000073e-27,9.840000073e-27,3.655
5360,1.087e-25,1.020000007e-26,1.020000007e-26,3.671
5370,1.056e-25,1.050000008e-26,1.050000008e-26,3.68
5380,1.026e-25,1.060000007e-26,1.060000007e-26,3.721
5390,9.715e-26,1.070000007e-26,1.070000007e-26,3.769
5400,9.252e-26,1.070000007e-26,1.070000007e-26,3.769
5410,8.452e-26,1.040000007e-26,1.040000007e-26,3.71
5420,7.958e-26,9.790000065e-27,9.790000065e-27,3.605
5430,7.268e-26,8.800000058e-27,8.800000058e-27,3.493
5440,6.295e-26,7.66000005e-27,7.66000005e-27,3.383
5450,6.003e-26,6.380000041e-27,6.380000041e-27,3.231
5460,5e-26,5.142000032e-27,5.142000032e-27,3.109
5470,4.591e-26,3.982000025e-27,3.982000025e-27,2.936
5480,3.983e-26,2.940000018e-27,2.940000018e-27,2.781
5490,3.479e-26,2.177000013e-27,2.177000013e-27,2.645
5500,3.058e-26,1.61200001e-27,1.61200001e-27,2.514
5510,2.667e-26,1.185000007e-27,1.185000007e-27,2.397
5520,2.293e-26,8.966000052e-28,8.966000052e-28,2.304
5530,1.995e-26,6.735000038e-28,6.735000038e-28,2.236
5540,1.747e-26,5.219000029e-28,5.219000029e-28,2.212
5550,1.517e-26,4.157000023e-28,4.157000023e-28,2.195
5560,1.335e-26,3.453000019e-28,3.453000019e-28,2.204
5570,1.165e-26,2.852000015e-28,2.852000015e-28,2.248
5580,1.028e-26,2.357000012e-28,2.357000012e-28,2.337
5590,9.007e-27,1.89100001e-28,1.89100001e-28,2.464
5600,7.956e-27,1.513000008e-28,1.513000008e-28,2.575
5610,7.015e-27,1.239000006e-28,1.239000006e-28,2.714
5620,6.192e-27,1.041000005e-28,1.041000005e-28,2.815
5630,5.491e-27,8.680000043e-29,8.680000043e-29,2.941
5640,4.859e-27,7.192000035e-29,7.192000035e-29,3.072
5650,4.297e-27,5.869000028e-29,5.869000028e-29,3.173
5660,3.799e-27,4.862000023e-29,4.862000023e-29,3.263
5670,3.38e-27,4.101000019e-29,4.101000019e-29,3.331
5680,3.002e-27,3.475000016e-29,3.475000016e-29,3.398
5690,2.659e-27,2.964000013e-29,2.964000013e-29,3.471
5700,2.366e-27,2.536000011e-29,2.536000011e-29,3.531
5710,2.103e-27,2.18400001e-29,2.18400001e-29,3.597
5720,1.861e-27,1.927000008e-29,1.927000008e-29,3.657
5730,1.655e-27,1.676000007e-29,1.676000007e-29,3.737
5740,1.469e-27,1.479000006e-29,1.479000006e-29,3.8
5750,1.309e-27,1.328000006e-29,1.328000006e-29,3.844
5760,1.162e-27,1.154000005e-29,1.154000005e-29,3.932
5770,1.032e-27,1.021000004e-29,1.021000004e-29,3.997
5780,9.198e-28,9.167000037e-30,9.167000037e-30,4.062
5790,8.181e-28,8.199000032e-30,8.199000032e-30,4.135
5800,7.294e-28,7.250000028e-30,7.250000028e-30,4.214
5810,6.516e-28,6.421000025e-30,6.421000025e-30,4.303
5820,5.787e-28,5.915000022e-30,5.915000022e-30,4.378
5830,5.163e-28,5.33100002e-30,5.33100002e-30,4.46
5840,4.612e-28,4.784000018e-30,4.784000018e-30,4.563
5850,4.096e-28,4.322000016e-30,4.322000016e-30,4.642
5860,3.654e-28,3.941000014e-30,3.941000014e-30,4.72
5870,3.299e-28,3.587000013e-30,3.587000013e-30,4.808
5880,3.052e-28,3.266000011e-30,3.266000011e-30,4.885
5890,2.856e-28,2.97200001e-30,2.97200001e-30,4.978
5900,2.683e-28,2.727000009e-30,2.727000009e-30,5.063
5910,2.507e-28,2.496000008e-30,2.496000008e-30,5.142
5920,2.346e-28,2.290000008e-30,2.290000008e-30,5.234
5930,2.194e-28,2.100000007e-30,2.100000007e-30,5.318
5940,2.053e-28,1.934000006e-30,1.934000006e-30,5.395
5950,1.921e-28,1.775000006e-30,1.775000006e-30,5.482
5960,1.799e-28,1.637000005e-30,1.637000005e-30,5.553
5970,1.686e-28,1.518000005e-30,1.518000005e-30,5.624
5980,1.58e-28,1.418000004e-30,1.418000004e-30,5.684
5990,1.481e-28,1.324000004e-30,1.324000004e-30,5.737
6000,1.389e-28,1.241000004e-30,1.241000004e-30,5.792
6010,1.304e-28,1.170000003e-30,1.170000003e-30,5.84
6020,1.226e-28,1.111000003e-30,1.111000003e-30,5.886
6030,1.151e-28,1.072000003e-30,1.072000003e-30,5.925
6040,1.083e-28,1.037000003e-30,1.037000003e-30,5.969
6050,1.02e-28,1.002000003e-30,1.002000003e-30,6.01
6060,9.618e-29,9.632000026e-31,9.632000026e-31,6.043
6070,9.08e-29,9.204000025e-31,9.204000025e-31,6.078
6080,8.575e-29,8.707000023e-31,8.707000023e-31,6.109
6090,8.08e-29,8.186000021e-31,8.186000021e-31,6.142
6100,7.624e-29,7.66500002e-31,7.66500002e-31,6.159
6110,7.176e-29,7.045000018e-31,7.045000018e-31,6.184
6120,6.761e-29,6.423000016e-31,6.423000016e-31,6.201
6130,6.37e-29,5.878000015e-31,5.878000015e-31,6.207
6140,6.004e-29,5.433000013e-31,5.433000013e-31,6.211
6150,5.672e-29,5.105000012e-31,5.105000012e-31,6.207
6160,5.371e-29,4.876000012e-31,4.876000012e-31,6.204
6170,5.097e-29,4.754000011e-31,4.754000011e-31,6.187
6180,4.845e-29,4.661000011e-31,4.661000011e-31,6.17
6190,4.608e-29,4.50000001e-31,4.50000001e-31,6.151
6200,4.39e-29,4.27400001e-31,4.27400001e-31,6.126
6210,4.192e-29,4.019000009e-31,4.019000009e-31,6.099
6220,4.011e-29,3.784000008e-31,3.784000008e-31,6.067
6230,3.846e-29,3.611000008e-31,3.611000008e-31,6.033
6240,3.698e-29,3.512000008e-31,3.512000008e-31,5.992
6250,3.568e-29,3.457000007e-31,3.457000007e-31,5.956
6260,3.45e-29,3.404000007e-31,3.404000007e-31,5.919
6270,3.351e-29,3.368000007e-31,3.368000007e-31,5.885
6280,3.268e-29,3.292000007e-31,3.292000007e-31,5.847
6290,3.195e-29,3.206000006e-31,3.206000006e-31,5.813
6300,3.131e-29,3.068000006e-31,3.068000006e-31,5.787
6310,3.091e-29,3.044000006e-31,3.044000006e-31,5.755
6320,3.06e-29,3.028000006e-31,3.028000006e-31,5.725
6330,3.039e-29,3.007000006e-31,3.007000006e-31,5.687
6340,3.034e-29,3.023000006e-31,3.023000006e-31,5.651
6350,3.045e-29,3.071000006e-31,3.071000006e-31,5.607
6360,3.072e-29,3.152000006e-31,3.152000006e-31,5.557
6370,3.116e-29,3.226000006e-31,3.226000006e-31,5.51
6380,3.176e-29,3.274000006e-31,3.274000006e-31,5.458
6390,3.253e-29,3.294000006e-31,3.294000006e-31,5.406
6400,3.347e-29,3.171000006e-31,3.171000006e-31,5.35
6410,3.467e-29,3.069000005e-31,3.069000005e-31,5.29
6420,3.605e-29,3.029000005e-31,3.029000005e-31,5.225
6430,3.763e-29,3.051000005e-31,3.051000005e-31,5.163
6440,3.946e-29,3.183000005e-31,3.183000005e-31,5.094
6450,4.162e-29,3.442000006e-31,3.442000006e-31,5.013
6460,4.399e-29,3.732000006e-31,3.732000006e-31,4.933
6470,4.677e-29,3.949000006e-31,3.949000006e-31,4.852
6480,4.983e-29,4.112000007e-31,4.112000007e-31,4.756
6490,5.336e-29,4.403000007e-31,4.403000007e-31,4.661
6500,5.728e-29,4.776000007e-31,4.776000007e-31,4.554
6510,6.168e-29,5.353000008e-31,5.353000008e-31,4.44
6520,6.684e-29,6.204000009e-31,6.204000009e-31,4.326
6530,7.214e-29,7.047000011e-31,7.047000011e-31,4.198
6540,7.861e-29,8.442000013e-31,8.442000013e-31,4.078
6550,8.62e-29,9.957000015e-31,9.957000015e-31,3.961
6560,9.481e-29,1.299000002e-30,1.299000002e-30,3.823
6570,1.032e-28,1.631000002e-30,1.631000002e-30,3.714
6580,1.135e-28,1.979000003e-30,1.979000003e-30,3.606
6590,1.264e-28,2.414000003e-30,2.414000003e-30,3.527
6600,1.396e-28,3.217000004e-30,3.217000004e-30,3.43
6610,1.567e-28,4.121000006e-30,4.121000006e-30,3.345
6620,1.74e-28,5.409000007e-30,5.409000007e-30,3.28
6630,1.977e-28,6.891000009e-30,6.891000009e-30,3.216
6640,2.2e-28,9.132000012e-30,9.132000012e-30,3.151
6650,2.563e-28,1.160000002e-29,1.160000002e-29,3.057
6660,2.935e-28,1.505000002e-29,1.505000002e-29,2.985
6670,3.386e-28,1.927000002e-29,1.927000002e-29,2.902
6680,3.993e-28,2.479000003e-29,2.479000003e-29,2.786
6690,4.828e-28,3.121000004e-29,3.121000004e-29,2.694
6700,5.714e-28,4.020000005e-29,4.020000005e-29,2.64
6710,6.877e-28,5.213000006e-29,5.213000006e-29,2.634
6720,8.135e-28,6.800000008e-29,6.800000008e-29,2.655
6730,9.779e-28,8.920000011e-29,8.920000011e-29,2.667
6740,1.132e-27,1.130000001e-28,1.130000001e-28,2.741
6750,1.344e-27,1.400000002e-28,1.400000002e-28,2.824
6760,1.544e-27,1.700000002e-28,1.700000002e-28,2.955
6770,1.82e-27,2.050000002e-28,2.050000002e-28,3.069
6780,2.207e-27,2.370000003e-28,2.370000003e-28,3.196
6790,2.509e-27,2.610000003e-28,2.610000003e-28,3.298
6800,2.854e-27,2.770000003e-28,2.770000003e-28,3.408
6810,3.026e-27,2.850000003e-28,2.850000003e-28,3.501
6820,3.278e-27,2.860000003e-28,2.860000003e-28,3.577
6830,3.474e-27,2.780000003e-28,2.780000003e-28,3.642
6840,3.693e-27,2.720000003e-28,2.720000003e-28,3.673
6850,3.93e-27,2.740000003e-28,2.740000003e-28,3.712
6860,4.104e-27,2.830000003e-28,2.830000003e-28,3.712
6870,4.22e-27,3.010000003e-28,3.010000003e-28,3.688
6880,4.439e-27,3.220000003e-28,3.220000003e-28,3.632
6890,4.545e-27,3.520000003e-28,3.520000003e-28,3.598
6900,4.778e-27,3.780000004e-28,3.780000004e-28,3.567
6910,4.812e-27,4.030000004e-28,4.030000004e-28,3.536
6920,5.018e-27,4.210000004e-28,4.210000004e-28,3.461
6930,4.899e-27,4.330000004e-28,4.330000004e-28,3.398
6940,5.075e-27,4.390000004e-28,4.390000004e-28,3.331
6950,5.073e-27,4.340000004e-28,4.340000004e-28,3.211
6960,5.171e-27,4.250000004e-28,4.250000004e-28,3.099
6970,5.131e-27,4.070000004e-28,4.070000004e-28,2.947
6980,5.25e-27,3.880000003e-28,3.880000003e-28,2.825
6990,5.617e-27,3.670000003e-28,3.670000003e-28,2.651
7000,5.846e-27,3.560000003e-28,3.560000003e-28,2.467
7010,6.239e-27,3.520000003e-28,3.520000003e-28,2.338
7020,6.696e-27,3.670000003e-28,3.670000003e-28,2.184
7030,7.398e-27,4.020000003e-28,4.020000003e-28,2.098
7040,8.073e-27,4.640000004e-28,4.640000004e-28,2.061
7050,9.15e-27,5.630000005e-28,5.630000005e-28,2.037
7060,1.009e-26,6.890000006e-28,6.890000006e-28,2.101
7070,1.116e-26,8.820000007e-28,8.820000007e-28,2.154
7080,1.264e-26,1.110000001e-27,1.110000001e-27,2.279
7090,1.439e-26,1.410000001e-27,1.410000001e-27,2.397
7100,1.644e-26,1.730000001e-27,1.730000001e-27,2.514
7110,1.856e-26,2.120000002e-27,2.120000002e-27,2.669
7120,2.147e-26,2.570000002e-27,2.570000002e-27,2.799
7130,2.317e-26,2.990000002e-27,2.990000002e-27,2.946
7140,2.713e-26,3.450000003e-27,3.450000003e-27,3.099
7150,2.882e-26,3.790000003e-27,3.790000003e-27,3.232
7160,2.99e-26,4.090000003e-27,4.090000003e-27,3.331
7170,3.489e-26,4.230000003e-27,4.230000003e-27,3.404
7180,3.581e-26,4.300000003e-27,4.300000003e-27,3.471
7190,4.033e-26,4.330000003e-27,4.330000003e-27,3.481
7200,4.26e-26,4.350000003e-27,4.350000003e-27,3.516
7210,4.543e-26,4.440000003e-27,4.440000003e-27,3.537
7220,4.84e-26,4.540000003e-27,4.540000003e-27,3.587
7230,4.826e-26,4.620000003e-27,4.620000003e-27,3.613
7240,5.013e-26,4.670000003e-27,4.670000003e-27,3.637
7250,5.252e-26,4.710000003e-27,4.710000003e-27,3.702
7260,5.277e-26,4.770000003e-27,4.770000003e-27,3.772
7270,5.306e-26,4.930000003e-27,4.930000003e-27,3.874
7280,5.234e-26,5.190000003e-27,5.190000003e-27,3.898
7290,5.111e-26,5.540000003e-27,5.540000003e-27,3.883
7300,5.134e-26,5.900000004e-27,5.900000004e-27,3.84
7310,4.748e-26,6.120000004e-27,6.120000004e-27,3.771
7320,4.434e-26,6.150000004e-27,6.150000004e-27,3.692
7330,4.109e-26,5.810000003e-27,5.810000003e-27,3.566
7340,3.605e-26,5.210000003e-27,5.210000003e-27,3.436
7350,3.252e-26,4.510000003e-27,4.510000003e-27,3.29
7360,2.731e-26,3.690000002e-27,3.690000002e-27,3.133
7370,2.369e-26,2.890000002e-27,2.890000002e-27,3.002
7380,1.922e-26,2.140000001e-27,2.140000001e-27,2.833
7390,1.558e-26,1.550000001e-27,1.550000001e-27,2.686
7400,1.321e-26,1.110000001e-27,1.110000001e-27,2.565
7410,1.058e-26,7.780000004e-28,7.780000004e-28,2.498
7420,8.515e-27,5.460000003e-28,5.460000003e-28,2.489
7430,6.811e-27,3.930000002e-28,3.930000002e-28,2.51
7440,5.431e-27,2.930000002e-28,2.930000002e-28,2.575
7450,4.348e-27,2.260000001e-28,2.260000001e-28,2.69
7460,3.51e-27,1.827000001e-28,1.827000001e-28,2.836
7470,2.853e-27,1.537000001e-28,1.537000001e-28,2.967
7480,2.344e-27,1.324000001e-28,1.324000001e-28,3.067
7490,1.949e-27,1.144000001e-28,1.144000001e-28,3.15
7500,1.649e-27,9.841000005e-29,9.841000005e-29,3.215
7510,1.409e-27,8.226000004e-29,8.226000004e-29,3.275
7520,1.232e-27,6.832000003e-29,6.832000003e-29,3.333
7530,1.098e-27,5.782000003e-29,5.782000003e-29,3.369
7540,9.866e-28,4.828000002e-29,4.828000002e-29,3.416
7550,8.899e-28,4.081000002e-29,4.081000002e-29,3.478
7560,8.135e-28,3.575000002e-29,3.575000002e-29,3.526
7570,7.409e-28,3.239000001e-29,3.239000001e-29,3.563
7580,6.809e-28,2.806000001e-29,2.806000001e-29,3.603
7590,6.237e-28,2.365000001e-29,2.365000001e-29,3.649
7600,5.728e-28,2.002000001e-29,2.002000001e-29,3.678
7610,5.267e-28,1.685000001e-29,1.685000001e-29,3.694
7620,4.865e-28,1.412000001e-29,1.412000001e-29,3.716
7630,4.482e-28,1.196000001e-29,1.196000001e-29,3.74
7640,4.169e-28,1.029e-29,1.029e-29,3.761
7650,3.841e-28,8.712000004e-30,8.712000004e-30,3.8
7660,3.573e-28,7.602000003e-30,7.602000003e-30,3.831
7670,3.304e-28,6.494000003e-30,6.494000003e-30,3.874
7680,3.065e-28,5.588000002e-30,5.588000002e-30,3.942
7690,2.851e-28,4.802000002e-30,4.802000002e-30,4.005
7700,2.634e-28,4.184000002e-30,4.184000002e-30,4.099
7710,2.448e-28,3.626000001e-30,3.626000001e-30,4.193
7720,2.275e-28,3.180000001e-30,3.180000001e-30,4.29
7730,2.114e-28,2.819000001e-30,2.819000001e-30,4.387
7740,1.965e-28,2.487000001e-30,2.487000001e-30,4.497
7750,1.83e-28,2.197000001e-30,2.197000001e-30,4.617
7760,1.707e-28,1.951000001e-30,1.951000001e-30,4.715
7770,1.591e-28,1.746000001e-30,1.746000001e-30,4.805
7780,1.484e-28,1.574000001e-30,1.574000001e-30,4.894
7790,1.386e-28,1.415000001e-30,1.415000001e-30,4.991
7800,1.294e-28,1.275e-30,1.275e-30,5.084
7810,1.209e-28,1.156e-30,1.156e-30,5.161
7820,1.131e-28,1.054e-30,1.054e-30,5.236
7830,1.056e-28,9.632000003e-31,9.632000003e-31,5.3
7840,9.901e-29,8.898000003e-31,8.898000003e-31,5.368
7850,9.263e-29,8.142000003e-31,8.142000003e-31,5.454
7860,8.68e-29,7.473000003e-31,7.473000003e-31,5.529
7870,8.137e-29,6.887000002e-31,6.887000002e-31,5.589
7880,7.627e-29,6.352000002e-31,6.352000002e-31,5.654
7890,7.158e-29,5.863000002e-31,5.863000002e-31,5.714
7900,6.715e-29,5.419000002e-31,5.419000002e-31,5.786
7910,6.305e-29,5.017000002e-31,5.017000002e-31,5.838
7920,5.927e-29,4.632000001e-31,4.632000001e-31,5.886
7930,5.568e-29,4.297000001e-31,4.297000001e-31,5.947
7940,5.242e-29,3.994000001e-31,3.994000001e-31,5.987
7950,4.935e-29,3.729000001e-31,3.729000001e-31,6.032
7960,4.648e-29,3.488000001e-31,3.488000001e-31,6.071
7970,4.383e-29,3.262000001e-31,3.262000001e-31,6.099
7980,4.137e-29,3.052000001e-31,3.052000001e-31,6.122
7990,3.909e-29,2.854000001e-31,2.854000001e-31,6.136
8000,3.697e-29,2.666000001e-31,2.666000001e-31,6.147
8010,3.5e-29,2.507000001e-31,2.507000001e-31,6.151
8020,3.321e-29,2.380000001e-31,2.380000001e-31,6.144
8030,3.156e-29,2.284000001e-31,2.284000001e-31,6.129
8040,3.006e-29,2.218000001e-31,2.218000001e-31,6.104
8050,2.868e-29,2.188000001e-31,2.188000001e-31,6.063
8060,2.745e-29,2.186000001e-31,2.186000001e-31,6.008
8070,2.638e-29,2.274000001e-31,2.274000001e-31,5.936
8080,2.545e-29,2.411000001e-31,2.411000001e-31,5.835
8090,2.469e-29,2.632000001e-31,2.632000001e-31,5.713
8100,2.405e-29,2.946000001e-31,2.946000001e-31,5.572
8110,2.369e-29,3.377000001e-31,3.377000001e-31,5.404
8120,2.344e-29,4.136000001e-31,4.136000001e-31,5.225
8130,2.35e-29,5.091000001e-31,5.091000001e-31,5.042
8140,2.371e-29,6.500000002e-31,6.500000002e-31,4.88
8150,2.491e-29,8.029000002e-31,8.029000002e-31,4.718
8160,2.535e-29,1.06e-30,1.06e-30,4.576
8170,2.73e-29,1.353e-30,1.353e-30,4.46
8180,3.067e-29,1.687e-30,1.687e-30,4.355
8190,3.322e-29,2.032e-30,2.032e-30,4.234
8200,3.63e-29,2.297000001e-30,2.297000001e-30,4.111
8210,4.045e-29,2.614000001e-30,2.614000001e-30,3.975
8220,4.524e-29,3.012000001e-30,3.012000001e-30,3.888
8230,4.981e-29,3.333000001e-30,3.333000001e-30,3.766
8240,5.613e-29,3.598000001e-30,3.598000001e-30,3.683
8250,6.051e-29,3.817000001e-30,3.817000001e-30,3.633
8260,6.538e-29,3.976000001e-30,3.976000001e-30,3.637
8270,6.892e-29,4.094000001e-30,4.094000001e-30,3.669
8280,7.601e-29,5.070000001e-30,5.070000001e-30,3.702
8290,8.194e-29,6.520000001e-30,6.520000001e-30,3.739
8300,8.806e-29,8.376000002e-30,8.376000002e-30,3.804
8310,9.45e-29,9.522000002e-30,9.522000002e-30,3.87
8320,9.745e-29,9.704000002e-30,9.704000002e-30,3.916
8330,1.009e-28,1.011e-29,1.011e-29,3.948
8340,1.017e-28,1.017e-29,1.017e-29,3.943
8350,1.039e-28,9.629000002e-30,9.629000002e-30,3.971
8360,1.061e-28,8.527000002e-30,8.527000002e-30,3.98
8370,1.076e-28,8.054000002e-30,8.054000002e-30,3.982
8380,1.086e-28,8.269000002e-30,8.269000002e-30,3.967
8390,1.111e-28,9.019000002e-30,9.019000002e-30,3.95
8400,1.142e-28,1.023e-29,1.023e-29,3.947
8410,1.16e-28,1.181e-29,1.181e-29,3.92
8420,1.174e-28,1.245e-29,1.245e-29,3.888
8430,1.18e-28,1.226e-29,1.226e-29,3.819
8440,1.187e-28,1.182e-29,1.182e-29,3.756
8450,1.194e-28,1.109e-29,1.109e-29,3.689
8460,1.192e-28,9.835000002e-30,9.835000002e-30,3.618
8470,1.224e-28,9.044000002e-30,9.044000002e-30,3.523
8480,1.245e-28,8.157000002e-30,8.157000002e-30,3.405
8490,1.246e-28,7.184000001e-30,7.184000001e-30,3.303
8500,1.318e-28,6.295000001e-30,6.295000001e-30,3.206
8510,1.377e-28,5.480000001e-30,5.480000001e-30,3.098
8520,1.471e-28,4.895000001e-30,4.895000001e-30,2.963
8530,1.582e-28,4.520000001e-30,4.520000001e-30,2.816
8540,1.713e-28,4.485000001e-30,4.485000001e-30,2.667
8550,1.853e-28,4.574000001e-30,4.574000001e-30,2.521
8560,2.063e-28,4.856000001e-30,4.856000001e-30,2.39
8570,2.27e-28,5.356000001e-30,5.356000001e-30,2.261
8580,2.567e-28,6.406000001e-30,6.406000001e-30,2.135
8590,2.891e-28,8.013000001e-30,8.013000001e-30,2.031
8600,3.264e-28,1.006e-29,1.006e-29,1.988
8610,3.744e-28,1.236e-29,1.236e-29,1.995
8620,4.286e-28,1.568e-29,1.568e-29,2.044
8630,4.915e-28,2.118e-29,2.118e-29,2.105
8640,5.623e-28,2.955e-29,2.955e-29,2.189
8650,6.336e-28,4.231000001e-29,4.231000001e-29,2.315
8660,7.293e-28,5.827000001e-29,5.827000001e-29,2.445
8670,8.309e-28,7.819000001e-29,7.819000001e-29,2.592
8680,9.319e-28,1.009e-28,1.009e-28,2.745
8690,1.091e-27,1.24e-28,1.24e-28,2.907
8700,1.243e-27,1.46e-28,1.46e-28,3.07
8710,1.348e-27,1.64e-28,1.64e-28,3.231
8720,1.449e-27,1.79e-28,1.79e-28,3.34
8730,1.62e-27,1.87e-28,1.87e-28,3.45
8740,1.846e-27,1.93e-28,1.93e-28,3.547
8750,1.937e-27,1.93e-28,1.93e-28,3.617
8760,2.04e-27,1.93e-28,1.93e-28,3.682
8770,2.179e-27,1.95e-28,1.95e-28,3.683
8780,2.298e-27,2.07e-28,2.07e-28,3.653
8790,2.433e-27,2.23e-28,2.23e-28,3.577
8800,2.439e-27,2.34e-28,2.34e-28,3.558
8810,2.464e-27,2.44e-28,2.44e-28,3.572
8820,2.611e-27,2.55e-28,2.55e-28,3.597
8830,2.617e-27,2.67e-28,2.67e-28,3.648
8840,2.582e-27,2.76e-28,2.76e-28,3.693
8850,2.453e-27,2.81e-28,2.81e-28,3.772
8860,2.401e-27,2.9e-28,2.9e-28,3.801
8870,2.349e-27,2.94e-28,2.94e-28,3.772
8880,2.203e-27,2.91e-28,2.91e-28,3.703
8890,2.066e-27,2.77e-28,2.77e-28,3.597
8900,1.939e-27,2.52e-28,2.52e-28,3.459
8910,1.78e-27,2.21e-28,2.21e-28,3.335
8920,1.558e-27,1.84e-28,1.84e-28,3.189
8930,1.391e-27,1.49e-28,1.49e-28,3.054
8940,1.203e-27,1.15e-28,1.15e-28,2.901
8950,1.048e-27,8.640000001e-29,8.640000001e-29,2.756
8960,9.464e-28,6.440000001e-29,6.440000001e-29,2.629
8970,8.306e-28,4.790000001e-29,4.790000001e-29,2.519
8980,7.239e-28,3.64e-29,3.64e-29,2.415
8990,6.317e-28,2.75e-29,2.75e-29,2.379
9000,5.52e-28,2.14e-29,2.14e-29,2.391
9010,4.847e-28,1.75e-29,1.75e-29,2.433
9020,4.282e-28,1.48e-29,1.48e-29,2.485
9030,3.796e-28,1.3e-29,1.3e-29,2.612
9040,3.377e-28,1.16e-29,1.16e-29,2.787
9050,2.996e-28,1.054e-29,1.054e-29,2.913
9060,2.678e-28,9.541000001e-30,9.541000001e-30,3.033
9070,2.4e-28,8.551000001e-30,8.551000001e-30,3.11
9080,2.134e-28,7.602000001e-30,7.602000001e-30,3.185
9090,1.904e-28,6.706000001e-30,6.706000001e-30,3.21
9100,1.705e-28,5.725000001e-30,5.725000001e-30,3.254
9110,1.523e-28,4.695e-30,4.695e-30,3.286
9120,1.35e-28,3.98e-30,3.98e-30,3.316
9130,1.204e-28,3.547e-30,3.547e-30,3.334
9140,1.07e-28,3.195e-30,3.195e-30,3.376
9150,9.408e-29,2.933e-30,2.933e-30,3.422
9160,8.476e-29,2.553e-30,2.553e-30,3.443
9170,7.47e-29,2.077e-30,2.077e-30,3.471
9180,6.679e-29,1.706e-30,1.706e-30,3.492
9190,5.929e-29,1.389e-30,1.389e-30,3.496
9200,5.267e-29,1.188e-30,1.188e-30,3.491
9210,4.711e-29,1.023e-30,1.023e-30,3.491
9220,4.172e-29,8.598000001e-31,8.598000001e-31,3.481
9230,3.761e-29,7.241000001e-31,7.241000001e-31,3.46
9240,3.288e-29,5.923000001e-31,5.923000001e-31,3.475
9250,2.929e-29,4.891e-31,4.891e-31,3.466
9260,2.609e-29,4.055e-31,4.055e-31,3.471
9270,2.315e-29,3.496e-31,3.496e-31,3.485
9280,2.042e-29,2.93e-31,2.93e-31,3.482
9290,1.844e-29,2.455e-31,2.455e-31,3.548
9300,1.64e-29,2.158e-31,2.158e-31,3.566
9310,1.47e-29,1.834e-31,1.834e-31,3.643
9320,1.31e-29,1.56e-31,1.56e-31,3.748
9330,1.176e-29,1.378e-31,1.378e-31,3.8
9340,1.049e-29,1.153e-31,1.153e-31,3.956
9350,9.377e-30,9.816000001e-32,9.816000001e-32,4.068
9360,8.462e-30,8.436000001e-32,8.436000001e-32,4.223
9370,7.616e-30,7.371000001e-32,7.371000001e-32,4.357
9380,6.818e-30,6.374000001e-32,6.374000001e-32,4.506
9390,6.119e-30,5.452e-32,5.452e-32,4.634
9400,5.558e-30,4.766e-32,4.766e-32,4.752
9410,5.152e-30,4.153e-32,4.153e-32,4.839
9420,4.832e-30,3.703e-32,3.703e-32,4.89
9430,4.546e-30,3.277e-32,3.277e-32,4.95
9440,4.267e-30,2.908e-32,2.908e-32,5.034
9450,4.009e-30,2.575e-32,2.575e-32,5.113
9460,3.77e-30,2.326e-32,2.326e-32,5.176
9470,3.546e-30,2.104e-32,2.104e-32,5.228
9480,3.34e-30,1.905e-32,1.905e-32,5.383
9490,3.149e-30,1.73e-32,1.73e-32,5.523
9500,2.971e-30,1.586e-32,1.586e-32,5.62
9510,2.805e-30,1.45e-32,1.45e-32,5.705
9520,2.652e-30,1.345e-32,1.345e-32,5.775
9530,2.509e-30,1.25e-32,1.25e-32,5.823
9540,2.377e-30,1.164e-32,1.164e-32,5.885
9550,2.255e-30,1.092e-32,1.092e-32,5.931
9560,2.142e-30,1.045e-32,1.045e-32,5.96
9570,2.038e-30,1.009e-32,1.009e-32,5.985
9580,1.943e-30,1.005e-32,1.005e-32,6.006
9590,1.855e-30,9.951000001e-33,9.951000001e-33,6.019
9600,1.776e-30,1.005e-32,1.005e-32,6.021
9610,1.703e-30,1.059e-32,1.059e-32,6.015
9620,1.64e-30,1.143e-32,1.143e-32,5.997
9630,1.586e-30,1.26e-32,1.26e-32,5.954
9640,1.536e-30,1.363e-32,1.363e-32,5.901
9650,1.494e-30,1.432e-32,1.432e-32,5.817
9660,1.466e-30,1.569e-32,1.569e-32,5.716
9670,1.446e-30,1.758e-32,1.758e-32,5.554
9680,1.44e-30,1.998e-32,1.998e-32,5.389
9690,1.439e-30,2.326e-32,2.326e-32,5.18
9700,1.455e-30,2.705e-32,2.705e-32,4.951
9710,1.461e-30,3.333e-32,3.333e-32,4.772
9720,1.479e-30,4.112e-32,4.112e-32,4.646
9730,1.514e-30,5.401e-32,5.401e-32,4.551
9740,1.538e-30,7.508e-32,7.508e-32,4.424
9750,1.59e-30,1.02e-31,1.02e-31,4.389
9760,1.652e-30,1.368e-31,1.368e-31,4.41
9770,1.75e-30,1.613e-31,1.613e-31,4.457
9780,1.811e-30,1.696e-31,1.696e-31,4.471
9790,1.88e-30,1.727e-31,1.727e-31,4.473
9800,1.933e-30,1.792e-31,1.792e-31,4.545
9810,2.027e-30,1.778e-31,1.778e-31,4.605
9820,2.078e-30,1.662e-31,1.662e-31,4.644
9830,2.17e-30,1.502e-31,1.502e-31,4.652
9840,2.249e-30,1.489e-31,1.489e-31,4.669
9850,2.323e-30,1.562e-31,1.562e-31,4.666
9860,2.408e-30,1.665e-31,1.665e-31,4.639
9870,2.461e-30,1.814e-31,1.814e-31,4.603
9880,2.536e-30,2.002e-31,2.002e-31,4.531
9890,2.581e-30,2.318e-31,2.318e-31,4.493
9900,2.615e-30,2.7e-31,2.7e-31,4.449
9910,2.721e-30,2.763e-31,2.763e-31,4.411
9920,2.782e-30,2.343e-31,2.343e-31,4.361
9930,2.866e-30,1.951e-31,1.951e-31,4.304
9940,2.938e-30,1.608e-31,1.608e-31,4.269
9950,2.958e-30,1.422e-31,1.422e-31,4.212
9960,3.011e-30,1.321e-31,1.321e-31,4.17
9970,3.155e-30,1.33e-31,1.33e-31,4.152
9980,3.237e-30,1.19e-31,1.19e-31,4.133
9990,3.589e-30,1.13e-31,1.13e-31,4.119
10000,3.838e-30,1.016e-31,1.016e-31,4.1
10010,4.083e-30,9.038e-32,9.038e-32,4.105
10020,4.354e-30,7.965e-32,7.965e-32,4.096
10030,4.745e-30,7.894e-32,7.894e-32,4.042
10040,5.148e-30,8.265e-32,8.265e-32,3.964
10050,5.648e-30,9.273e-32,9.273e-32,3.876
10060,6.194e-30,1.058e-31,1.058e-31,3.779
10070,6.748e-30,1.219e-31,1.219e-31,3.652
10080,7.566e-30,1.548e-31,1.548e-31,3.513
10090,8.421e-30,1.833e-31,1.833e-31,3.359
10100,9.427e-30,2.264e-31,2.264e-31,3.201
10110,1.042e-29,2.884e-31,2.884e-31,3.075
10120,1.165e-29,3.659e-31,3.659e-31,2.935
10130,1.341e-29,4.776e-31,4.776e-31,2.775
10140,1.518e-29,6.271e-31,6.271e-31,2.682
10150,1.686e-29,7.958e-31,7.958e-31,2.601
10160,2.036e-29,1.032e-30,1.032e-30,2.613
10170,2.362e-29,1.338e-30,1.338e-30,2.64
10180,2.811e-29,1.802e-30,1.802e-30,2.663
10190,3.296e-29,2.366e-30,2.366e-30,2.73
10200,4.07e-29,2.933e-30,2.933e-30,2.82
10210,4.695e-29,3.923e-30,3.923e-30,2.936
10220,6.152e-29,5.504e-30,5.504e-30,3.052
10230,7.572e-29,7.652e-30,7.652e-30,3.149
10240,9.557e-29,9.572e-30,9.572e-30,3.243
10250,1.135e-28,1.097e-29,1.097e-29,3.322
10260,1.279e-28,1.126e-29,1.126e-29,3.394
10270,1.364e-28,1.113e-29,1.113e-29,3.441
10280,1.436e-28,1.09e-29,1.09e-29,3.479
10290,1.54e-28,1.07e-29,1.07e-29,3.449
10300,1.672e-28,1.07e-29,1.07e-29,3.423
10310,1.793e-28,1.12e-29,1.12e-29,3.388
10320,1.906e-28,1.21e-29,1.21e-29,3.331
10330,2.036e-28,1.33e-29,1.33e-29,3.253
10340,2.144e-28,1.48e-29,1.48e-29,3.153
10350,2.292e-28,1.64e-29,1.64e-29,3.109
10360,2.371e-28,1.79e-29,1.79e-29,3.05
10370,2.493e-28,1.94e-29,1.94e-29,2.952
10380,2.606e-28,2.05e-29,2.05e-29,2.864
10390,2.706e-28,2.17e-29,2.17e-29,2.808
10400,2.866e-28,2.28e-29,2.28e-29,2.708
10410,3.036e-28,2.4e-29,2.4e-29,2.657
10420,3.136e-28,2.53e-29,2.53e-29,2.594
10430,3.405e-28,2.74e-29,2.74e-29,2.554
10440,3.665e-28,3.03e-29,3.03e-29,2.543
10450,3.837e-28,3.42e-29,3.42e-29,2.549
10460,4.229e-28,3.87e-29,3.87e-29,2.623
10470,4.748e-28,4.47e-29,4.47e-29,2.708
10480,5.32e-28,5.19e-29,5.19e-29,2.798
10490,5.763e-28,5.91e-29,5.91e-29,2.909
10500,6.677e-28,6.77e-29,6.77e-29,3.039
10510,7.216e-28,7.5e-29,7.5e-29,3.161
10520,7.716e-28,8.28e-29,8.28e-29,3.244
10530,8.958e-28,8.83e-29,8.83e-29,3.293
10540,9.419e-28,9.36e-29,9.36e-29,3.358
10550,1.036e-27,9.91e-29,9.91e-29,3.389
10560,1.108e-27,1.03e-28,1.03e-28,3.424
10570,1.189e-27,1.09e-28,1.09e-28,3.489
10580,1.246e-27,1.14e-28,1.14e-28,3.559
10590,1.348e-27,1.17e-28,1.17e-28,3.601
10600,1.31e-27,1.18e-28,1.18e-28,3.641
10610,1.361e-27,1.18e-28,1.18e-28,3.707
10620,1.364e-27,1.18e-28,1.18e-28,3.791
10630,1.363e-27,1.21e-28,1.21e-28,3.879
10640,1.343e-27,1.26e-28,1.26e-28,3.902
10650,1.293e-27,1.35e-28,1.35e-28,3.873
10660,1.254e-27,1.43e-28,1.43e-28,3.811
10670,1.235e-27,1.49e-28,1.49e-28,3.726
10680,1.158e-27,1.49e-28,1.49e-28,3.637
10690,1.107e-27,1.4e-28,1.4e-28,3.519
10700,9.961e-28,1.25e-28,1.25e-28,3.357
10710,9.011e-28,1.07e-28,1.07e-28,3.205
10720,7.91e-28,8.61e-29,8.61e-29,3.055
10730,6.916e-28,6.57e-29,6.57e-29,2.898
10740,6.338e-28,4.8e-29,4.8e-29,2.737
10750,5.564e-28,3.47e-29,3.47e-29,2.612
10760,4.827e-28,2.47e-29,2.47e-29,2.543
10770,4.198e-28,1.78e-29,1.78e-29,2.531
10780,3.695e-28,1.33e-29,1.33e-29,2.589
10790,3.276e-28,1.05e-29,1.05e-29,2.697
10800,2.929e-28,8.72e-30,8.72e-30,2.819
10810,2.633e-28,7.51e-30,7.51e-30,2.914
10820,2.391e-28,6.76e-30,6.76e-30,2.991
10830,2.192e-28,6.27e-30,6.27e-30,3.045
10840,2.021e-28,6e-30,6e-30,3.067
10850,1.89e-28,5.99e-30,5.99e-30,3.06
10860,1.772e-28,6.26e-30,6.26e-30,3.082
10870,1.667e-28,6.86e-30,6.86e-30,3.087
10880,1.603e-28,7.58e-30,7.58e-30,3.11
10890,1.547e-28,8.49e-30,8.49e-30,3.145
10900,1.537e-28,9.53e-30,9.53e-30,3.183
10910,1.492e-28,1.05e-29,1.05e-29,3.249
10920,1.515e-28,1.14e-29,1.14e-29,3.296
10930,1.479e-28,1.2e-29,1.2e-29,3.346
10940,1.45e-28,1.25e-29,1.25e-29,3.399
10950,1.513e-28,1.28e-29,1.28e-29,3.409
10960,1.495e-28,1.3e-29,1.3e-29,3.449
10970,1.529e-28,1.31e-29,1.31e-29,3.472
10980,1.565e-28,1.32e-29,1.32e-29,3.497
10990,1.564e-28,1.33e-29,1.33e-29,3.55
11000,1.553e-28,1.33e-29,1.33e-29,3.593
11010,1.569e-28,1.31e-29,1.31e-29,3.638
11020,1.584e-28,1.27e-29,1.27e-29,3.674
11030,1.57e-28,1.23e-29,1.23e-29,3.731
11040,1.538e-28,1.19e-29,1.19e-29,3.795
11050,1.531e-28,1.2e-29,1.2e-29,3.863
11060,1.346e-28,1.25e-29,1.25e-29,3.874
11070,1.199e-28,1.33e-29,1.33e-29,3.845
11080,1.044e-28,1.42e-29,1.42e-29,3.808
11090,8.892e-29,1.48e-29,1.48e-29,3.739
11100,7.076e-29,1.49e-29,1.49e-29,3.661
11110,5.884e-29,1.41e-29,1.41e-29,3.556
11120,5.039e-29,1.26e-29,1.26e-29,3.411
11130,4.129e-29,1.08e-29,1.08e-29,3.273
11140,3.663e-29,8.8e-30,8.8e-30,3.139
11150,2.993e-29,6.78e-30,6.78e-30,3.009
11160,2.622e-29,4.911e-30,4.911e-30,2.865
11170,2.232e-29,3.496e-30,3.496e-30,2.736
11180,1.884e-29,2.473e-30,2.473e-30,2.675
11190,1.569e-29,1.802e-30,1.802e-30,2.674
11200,1.348e-29,1.369e-30,1.369e-30,2.73
11210,1.144e-29,1.077e-30,1.077e-30,2.845
11220,1.009e-29,8.546e-31,8.546e-31,2.969
11230,8.833e-30,6.667e-31,6.667e-31,3.148
11240,7.907e-30,5.313e-31,5.313e-31,3.3
11250,7.079e-30,4.301e-31,4.301e-31,3.429
11260,6.514e-30,3.525e-31,3.525e-31,3.55
11270,5.823e-30,2.974e-31,2.974e-31,3.642
11280,5.312e-30,2.52e-31,2.52e-31,3.721
11290,4.883e-30,2.094e-31,2.094e-31,3.797
11300,4.458e-30,1.753e-31,1.753e-31,3.866
11310,4.094e-30,1.49e-31,1.49e-31,3.918
11320,3.734e-30,1.238e-31,1.238e-31,3.992
11330,3.458e-30,1.062e-31,1.062e-31,4.054
11340,3.205e-30,9.244e-32,9.244e-32,4.117
11350,2.962e-30,8.033e-32,8.033e-32,4.18
11360,2.733e-30,7.035e-32,7.035e-32,4.237
11370,2.532e-30,6.101e-32,6.101e-32,4.318
11380,2.351e-30,5.289e-32,5.289e-32,4.4
11390,2.187e-30,4.631e-32,4.631e-32,4.482
11400,2.034e-30,4.064e-32,4.064e-32,4.567
11410,1.889e-30,3.587e-32,3.587e-32,4.648
11420,1.764e-30,3.166e-32,3.166e-32,4.735
11430,1.648e-30,2.828e-32,2.828e-32,4.813
11440,1.541e-30,2.543e-32,2.543e-32,4.886
11450,1.443e-30,2.294e-32,2.294e-32,4.958
11460,1.355e-30,2.081e-32,2.081e-32,5.022
11470,1.274e-30,1.894e-32,1.894e-32,5.083
11480,1.198e-30,1.725e-32,1.725e-32,5.137
11490,1.133e-30,1.592e-32,1.592e-32,5.186
11500,1.071e-30,1.475e-32,1.475e-32,5.231
11510,1.015e-30,1.374e-32,1.374e-32,5.266
11520,9.648e-31,1.294e-32,1.294e-32,5.295
11530,9.195e-31,1.233e-32,1.233e-32,5.317
11540,8.791e-31,1.19e-32,1.19e-32,5.324
11550,8.435e-31,1.157e-32,1.157e-32,5.311
11560,8.125e-31,1.144e-32,1.144e-32,5.287
11570,7.859e-31,1.156e-32,1.156e-32,5.248
11580,7.621e-31,1.184e-32,1.184e-32,5.178
11590,7.481e-31,1.236e-32,1.236e-32,5.076
11600,7.351e-31,1.35e-32,1.35e-32,4.954
11610,7.228e-31,1.515e-32,1.515e-32,4.793
11620,7.295e-31,1.759e-32,1.759e-32,4.605
11630,7.339e-31,2.098e-32,2.098e-32,4.349
11640,7.588e-31,2.581e-32,2.581e-32,4.099
11650,7.701e-31,3.114e-32,3.114e-32,3.939
11660,7.886e-31,3.888e-32,3.888e-32,3.72
11670,8.511e-31,4.875e-32,4.875e-32,3.578
11680,9.061e-31,6.057e-32,6.057e-32,3.462
11690,9.926e-31,7.249e-32,7.249e-32,3.431
11700,1.083e-30,8.794e-32,8.794e-32,3.463
11710,1.241e-30,1.101e-31,1.101e-31,3.48
11720,1.469e-30,1.381e-31,1.381e-31,3.528
11730,1.736e-30,1.705e-31,1.705e-31,3.564
11740,1.966e-30,2.027e-31,2.027e-31,3.631
11750,2.132e-30,2.143e-31,2.143e-31,3.705
11760,2.28e-30,2.098e-31,2.098e-31,3.747
11770,2.473e-30,2.13e-31,2.13e-31,3.782
11780,2.718e-30,2.112e-31,2.112e-31,3.802
11790,2.922e-30,2.003e-31,2.003e-31,3.825
11800,3.128e-30,1.874e-31,1.874e-31,3.821
11810,3.361e-30,1.891e-31,1.891e-31,3.787
11820,3.641e-30,2.078e-31,2.078e-31,3.737
11830,3.91e-30,2.373e-31,2.373e-31,3.698
11840,4.196e-30,2.765e-31,2.765e-31,3.642
11850,4.501e-30,3.042e-31,3.042e-31,3.563
11860,4.932e-30,3.165e-31,3.165e-31,3.445
11870,5.258e-30,3.191e-31,3.191e-31,3.32
11880,5.755e-30,3.148e-31,3.148e-31,3.2
11890,6.253e-30,3.076e-31,3.076e-31,3.072
11900,6.664e-30,3.127e-31,3.127e-31,2.931
11910,7.344e-30,3.164e-31,3.164e-31,2.722
11920,7.985e-30,3.259e-31,3.259e-31,2.582
11930,8.877e-30,3.423e-31,3.423e-31,2.409
11940,1.005e-29,3.61e-31,3.61e-31,2.311
11950,1.118e-29,4.051e-31,4.051e-31,2.237
11960,1.251e-29,4.697e-31,4.697e-31,2.194
11970,1.428e-29,5.785e-31,5.785e-31,2.209
11980,1.61e-29,7.579e-31,7.579e-31,2.256
11990,1.888e-29,1.036e-30,1.036e-30,2.352
12000,2.077e-29,1.441e-30,1.441e-30,2.45
12010,2.331e-29,1.984e-30,1.984e-30,2.584
12020,2.751e-29,2.627e-30,2.627e-30,2.72
12030,3.061e-29,3.316e-30,3.316e-30,2.87
12040,3.522e-29,3.95e-30,3.95e-30,3.018
12050,3.805e-29,4.47e-30,4.47e-30,3.184
12060,4.181e-29,4.92e-30,4.92e-30,3.316
12070,4.575e-29,5.2e-30,5.2e-30,3.408
12080,5.167e-29,5.39e-30,5.39e-30,3.506
12090,5.634e-29,5.46e-30,5.46e-30,3.577
12100,6.007e-29,5.53e-30,5.53e-30,3.623
12110,6.501e-29,5.66e-30,5.66e-30,3.604
12120,6.829e-29,6.02e-30,6.02e-30,3.565
12130,7.211e-29,6.43e-30,6.43e-30,3.555
12140,7.262e-29,6.68e-30,6.68e-30,3.562
12150,7.696e-29,6.91e-30,6.91e-30,3.585
12160,7.832e-29,7.12e-30,7.12e-30,3.603
12170,7.799e-29,7.42e-30,7.42e-30,3.681
12180,7.651e-29,7.55e-30,7.55e-30,3.774
12190,7.304e-29,7.75e-30,7.75e-30,3.838
12200,7.15e-29,8.09e-30,8.09e-30,3.83
12210,6.977e-29,8.3e-30,8.3e-30,3.779
12220,6.603e-29,8.35e-30,8.35e-30,3.711
12230,6.209e-29,7.95e-30,7.95e-30,3.592
12240,5.69e-29,7.22e-30,7.22e-30,3.455
12250,5.432e-29,6.3e-30,6.3e-30,3.326
12260,4.764e-29,5.23e-30,5.23e-30,3.157
12270,4.189e-29,4.2e-30,4.2e-30,3.007
12280,3.64e-29,3.19e-30,3.19e-30,2.847
12290,3.203e-29,2.39e-30,2.39e-30,2.702
12300,2.848e-29,1.79e-30,1.79e-30,2.583
12310,2.51e-29,1.36e-30,1.36e-30,2.503
12320,2.194e-29,1.05e-30,1.05e-30,2.479
12330,1.946e-29,8.32e-31,8.32e-31,2.513
12340,1.75e-29,6.89e-31,6.89e-31,2.588
12350,1.567e-29,5.89e-31,5.89e-31,2.656
12360,1.426e-29,5.14e-31,5.14e-31,2.78
12370,1.302e-29,4.6e-31,4.6e-31,2.894
12380,1.197e-29,4.19e-31,4.19e-31,2.967
12390,1.109e-29,3.94e-31,3.94e-31,3.026
12400,1.035e-29,3.9e-31,3.9e-31,3.076
12410,9.719e-30,4.07e-31,4.07e-31,3.122
12420,9.207e-30,4.39e-31,4.39e-31,3.164
12430,8.957e-30,4.82e-31,4.82e-31,3.212
12440,8.578e-30,5.29e-31,5.29e-31,3.282
12450,8.262e-30,5.75e-31,5.75e-31,3.335
12460,8.117e-30,6.09e-31,6.09e-31,3.405
12470,7.987e-30,6.28e-31,6.28e-31,3.468
12480,7.875e-30,6.31e-31,6.31e-31,3.508
12490,7.741e-30,6.19e-31,6.19e-31,3.546
12500,7.762e-30,6.04e-31,6.04e-31,3.57
12510,7.537e-30,5.85e-31,5.85e-31,3.591
12520,7.424e-30,5.71e-31,5.71e-31,3.575
12530,7.474e-30,5.68e-31,5.68e-31,3.576
12540,7.294e-30,5.68e-31,5.68e-31,3.611
12550,7.216e-30,5.64e-31,5.64e-31,3.619
12560,7.233e-30,5.58e-31,5.58e-31,3.649
12570,7.14e-30,5.51e-31,5.51e-31,3.675
12580,7.085e-30,5.48e-31,5.48e-31,3.764
12590,6.434e-30,5.45e-31,5.45e-31,3.854
12600,5.585e-30,5.57e-31,5.57e-31,3.88
12610,5.015e-30,5.77e-31,5.77e-31,3.873
12620,3.956e-30,5.96e-31,5.96e-31,3.83
12630,3.337e-30,6.05e-31,6.05e-31,3.767
12640,2.545e-30,5.89e-31,5.89e-31,3.673
12650,2.141e-30,5.43e-31,5.43e-31,3.556
12660,1.761e-30,4.77e-31,4.77e-31,3.44
12670,1.685e-30,4.02e-31,4.02e-31,3.309
12680,1.507e-30,3.25e-31,3.25e-31,3.188
12690,1.241e-30,2.482e-31,2.482e-31,3.07
12700,1.081e-30,1.774e-31,1.774e-31,2.969
12710,9.675e-31,1.256e-31,1.256e-31,2.906
12720,7.964e-31,9.234e-32,9.234e-32,2.871
12730,6.93e-31,7.045e-32,7.045e-32,2.904
12740,5.79e-31,5.521e-32,5.521e-32,3.003
12750,5.069e-31,4.369e-32,4.369e-32,3.162
12760,4.452e-31,3.524e-32,3.524e-32,3.317
12770,3.97e-31,2.816e-32,2.816e-32,3.469
12780,3.551e-31,2.251e-32,2.251e-32,3.647
12790,3.228e-31,1.804e-32,1.804e-32,3.774
12800,2.939e-31,1.463e-32,1.463e-32,3.884
12810,2.682e-31,1.215e-32,1.215e-32,3.98
12820,2.471e-31,1.024e-32,1.024e-32,4.066
12830,2.278e-31,8.639e-33,8.639e-33,4.143
12840,2.106e-31,7.368e-33,7.368e-33,4.225
12850,1.95e-31,6.218e-33,6.218e-33,4.323
12860,1.811e-31,5.294e-33,5.294e-33,4.419
12870,1.682e-31,4.549e-33,4.549e-33,4.515
12880,1.563e-31,3.948e-33,3.948e-33,4.603
12890,1.458e-31,3.406e-33,3.406e-33,4.707
12900,1.363e-31,3.054e-33,3.054e-33,4.809
12910,1.278e-31,2.726e-33,2.726e-33,4.893
12920,1.2e-31,2.447e-33,2.447e-33,4.984
12930,1.129e-31,2.195e-33,2.195e-33,5.071
12940,1.066e-31,1.985e-33,1.985e-33,5.156
12950,1.007e-31,1.806e-33,1.806e-33,5.251
12960,9.545e-32,1.655e-33,1.655e-33,5.329
12970,9.075e-32,1.512e-33,1.512e-33,5.407
12980,8.656e-32,1.388e-33,1.388e-33,5.478
12990,8.285e-32,1.281e-33,1.281e-33,5.543
13000,7.958e-32,1.202e-33,1.202e-33,5.594
13010,7.674e-32,1.13e-33,1.13e-33,5.641
13020,7.431e-32,1.067e-33,1.067e-33,5.684
13030,7.227e-32,1.014e-33,1.014e-33,5.708
13040,7.061e-32,9.731e-34,9.731e-34,5.73
13050,6.934e-32,9.426e-34,9.426e-34,5.741
13060,6.843e-32,9.247e-34,9.247e-34,5.745
13070,6.79e-32,9.205e-34,9.205e-34,5.738
13080,6.775e-32,9.334e-34,9.334e-34,5.727
13090,6.798e-32,9.652e-34,9.652e-34,5.701
13100,6.859e-32,1.033e-33,1.033e-33,5.676
13110,6.96e-32,1.148e-33,1.148e-33,5.633
13120,7.102e-32,1.308e-33,1.308e-33,5.591
13130,7.287e-32,1.525e-33,1.525e-33,5.547
13140,7.517e-32,1.739e-33,1.739e-33,5.489
13150,7.795e-32,1.949e-33,1.949e-33,5.431
13160,8.123e-32,2.376e-33,2.376e-33,5.368
13170,8.504e-32,2.844e-33,2.844e-33,5.299
13180,8.945e-32,3.389e-33,3.389e-33,5.224
13190,9.45e-32,3.655e-33,3.655e-33,5.154
13200,1.003e-31,3.545e-33,3.545e-33,5.069
13210,1.07e-31,3.479e-33,3.479e-33,4.99
13220,1.148e-31,3.553e-33,3.553e-33,4.903
13230,1.232e-31,3.737e-33,3.737e-33,4.812
13240,1.327e-31,3.818e-33,3.818e-33,4.717
13250,1.441e-31,3.809e-33,3.809e-33,4.615
13260,1.535e-31,3.88e-33,3.88e-33,4.513
13270,1.655e-31,4.142e-33,4.142e-33,4.404
13280,1.814e-31,4.435e-33,4.435e-33,4.29
13290,2.02e-31,4.756e-33,4.756e-33,4.162
13300,2.307e-31,5.133e-33,5.133e-33,4.023
13310,2.622e-31,5.551e-33,5.551e-33,3.904
13320,2.962e-31,5.845e-33,5.845e-33,3.796
13330,3.369e-31,5.803e-33,5.803e-33,3.683
13340,3.819e-31,5.719e-33,5.719e-33,3.552
13350,4.329e-31,5.853e-33,5.853e-33,3.424
13360,4.932e-31,6.281e-33,6.281e-33,3.295
13370,5.589e-31,6.996e-33,6.996e-33,3.189
13380,6.364e-31,8.162e-33,8.162e-33,3.034
13390,7.284e-31,9.54e-33,9.54e-33,2.878
13400,8.236e-31,1.095e-32,1.095e-32,2.751
13410,9.447e-31,1.285e-32,1.285e-32,2.577
13420,1.078e-30,1.509e-32,1.509e-32,2.47
13430,1.229e-30,1.818e-32,1.818e-32,2.358
13440,1.417e-30,2.262e-32,2.262e-32,2.215
13450,1.614e-30,2.827e-32,2.827e-32,2.154
13460,1.843e-30,3.508e-32,3.508e-32,2.105
13470,2.107e-30,4.512e-32,4.512e-32,2.104
13480,2.406e-30,6.307e-32,6.307e-32,2.117
13490,2.728e-30,9.024e-32,9.024e-32,2.129
13500,3.195e-30,1.36e-31,1.36e-31,2.184
13510,3.595e-30,1.901e-31,1.901e-31,2.237
13520,4.153e-30,2.577e-31,2.577e-31,2.298
13530,4.736e-30,3.3e-31,3.3e-31,2.374
13540,5.41e-30,4.08e-31,4.08e-31,2.462
13550,6.088e-30,4.79e-31,4.79e-31,2.52
13560,6.769e-30,5.44e-31,5.44e-31,2.606
13570,7.691e-30,5.99e-31,5.99e-31,2.6
13580,8.545e-30,6.46e-31,6.46e-31,2.596
13590,9.621e-30,6.82e-31,6.82e-31,2.619
13600,1.047e-29,7.13e-31,7.13e-31,2.618
13610,1.161e-29,7.62e-31,7.62e-31,2.572
13620,1.296e-29,8.36e-31,8.36e-31,2.536
13630,1.424e-29,9.59e-31,9.59e-31,2.573
13640,1.576e-29,1.15e-30,1.15e-30,2.618
13650,1.739e-29,1.38e-30,1.38e-30,2.634
13660,1.893e-29,1.67e-30,1.67e-30,2.646
13670,2.08e-29,1.99e-30,1.99e-30,2.714
13680,2.336e-29,2.35e-30,2.35e-30,2.787
13690,2.604e-29,2.74e-30,2.74e-30,2.875
13700,2.76e-29,3.11e-30,3.11e-30,2.963
13710,3.001e-29,3.51e-30,3.51e-30,3.065
13720,3.365e-29,3.89e-30,3.89e-30,3.179
13730,3.55e-29,4.21e-30,4.21e-30,3.253
13740,3.895e-29,4.49e-30,4.49e-30,3.316
13750,4.183e-29,4.66e-30,4.66e-30,3.352
13760,4.614e-29,4.86e-30,4.86e-30,3.393
13770,4.846e-29,4.96e-30,4.96e-30,3.404
13780,5.068e-29,5.08e-30,5.08e-30,3.445
13790,5.427e-29,5.2e-30,5.2e-30,3.496
13800,5.541e-29,5.29e-30,5.29e-30,3.547
13810,5.864e-29,5.3e-30,5.3e-30,3.597
13820,5.997e-29,5.22e-30,5.22e-30,3.632
13830,5.997e-29,5.16e-30,5.16e-30,3.712
13840,6.061e-29,5.18e-30,5.18e-30,3.787
13850,5.944e-29,5.35e-30,5.35e-30,3.846
13860,5.855e-29,5.68e-30,5.68e-30,3.85
13870,5.661e-29,6.07e-30,6.07e-30,3.806
13880,5.523e-29,6.42e-30,6.42e-30,3.747
13890,5.374e-29,6.6e-30,6.6e-30,3.662
13900,4.94e-29,6.39e-30,6.39e-30,3.573
13910,4.688e-29,5.833e-30,5.833e-30,3.424
13920,4.17e-29,4.978e-30,4.978e-30,3.274
13930,3.913e-29,3.905e-30,3.905e-30,3.142
13940,3.423e-29,2.877e-30,2.877e-30,3.017
13950,2.997e-29,2.004e-30,2.004e-30,2.87
13960,2.598e-29,1.451e-30,1.451e-30,2.765
13970,2.253e-29,1.059e-30,1.059e-30,2.73
13980,1.946e-29,7.99e-31,7.99e-31,2.781
13990,1.71e-29,6.377e-31,6.377e-31,2.864
14000,1.507e-29,5.103e-31,5.103e-31,2.937
14010,1.336e-29,4.119e-31,4.119e-31,3.002
14020,1.19e-29,3.32e-31,3.32e-31,3.032
14030,1.068e-29,2.753e-31,2.753e-31,3.044
14040,9.623e-30,2.345e-31,2.345e-31,3.027
14050,8.772e-30,2.085e-31,2.085e-31,3.007
14060,8.007e-30,1.94e-31,1.94e-31,2.979
14070,7.42e-30,1.865e-31,1.865e-31,2.934
14080,6.884e-30,1.826e-31,1.826e-31,2.897
14090,6.483e-30,1.807e-31,1.807e-31,2.887
14100,6.162e-30,1.877e-31,1.877e-31,2.875
14110,5.922e-30,2.057e-31,2.057e-31,2.853
14120,5.688e-30,2.306e-31,2.306e-31,2.848
14130,5.654e-30,2.507e-31,2.507e-31,2.859
14140,5.637e-30,2.708e-31,2.708e-31,2.903
14150,5.701e-30,3.067e-31,3.067e-31,2.925
14160,5.781e-30,3.472e-31,3.472e-31,2.953
14170,5.874e-30,3.786e-31,3.786e-31,3.006
14180,6.268e-30,4.073e-31,4.073e-31,3.061
14190,6.357e-30,4.576e-31,4.576e-31,3.12
14200,6.525e-30,5.402e-31,5.402e-31,3.184
14210,7.137e-30,6.367e-31,6.367e-31,3.277
14220,7.441e-30,7.512e-31,7.512e-31,3.343
14230,8.024e-30,8.413e-31,8.413e-31,3.374
14240,8.485e-30,8.797e-31,8.797e-31,3.422
14250,9.143e-30,9.096e-31,9.096e-31,3.481
14260,9.536e-30,9.3e-31,9.3e-31,3.521
14270,9.717e-30,9.52e-31,9.52e-31,3.588
14280,1.018e-29,9.64e-31,9.64e-31,3.641
14290,1.042e-29,9.59e-31,9.59e-31,3.695
14300,1.054e-29,9.39e-31,9.39e-31,3.742
14310,1.092e-29,9.14e-31,9.14e-31,3.776
14320,1.093e-29,8.95e-31,8.95e-31,3.85
14330,1.072e-29,8.97e-31,8.97e-31,3.899
14340,1.046e-29,9.3e-31,9.3e-31,3.919
14350,9.283e-30,9.91e-31,9.91e-31,3.891
14360,8.053e-30,1.06e-30,1.06e-30,3.84
14370,6.68e-30,1.12e-30,1.12e-30,3.761
14380,5.63e-30,1.14e-30,1.14e-30,3.662
14390,4.933e-30,1.1e-30,1.1e-30,3.562
14400,3.488e-30,1e-30,1e-30,3.395
14410,3.324e-30,8.68e-31,8.68e-31,3.261
14420,2.826e-30,7.14e-31,7.14e-31,3.131
14430,2.429e-30,5.61e-31,5.61e-31,3.018
14440,2.051e-30,4.136e-31,4.136e-31,2.887
14450,1.679e-30,2.974e-31,2.974e-31,2.802
14460,1.411e-30,2.098e-31,2.098e-31,2.796
14470,1.24e-30,1.529e-31,1.529e-31,2.87
14480,1.098e-30,1.178e-31,1.178e-31,2.986
14490,9.668e-31,9.441e-32,9.441e-32,3.102
14500,8.529e-31,7.608e-32,7.608e-32,3.247
14510,7.848e-31,6.158e-32,6.158e-32,3.332
14520,7.098e-31,5.095e-32,5.095e-32,3.4
14530,6.117e-31,4.238e-32,4.238e-32,3.455
14540,5.246e-31,3.691e-32,3.691e-32,3.511
14550,4.521e-31,3.374e-32,3.374e-32,3.567
14560,4.059e-31,3.126e-32,3.126e-32,3.624
14570,3.783e-31,2.883e-32,2.883e-32,3.671
14580,3.502e-31,2.69e-32,2.69e-32,3.702
14590,3.271e-31,2.482e-32,2.482e-32,3.734
14600,2.956e-31,2.248e-32,2.248e-32,3.782
14610,2.636e-31,2.069e-32,2.069e-32,3.823
14620,2.464e-31,1.843e-32,1.843e-32,3.835
14630,2.19e-31,1.623e-32,1.623e-32,3.851
14640,1.986e-31,1.454e-32,1.454e-32,3.883
14650,1.791e-31,1.288e-32,1.288e-32,3.919
14660,1.638e-31,1.097e-32,1.097e-32,3.949
14670,1.491e-31,9.291e-33,9.291e-33,3.975
14680,1.383e-31,7.752e-33,7.752e-33,4.014
14690,1.271e-31,6.429e-33,6.429e-33,4.061
14700,1.166e-31,5.364e-33,5.364e-33,4.13
14710,1.082e-31,4.558e-33,4.558e-33,4.218
14720,1.002e-31,3.992e-33,3.992e-33,4.317
14730,9.317e-32,3.608e-33,3.608e-33,4.422
14740,8.697e-32,3.265e-33,3.265e-33,4.559
14750,8.157e-32,2.948e-33,2.948e-33,4.68
14760,7.678e-32,2.657e-33,2.657e-33,4.776
14770,7.252e-32,2.343e-33,2.343e-33,4.862
14780,6.874e-32,2.07e-33,2.07e-33,4.932
14790,6.539e-32,1.86e-33,1.86e-33,4.991
14800,6.243e-32,1.698e-33,1.698e-33,5.033
14810,5.985e-32,1.579e-33,1.579e-33,5.078
14820,5.763e-32,1.508e-33,1.508e-33,5.106
14830,5.575e-32,1.426e-33,1.426e-33,5.117
14840,5.421e-32,1.351e-33,1.351e-33,5.119
14850,5.3e-32,1.277e-33,1.277e-33,5.095
14860,5.212e-32,1.184e-33,1.184e-33,5.053
14870,5.157e-32,1.074e-33,1.074e-33,4.988
14880,5.138e-32,1.006e-33,1.006e-33,4.896
14890,5.156e-32,9.978e-34,9.978e-34,4.785
14900,5.214e-32,1.03e-33,1.03e-33,4.648
14910,5.313e-32,1.091e-33,1.091e-33,4.498
14920,5.457e-32,1.169e-33,1.169e-33,4.352
14930,5.686e-32,1.311e-33,1.311e-33,4.161
14940,5.953e-32,1.464e-33,1.464e-33,4.005
14950,6.284e-32,1.661e-33,1.661e-33,3.841
14960,6.856e-32,1.937e-33,1.937e-33,3.673
14970,7.351e-32,2.426e-33,2.426e-33,3.543
14980,8.006e-32,3.04e-33,3.04e-33,3.398
14990,8.957e-32,3.768e-33,3.768e-33,3.323
15000,1.031e-31,4.673e-33,4.673e-33,3.23
15010,1.17e-31,5.979e-33,5.979e-33,3.17
15020,1.345e-31,7.961e-33,7.961e-33,3.118
15030,1.623e-31,1.061e-32,1.061e-32,3.049
15040,1.999e-31,1.356e-32,1.356e-32,3
15050,2.507e-31,1.547e-32,1.547e-32,2.932
15060,3.004e-31,1.65e-32,1.65e-32,2.83
15070,3.378e-31,1.718e-32,1.718e-32,2.744
15080,3.688e-31,1.788e-32,1.788e-32,2.617
15090,4.118e-31,1.813e-32,1.813e-32,2.49
15100,4.569e-31,1.804e-32,1.804e-32,2.368
15110,5.025e-31,1.89e-32,1.89e-32,2.261
15120,5.66e-31,2.143e-32,2.143e-32,2.172
15130,6.231e-31,2.618e-32,2.618e-32,2.135
15140,6.881e-31,3.093e-32,3.093e-32,2.165
15150,7.996e-31,3.678e-32,3.678e-32,2.189
15160,8.526e-31,4.517e-32,4.517e-32,2.229
15170,9.694e-31,5.969e-32,5.969e-32,2.313
15180,1.106e-30,7.936e-32,7.936e-32,2.407
15190,1.222e-30,1.062e-31,1.062e-31,2.503
15200,1.355e-30,1.379e-31,1.379e-31,2.601
15210,1.525e-30,1.722e-31,1.722e-31,2.723
15220,1.775e-30,2.05e-31,2.05e-31,2.853
15230,1.924e-30,2.38e-31,2.38e-31,2.968
15240,2.181e-30,2.66e-31,2.66e-31,3.109
15250,2.379e-30,2.91e-31,2.91e-31,3.253
15260,2.662e-30,3.09e-31,3.09e-31,3.342
15270,2.907e-30,3.21e-31,3.21e-31,3.43
15280,3.154e-30,3.29e-31,3.29e-31,3.521
15290,3.366e-30,3.31e-31,3.31e-31,3.572
15300,3.579e-30,3.37e-31,3.37e-31,3.613
15310,3.858e-30,3.49e-31,3.49e-31,3.582
15320,4.046e-30,3.69e-31,3.69e-31,3.603
15330,4.196e-30,3.82e-31,3.82e-31,3.622
15340,4.166e-30,3.92e-31,3.92e-31,3.633
15350,4.457e-30,4.05e-31,4.05e-31,3.662
15360,4.466e-30,4.17e-31,4.17e-31,3.702
15370,4.404e-30,4.3e-31,4.3e-31,3.806
15380,4.337e-30,4.42e-31,4.42e-31,3.86
15390,4.15e-30,4.61e-31,4.61e-31,3.85
15400,4.083e-30,4.78e-31,4.78e-31,3.796
15410,3.91e-30,4.83e-31,4.83e-31,3.722
15420,3.723e-30,4.69e-31,4.69e-31,3.618
15430,3.514e-30,4.31e-31,4.31e-31,3.481
15440,3.303e-30,3.81e-31,3.81e-31,3.347
15450,2.847e-30,3.21e-31,3.21e-31,3.2
15460,2.546e-30,2.61e-31,2.61e-31,3.082
15470,2.23e-30,2.025e-31,2.025e-31,2.952
15480,1.994e-30,1.523e-31,1.523e-31,2.846
15490,1.733e-30,1.159e-31,1.159e-31,2.798
15500,1.488e-30,8.907e-32,8.907e-32,2.783
15510,1.297e-30,6.85e-32,6.85e-32,2.848
15520,1.144e-30,5.341e-32,5.341e-32,2.912
15530,1.004e-30,4.341e-32,4.341e-32,2.97
15540,8.741e-31,3.654e-32,3.654e-32,3.023
15550,7.928e-31,3.237e-32,3.237e-32,3.085
15560,7.034e-31,2.744e-32,2.744e-32,3.107
15570,6.323e-31,2.408e-32,2.408e-32,3.104
15580,5.754e-31,2.144e-32,2.144e-32,3.067
15590,5.25e-31,1.988e-32,1.988e-32,3.034
15600,4.85e-31,1.812e-32,1.812e-32,2.996
15610,4.502e-31,1.745e-32,1.745e-32,2.941
15620,4.286e-31,1.654e-32,1.654e-32,2.914
15630,4.028e-31,1.609e-32,1.609e-32,2.897
15640,3.899e-31,1.58e-32,1.58e-32,2.887
15650,3.824e-31,1.561e-32,1.561e-32,2.903
15660,3.761e-31,1.565e-32,1.565e-32,2.915
15670,3.804e-31,1.684e-32,1.684e-32,2.92
15680,3.839e-31,1.851e-32,1.851e-32,2.969
15690,3.845e-31,2.005e-32,2.005e-32,3.023
15700,4.244e-31,2.28e-32,2.28e-32,3.104
15710,4.382e-31,2.708e-32,2.708e-32,3.174
15720,4.582e-31,3.318e-32,3.318e-32,3.268
15730,4.847e-31,4.077e-32,4.077e-32,3.393
15740,5.209e-31,4.913e-32,4.913e-32,3.481
15750,5.384e-31,5.434e-32,5.434e-32,3.557
15760,5.887e-31,5.683e-32,5.683e-32,3.633
15770,6.371e-31,5.824e-32,5.824e-32,3.662
15780,6.737e-31,6.05e-32,6.05e-32,3.664
15790,7.168e-31,6.38e-32,6.38e-32,3.665
15800,7.415e-31,6.71e-32,6.71e-32,3.712
15810,7.827e-31,6.93e-32,6.93e-32,3.729
15820,8.037e-31,7.03e-32,7.03e-32,3.739
15830,8.12e-31,7.05e-32,7.05e-32,3.774
15840,8.154e-31,7.05e-32,7.05e-32,3.844
15850,7.981e-31,7.16e-32,7.16e-32,3.971
15860,7.783e-31,7.37e-32,7.37e-32,4.023
15870,6.9e-31,7.79e-32,7.79e-32,4.02
15880,6.03e-31,8.3e-32,8.3e-32,3.983
15890,4.9e-31,8.65e-32,8.65e-32,3.913
15900,3.878e-31,8.76e-32,8.76e-32,3.853
15910,3.068e-31,8.32e-32,8.32e-32,3.703
15920,2.533e-31,7.51e-32,7.51e-32,3.511
15930,2.255e-31,6.48e-32,6.48e-32,3.351
15940,2.056e-31,5.31e-32,5.31e-32,3.168
15950,1.569e-31,4.18e-32,4.18e-32,3.014
15960,1.398e-31,3.07e-32,3.07e-32,2.897
15970,1.149e-31,2.22e-32,2.22e-32,2.844
15980,9.249e-32,1.553e-32,1.553e-32,2.918
15990,7.706e-32,1.058e-32,1.058e-32,3.074
16000,6.436e-32,7.194e-33,7.194e-33,3.295
16010,5.514e-32,5.207e-33,5.207e-33,3.464
16020,4.782e-32,4.042e-33,4.042e-33,3.614
16030,4.202e-32,3.264e-33,3.264e-33,3.74
16040,3.721e-32,2.626e-33,2.626e-33,3.858
16050,3.336e-32,2.15e-33,2.15e-33,3.972
16060,3.015e-32,1.77e-33,1.77e-33,4.079
16070,2.744e-32,1.494e-33,1.494e-33,4.188
16080,2.512e-32,1.286e-33,1.286e-33,4.286
16090,2.312e-32,1.122e-33,1.122e-33,4.385
16100,2.138e-32,9.749e-34,9.749e-34,4.486
16110,1.987e-32,8.431e-34,8.431e-34,4.581
16120,1.855e-32,7.33e-34,7.33e-34,4.678
16130,1.741e-32,6.302e-34,6.302e-34,4.767
16140,1.642e-32,5.377e-34,5.377e-34,4.855
16150,1.557e-32,4.556e-34,4.556e-34,4.937
16160,1.483e-32,3.918e-34,3.918e-34,5.008
16170,1.422e-32,3.499e-34,3.499e-34,5.079
16180,1.37e-32,3.077e-34,3.077e-34,5.137
16190,1.329e-32,2.646e-34,2.646e-34,5.187
16200,1.297e-32,2.299e-34,2.299e-34,5.225
16210,1.274e-32,2.002e-34,2.002e-34,5.255
16220,1.259e-32,1.772e-34,1.772e-34,5.271
16230,1.253e-32,1.579e-34,1.579e-34,5.273
16240,1.255e-32,1.425e-34,1.425e-34,5.264
16250,1.266e-32,1.281e-34,1.281e-34,5.247
16260,1.284e-32,1.19e-34,1.19e-34,5.216
16270,1.312e-32,1.098e-34,1.098e-34,5.176
16280,1.348e-32,1.038e-34,1.038e-34,5.131
16290,1.393e-32,9.882e-35,9.882e-35,5.072
16300,1.448e-32,9.426e-35,9.426e-35,5.007
16310,1.512e-32,9.342e-35,9.342e-35,4.941
16320,1.587e-32,9.752e-35,9.752e-35,4.865
16330,1.672e-32,1.024e-34,1.024e-34,4.785
16340,1.77e-32,1.077e-34,1.077e-34,4.704
16350,1.88e-32,1.155e-34,1.155e-34,4.617
16360,1.99e-32,1.324e-34,1.324e-34,4.529
16370,2.11e-32,1.526e-34,1.526e-34,4.439
16380,2.274e-32,1.765e-34,1.765e-34,4.348
16390,2.516e-32,1.995e-34,1.995e-34,4.251
16400,2.844e-32,2.345e-34,2.345e-34,4.153
16410,3.231e-32,2.989e-34,2.989e-34,4.047
16420,3.661e-32,3.544e-34,3.544e-34,3.942
16430,4.153e-32,4.48e-34,4.48e-34,3.826
16440,4.717e-32,5.716e-34,5.716e-34,3.697
16450,5.36e-32,7.136e-34,7.136e-34,3.562
16460,6.094e-32,9.174e-34,9.174e-34,3.403
16470,6.93e-32,1.177e-33,1.177e-33,3.239
16480,7.882e-32,1.496e-33,1.496e-33,3.069
16490,8.966e-32,1.755e-33,1.755e-33,2.915
16500,1.02e-31,2.025e-33,2.025e-33,2.731
16510,1.162e-31,2.317e-33,2.317e-33,2.531
16520,1.324e-31,2.622e-33,2.622e-33,2.341
16530,1.51e-31,2.668e-33,2.668e-33,2.183
16540,1.72e-31,2.778e-33,2.778e-33,2.069
16550,1.965e-31,3.292e-33,3.292e-33,1.908
16560,2.237e-31,4.02e-33,4.02e-33,1.781
16570,2.56e-31,4.963e-33,4.963e-33,1.717
16580,2.927e-31,5.982e-33,5.982e-33,1.691
16590,3.371e-31,7.587e-33,7.587e-33,1.629
16600,3.842e-31,9.414e-33,9.414e-33,1.601
16610,4.429e-31,1.091e-32,1.091e-32,1.635
16620,5.139e-31,1.237e-32,1.237e-32,1.693
16630,5.798e-31,1.637e-32,1.637e-32,1.756
16640,6.697e-31,2.215e-32,2.215e-32,1.826
16650,7.626e-31,3.033e-32,3.033e-32,1.951
16660,8.647e-31,4.406e-32,4.406e-32,2.048
16670,1.022e-30,6.211e-32,6.211e-32,2.126
16680,1.136e-30,8.381e-32,8.381e-32,2.238
16690,1.3e-30,1.081e-31,1.081e-31,2.359
16700,1.481e-30,1.34e-31,1.34e-31,2.474
16710,1.672e-30,1.59e-31,1.59e-31,2.578
16720,1.871e-30,1.86e-31,1.86e-31,2.696
16730,2.126e-30,2.14e-31,2.14e-31,2.803
16740,2.357e-30,2.4e-31,2.4e-31,2.875
16750,2.583e-30,2.69e-31,2.69e-31,2.968
16760,2.997e-30,2.98e-31,2.98e-31,3.056
16770,3.289e-30,3.33e-31,3.33e-31,3.12
16780,3.702e-30,3.77e-31,3.77e-31,3.174
16790,4.012e-30,4.25e-31,4.25e-31,3.258
16800,4.319e-30,4.75e-31,4.75e-31,3.342
16810,4.527e-30,5.11e-31,5.11e-31,3.398
16820,5.001e-30,5.37e-31,5.37e-31,3.466
16830,5.448e-30,5.56e-31,5.56e-31,3.531
16840,5.611e-30,5.61e-31,5.61e-31,3.623
16850,5.76e-30,5.67e-31,5.67e-31,3.712
16860,5.965e-30,5.68e-31,5.68e-31,3.772
16870,6.079e-30,5.78e-31,5.78e-31,3.806
16880,6.207e-30,5.86e-31,5.86e-31,3.811
16890,6.276e-30,5.91e-31,5.91e-31,3.796
16900,6.222e-30,5.93e-31,5.93e-31,3.777
16910,6.137e-30,5.91e-31,5.91e-31,3.757
16920,6e-30,5.92e-31,5.92e-31,3.752
16930,5.814e-30,5.93e-31,5.93e-31,3.707
16940,5.393e-30,5.94e-31,5.94e-31,3.672
16950,5.35e-30,5.87e-31,5.87e-31,3.627
16960,4.947e-30,5.65e-31,5.65e-31,3.572
16970,4.629e-30,5.21e-31,5.21e-31,3.506
16980,4.117e-30,4.54e-31,4.54e-31,3.398
16990,3.712e-30,3.82e-31,3.82e-31,3.316
17000,3.372e-30,3.07e-31,3.07e-31,3.227
17010,2.923e-30,2.37e-31,2.37e-31,3.12
17020,2.55e-30,1.78e-31,1.78e-31,3.033
17030,2.232e-30,1.309e-31,1.309e-31,3.028
17040,1.929e-30,9.543e-32,9.543e-32,3.04
17050,1.679e-30,6.959e-32,6.959e-32,3.092
17060,1.46e-30,5.153e-32,5.153e-32,3.143
17070,1.289e-30,3.934e-32,3.934e-32,3.177
17080,1.13e-30,3.117e-32,3.117e-32,3.227
17090,9.953e-31,2.491e-32,2.491e-32,3.242
17100,8.763e-31,1.988e-32,1.988e-32,3.265
17110,7.76e-31,1.608e-32,1.608e-32,3.267
17120,6.9e-31,1.33e-32,1.33e-32,3.243
17130,6.16e-31,1.139e-32,1.139e-32,3.215
17140,5.525e-31,9.972e-33,9.972e-33,3.21
17150,4.958e-31,8.983e-33,8.983e-33,3.215
17160,4.489e-31,8.409e-33,8.409e-33,3.226
17170,4.072e-31,7.845e-33,7.845e-33,3.236
17180,3.728e-31,7.371e-33,7.371e-33,3.258
17190,3.438e-31,7.164e-33,7.164e-33,3.289
17200,3.205e-31,7.411e-33,7.411e-33,3.279
17210,3.006e-31,7.757e-33,7.757e-33,3.268
17220,2.848e-31,8.268e-33,8.268e-33,3.242
17230,2.766e-31,9.311e-33,9.311e-33,3.147
17240,2.688e-31,1.036e-32,1.036e-32,3.11
17250,2.664e-31,1.087e-32,1.087e-32,3.044
17260,2.67e-31,1.141e-32,1.141e-32,2.985
17270,2.696e-31,1.225e-32,1.225e-32,2.903
17280,2.786e-31,1.29e-32,1.29e-32,2.832
17290,2.861e-31,1.4e-32,1.4e-32,2.808
17300,3.009e-31,1.565e-32,1.565e-32,2.782
17310,3.178e-31,1.755e-32,1.755e-32,2.797
17320,3.389e-31,1.932e-32,1.932e-32,2.832
17330,3.587e-31,2.104e-32,2.104e-32,2.903
17340,3.819e-31,2.356e-32,2.356e-32,2.979
17350,4.054e-31,2.77e-32,2.77e-32,3.061
17360,4.417e-31,3.326e-32,3.326e-32,3.163
17370,4.703e-31,4.029e-32,4.029e-32,3.247
17380,5.137e-31,4.827e-32,4.827e-32,3.331
17390,5.46e-31,5.683e-32,5.683e-32,3.383
17400,6.055e-31,6.328e-32,6.328e-32,3.419
17410,6.333e-31,6.576e-32,6.576e-32,3.46
17420,6.773e-31,6.801e-32,6.801e-32,3.496
17430,7.219e-31,6.99e-32,6.99e-32,3.518
17440,7.717e-31,7.17e-32,7.17e-32,3.557
17450,8.131e-31,7.47e-32,7.47e-32,3.623
17460,8.491e-31,7.66e-32,7.66e-32,3.679
17470,8.574e-31,7.77e-32,7.77e-32,3.725
17480,9.01e-31,7.77e-32,7.77e-32,3.762
17490,9.017e-31,7.72e-32,7.72e-32,3.821
17500,8.999e-31,7.77e-32,7.77e-32,3.864
17510,8.959e-31,7.97e-32,7.97e-32,3.899
17520,8.838e-31,8.4e-32,8.4e-32,3.892
17530,8.579e-31,8.9e-32,8.9e-32,3.829
17540,8.162e-31,9.42e-32,9.42e-32,3.752
17550,8.098e-31,9.71e-32,9.71e-32,3.661
17560,7.472e-31,9.55e-32,9.55e-32,3.565
17570,7.108e-31,8.85e-32,8.85e-32,3.44
17580,6.559e-31,7.68e-32,7.68e-32,3.331
17590,5.994e-31,6.39e-32,6.39e-32,3.231
17600,5.172e-31,5.02e-32,5.02e-32,3.13
17610,4.424e-31,3.74e-32,3.74e-32,3.018
17620,3.951e-31,2.651e-32,2.651e-32,2.99
17630,3.34e-31,1.809e-32,1.809e-32,3.044
17640,2.902e-31,1.278e-32,1.278e-32,3.098
17650,2.541e-31,9.466e-33,9.466e-33,3.194
17660,2.215e-31,7.458e-33,7.458e-33,3.294
17670,1.945e-31,6.19e-33,6.19e-33,3.382
17680,1.716e-31,5.328e-33,5.328e-33,3.44
17690,1.503e-31,4.71e-33,4.71e-33,3.485
17700,1.339e-31,4.136e-33,4.136e-33,3.522
17710,1.185e-31,3.658e-33,3.658e-33,3.55
17720,1.05e-31,3.285e-33,3.285e-33,3.568
17730,9.336e-32,2.908e-33,2.908e-33,3.623
17740,8.307e-32,2.545e-33,2.545e-33,3.668
17750,7.312e-32,2.37e-33,2.37e-33,3.715
17760,6.55e-32,2.39e-33,2.39e-33,3.774
17770,5.836e-32,2.41e-33,2.41e-33,3.841
17780,5.178e-32,2.373e-33,2.373e-33,3.903
17790,4.6e-32,2.394e-33,2.394e-33,3.952
17800,4.086e-32,2.326e-33,2.326e-33,3.981
17810,3.639e-32,2.201e-33,2.201e-33,4.009
17820,3.247e-32,2.105e-33,2.105e-33,4.044
17830,2.904e-32,1.9e-33,1.9e-33,4.062
17840,2.604e-32,1.693e-33,1.693e-33,4.099
17850,2.341e-32,1.564e-33,1.564e-33,4.142
17860,2.112e-32,1.43e-33,1.43e-33,4.207
17870,1.914e-32,1.21e-33,1.21e-33,4.286
17880,1.744e-32,9.982e-34,9.982e-34,4.378
17890,1.598e-32,8.346e-34,8.346e-34,4.483
17900,1.476e-32,7.332e-34,7.332e-34,4.578
17910,1.374e-32,6.68e-34,6.68e-34,4.679
17920,1.293e-32,6.366e-34,6.366e-34,4.771
17930,1.23e-32,6.034e-34,6.034e-34,4.857
17940,1.185e-32,5.321e-34,5.321e-34,4.934
17950,1.158e-32,4.609e-34,4.609e-34,5.007
17960,1.147e-32,4.137e-34,4.137e-34,5.086
17970,1.154e-32,4.141e-34,4.141e-34,5.154
17980,1.177e-32,4.585e-34,4.585e-34,5.224
17990,1.219e-32,5.256e-34,5.256e-34,5.295
18000,1.28e-32,5.686e-34,5.686e-34,5.358
18010,1.36e-32,5.713e-34,5.713e-34,5.427
18020,1.463e-32,5.573e-34,5.573e-34,5.489
18030,1.591e-32,5.177e-34,5.177e-34,5.55
18040,1.75e-32,5.064e-34,5.064e-34,5.612
18050,1.94e-32,5.07e-34,5.07e-34,5.671
18060,2.156e-32,5.281e-34,5.281e-34,5.729
18070,2.43e-32,6.118e-34,6.118e-34,5.782
18080,2.748e-32,6.782e-34,6.782e-34,5.836
18090,3.052e-32,8.399e-34,8.399e-34,5.885
18100,3.533e-32,1.027e-33,1.027e-33,5.933
18110,3.967e-32,1.317e-33,1.317e-33,5.978
18120,4.471e-32,1.672e-33,1.672e-33,6.023
18130,5.041e-32,2.045e-33,2.045e-33,6.065
18140,5.86e-32,2.571e-33,2.571e-33,6.102
18150,6.664e-32,3.37e-33,3.37e-33,6.136
18160,7.522e-32,4.438e-33,4.438e-33,6.169
18170,8.342e-32,5.927e-33,5.927e-33,6.197
18180,9.412e-32,7.409e-33,7.409e-33,6.228
18190,1.072e-31,8.783e-33,8.783e-33,6.253
18200,1.213e-31,9.698e-33,9.698e-33,6.275
18210,1.343e-31,1.058e-32,1.058e-32,6.292
18220,1.496e-31,1.188e-32,1.188e-32,6.309
18230,1.664e-31,1.35e-32,1.35e-32,6.323
18240,1.822e-31,1.56e-32,1.56e-32,6.334
18250,2.029e-31,1.85e-32,1.85e-32,6.341
18260,2.233e-31,2.21e-32,2.21e-32,6.349
18270,2.457e-31,2.66e-32,2.66e-32,6.356
18280,2.709e-31,3.14e-32,3.14e-32,6.359
18290,2.928e-31,3.6e-32,3.6e-32,6.359
18300,3.115e-31,3.99e-32,3.99e-32,6.359
18310,3.356e-31,4.22e-32,4.22e-32,6.359
18320,3.592e-31,4.36e-32,4.36e-32,6.356
18330,3.818e-31,4.35e-32,4.35e-32,6.352
18340,3.936e-31,4.25e-32,4.25e-32,6.349
18350,4.061e-31,4.1e-32,4.1e-32,6.342
18360,4.149e-31,3.99e-32,3.99e-32,6.335
18370,4.299e-31,3.95e-32,3.95e-32,6.331
18380,4.223e-31,3.87e-32,3.87e-32,6.324
18390,4.251e-31,3.83e-32,3.83e-32,6.317
18400,4.287e-31,3.82e-32,3.82e-32,6.309
18410,4.177e-31,3.89e-32,3.89e-32,6.306
18420,4.094e-31,3.98e-32,3.98e-32,6.299
18430,3.942e-31,4.06e-32,4.06e-32,6.295
18440,3.772e-31,4.19e-32,4.19e-32,6.288
18450,3.614e-31,4.22e-32,4.22e-32,6.284
18460,3.394e-31,4.17e-32,4.17e-32,6.281
18470,3.222e-31,3.9e-32,3.9e-32,6.281
18480,2.791e-31,3.5e-32,3.5e-32,6.278
18490,2.665e-31,3.03e-32,3.03e-32,6.277
18500,2.309e-31,2.49e-32,2.49e-32,6.278
18510,2.032e-31,1.975e-32,1.975e-32,6.277
18520,1.74e-31,1.467e-32,1.467e-32,6.282
18530,1.535e-31,1.1e-32,1.1e-32,6.283
18540,1.323e-31,8.391e-33,8.391e-33,6.289
18550,1.151e-31,6.685e-33,6.685e-33,6.297
18560,9.803e-32,5.377e-33,5.377e-33,6.3
18570,8.65e-32,4.335e-33,4.335e-33,6.305
18580,7.54e-32,3.436e-33,3.436e-33,6.317
18590,6.619e-32,2.796e-33,2.796e-33,6.325
18600,5.832e-32,2.345e-33,2.345e-33,6.337
18610,5.113e-32,2.01e-33,2.01e-33,6.345
18620,4.503e-32,1.702e-33,1.702e-33,6.36
18630,3.975e-32,1.491e-33,1.491e-33,6.37
18640,3.52e-32,1.345e-33,1.345e-33,6.384
18650,3.112e-32,1.27e-33,1.27e-33,6.398
18660,2.797e-32,1.268e-33,1.268e-33,6.416
18670,2.5e-32,1.315e-33,1.315e-33,6.43
18680,2.24e-32,1.413e-33,1.413e-33,6.448
18690,2.013e-32,1.493e-33,1.493e-33,6.465
18700,1.819e-32,1.5e-33,1.5e-33,6.483
18710,1.653e-32,1.489e-33,1.489e-33,6.502
18720,1.513e-32,1.44e-33,1.44e-33,6.52
18730,1.395e-32,1.395e-33,1.395e-33,6.541
18740,1.299e-32,1.344e-33,1.344e-33,6.562
18750,1.225e-32,1.363e-33,1.363e-33,6.583
18760,1.168e-32,1.487e-33,1.487e-33,6.605
18770,1.124e-32,1.682e-33,1.682e-33,6.628
18780,1.148e-32,1.852e-33,1.852e-33,6.649
18790,1.107e-32,1.909e-33,1.909e-33,6.672
18800,1.128e-32,1.962e-33,1.962e-33,6.697
18810,1.169e-32,2.109e-33,2.109e-33,6.72
18820,1.233e-32,2.218e-33,2.218e-33,6.743
18830,1.307e-32,2.249e-33,2.249e-33,6.768
18840,1.359e-32,2.278e-33,2.278e-33,6.791
18850,1.543e-32,2.307e-33,2.307e-33,6.818
18860,1.686e-32,2.362e-33,2.362e-33,6.841
18870,1.794e-32,2.502e-33,2.502e-33,6.867
18880,2.028e-32,2.672e-33,2.672e-33,6.891
18890,2.21e-32,2.847e-33,2.847e-33,6.916
18900,2.441e-32,2.884e-33,2.884e-33,6.943
18910,2.653e-32,2.806e-33,2.806e-33,6.97
18920,2.828e-32,2.85e-33,2.85e-33,6.996
18930,3.093e-32,2.94e-33,2.94e-33,7.022
18940,3.28e-32,3.1e-33,3.1e-33,7.052
18950,3.551e-32,3.29e-33,3.29e-33,7.077
18960,3.677e-32,3.5e-33,3.5e-33,7.103
18970,3.803e-32,3.62e-33,3.62e-33,7.132
18980,3.844e-32,3.66e-33,3.66e-33,7.158
18990,4.068e-32,3.7e-33,3.7e-33,7.185
19000,4.093e-32,3.72e-33,3.72e-33,7.215
19010,4.002e-32,3.83e-33,3.83e-33,7.241
19020,3.904e-32,4.01e-33,4.01e-33,7.269
19030,3.624e-32,4.26e-33,4.26e-33,7.298
19040,3.633e-32,4.51e-33,4.51e-33,7.326
19050,3.622e-32,4.64e-33,4.64e-33,7.354
19060,3.443e-32,4.49e-33,4.49e-33,7.382
19070,3.184e-32,4.05e-33,4.05e-33,7.41
19080,2.934e-32,3.45e-33,3.45e-33,7.438
19090,2.476e-32,2.808e-33,2.808e-33,7.469
19100,2.212e-32,2.159e-33,2.159e-33,7.497
19110,1.867e-32,1.546e-33,1.546e-33,7.528
19120,1.594e-32,1.146e-33,1.146e-33,7.555
19130,1.37e-32,8.897e-34,8.897e-34,7.585
19140,1.192e-32,7.413e-34,7.413e-34,7.613
19150,1.045e-32,6.554e-34,6.554e-34,7.643
19160,9.211e-33,5.563e-34,5.563e-34,7.669
19170,8.17e-33,4.736e-34,4.736e-34,7.698
19180,7.29e-33,4.214e-34,4.214e-34,7.729
19190,6.55e-33,3.725e-34,3.725e-34,7.759
19200,5.929e-33,3.257e-34,3.257e-34,7.787
19210,5.415e-33,2.877e-34,2.877e-34,7.819
19220,4.995e-33,2.599e-34,2.599e-34,7.849
19230,4.661e-33,2.335e-34,2.335e-34,7.878
19240,4.406e-33,2.238e-34,2.238e-34,7.909
19250,4.225e-33,2.39e-34,2.39e-34,7.936
19260,4.116e-33,2.678e-34,2.678e-34,7.968
19270,4.075e-33,2.801e-34,2.801e-34,7.998
19280,4.102e-33,2.829e-34,2.829e-34,8.03
19290,4.198e-33,2.837e-34,2.837e-34,8.055
19300,4.365e-33,2.754e-34,2.754e-34,8.088
19310,4.606e-33,2.644e-34,2.644e-34,8.115
19320,4.925e-33,2.56e-34,2.56e-34,8.146
19330,5.326e-33,2.519e-34,2.519e-34,8.18
19340,5.818e-33,2.568e-34,2.568e-34,8.205
19350,6.407e-33,2.649e-34,2.649e-34,8.235
19360,7.104e-33,2.739e-34,2.739e-34,8.269
19370,7.92e-33,2.817e-34,2.817e-34,8.297
19380,8.868e-33,2.956e-34,2.956e-34,8.328
19390,9.964e-33,3.05e-34,3.05e-34,8.36
19400,1.123e-32,3.174e-34,3.174e-34,8.393
19410,1.268e-32,3.545e-34,3.545e-34,8.421
19420,1.434e-32,3.91e-34,3.91e-34,8.452
19430,1.626e-32,4.156e-34,4.156e-34,8.484
19440,1.848e-32,4.466e-34,4.466e-34,8.513
19450,2.107e-32,4.987e-34,4.987e-34,8.547
19460,2.422e-32,5.801e-34,5.801e-34,8.576
19470,2.772e-32,7.314e-34,7.314e-34,8.607
19480,3.145e-32,8.867e-34,8.867e-34,8.64
19490,3.704e-32,1.057e-33,1.057e-33,8.671
19500,4.27e-32,1.262e-33,1.262e-33,8.699
19510,4.721e-32,1.506e-33,1.506e-33,8.733
19520,5.361e-32,1.753e-33,1.753e-33,8.762
19530,6.083e-32,2.082e-33,2.082e-33,8.794
19540,7.095e-32,2.602e-33,2.602e-33,8.827
19550,7.968e-32,3.269e-33,3.269e-33,8.855
19560,9.228e-32,3.734e-33,3.734e-33,8.891
19570,1.048e-31,5.491e-33,5.491e-33,8.922
19580,1.187e-31,7.261e-33,7.261e-33,8.954
19590,1.336e-31,9.462e-33,9.462e-33,8.984
19600,1.577e-31,1.256e-32,1.256e-32,9.015
19610,1.772e-31,1.594e-32,1.594e-32,9.049
19620,2.017e-31,1.95e-32,1.95e-32,9.08
19630,2.25e-31,2.38e-32,2.38e-32,9.114
19640,2.63e-31,2.88e-32,2.88e-32,9.143
19650,2.911e-31,3.42e-32,3.42e-32,9.175
19660,3.356e-31,4.03e-32,4.03e-32,9.209
19670,3.82e-31,4.65e-32,4.65e-32,9.241
19680,4.173e-31,5.24e-32,5.24e-32,9.271
19690,4.811e-31,5.7e-32,5.7e-32,9.306
19700,5.254e-31,6.09e-32,6.09e-32,9.338
19710,5.839e-31,6.39e-32,6.39e-32,9.369
19720,6.187e-31,6.48e-32,6.48e-32,9.403
19730,6.805e-31,6.58e-32,6.58e-32,9.435
19740,7.118e-31,6.66e-32,6.66e-32,9.466
19750,7.369e-31,6.7e-32,6.7e-32,9.5
19760,7.664e-31,6.66e-32,6.66e-32,9.532
19770,7.794e-31,6.65e-32,6.65e-32,9.562
19780,7.947e-31,6.8e-32,6.8e-32,9.594
19790,8.036e-31,7.09e-32,7.09e-32,9.63
19800,7.954e-31,7.54e-32,7.54e-32,9.661
19810,7.849e-31,8.06e-32,8.06e-32,9.695
19820,7.518e-31,8.62e-32,8.62e-32,9.726
19830,7.462e-31,8.89e-32,8.89e-32,9.761
19840,6.926e-31,8.68e-32,8.68e-32,9.792
19850,6.531e-31,8.04e-32,8.04e-32,9.825
19860,6.197e-31,7e-32,7e-32,9.859
19870,5.421e-31,5.83e-32,5.83e-32,9.891
19880,4.777e-31,4.58e-32,4.58e-32,9.924
19890,4.111e-31,3.49e-32,3.49e-32,9.954
19900,3.679e-31,2.71e-32,2.71e-32,9.987
19910,3.166e-31,2.1e-32,2.1e-32,10.02
19920,2.786e-31,1.65e-32,1.65e-32,10.06
19930,2.436e-31,1.31e-32,1.31e-32,10.09
19940,2.144e-31,1.06e-32,1.06e-32,10.12
19950,1.859e-31,8.35e-33,8.35e-33,10.16
19960,1.628e-31,6.45e-33,6.45e-33,10.19
19970,1.414e-31,5.02e-33,5.02e-33,10.22
19980,1.237e-31,3.94e-33,3.94e-33,10.26
19990,1.093e-31,3.09e-33,3.09e-33,10.29
20000,9.558e-32,2.46e-33,2.46e-33,10.32
