occultation,decimal_year,height_km,error_od,fit_bins
sr101445,2022.4435318275155,20.4,0.0005216467496338417,200
sr102647,2022.6647501711157,20.7,-0.002156388011233634,200
sr102648,2022.6647501711157,20.5,-0.006968768714992635,200
sr102649,2022.6674880219027,19.9,-0.0038882241982984844,200
sr102650,2022.6674880219027,20.9,-0.006745283473997166,200
sr108040,2023.6647501711157,20.9,0.001600534176205759,197
sr108041,2023.6674880219027,19.8,-0.001732072369390103,197
sr108042,2023.6674880219027,20.6,-0.003659541065091698,197
sr112218,2024.438056125941,20.5,0.0018962304447898148,206
sr113421,2024.6592744695415,20.6,0.0005745607680389675,206
sr113422,2024.6620123203286,20.3,-0.003299485986341111,206
sr113423,2024.6620123203286,20.1,0.003433244445498751,206
sr15174,2006.435318275154,20.2,-0.002826058407281007,196
sr15175,2006.435318275154,20.3,-0.005073664463854932,196
sr16389,2006.6592744695415,20.7,-0.002387093766665682,196
sr21783,2007.6620123203286,21.0,-0.004185594279935145,203
sr31359,2009.4407939767282,20.7,-0.0003955694498563034,201
sr31360,2009.4407939767282,20.2,-0.0025557821600510344,201
sr31361,2009.4407939767282,20.3,0.0027352790152308515,201
sr32562,2009.6647501711157,21.4,-0.001398814110081581,201
sr32574,2009.6647501711157,21.2,-0.0005870483281702477,201
sr32575,2009.6647501711157,20.8,-0.0026020273546691897,201
sr36755,2010.4435318275155,20.6,-0.011599832073331928,193
sr37958,2010.6674880219027,21.2,-0.001437139861113934,193
sr37970,2010.6674880219027,20.6,-0.0005283203946673254,193
sr43352,2011.6674880219027,20.5,0.002197199507547598,197
sr48748,2012.6674880219027,20.1,0.00010521015989750637,199
sr48749,2012.6674880219027,20.5,-0.0016491486127945265,199
sr52932,2013.4462696783025,20.5,-0.0006313203766850073,199
sr5587,2004.6537987679671,19.8,-0.004556443450821401,200
sr5600,2004.6565366187542,20.0,0.0012172399701939618,200
sr63718,2015.4490075290896,20.3,0.003337098898905211,202
sr63719,2015.4490075290896,20.5,0.004363625562890494,202
sr69106,2016.4462696783025,20.4,0.0017012334007531216,199
sr69107,2016.4462696783025,20.5,0.0035708237659233255,199
sr69108,2016.4462696783025,20.8,0.004568118257666676,199
sr74496,2017.4462696783025,20.3,0.005978288343361449,202
sr79885,2018.4462696783025,20.5,0.0033125732747536496,201
sr79886,2018.4462696783025,21.0,-0.0021659082450078415,201
sr85275,2019.4462696783025,20.8,-0.0004901133496728605,201
sr85276,2019.4462696783025,20.3,-0.0017697348622776055,201
sr90665,2020.4435318275155,20.9,0.004118870885576609,195
sr90666,2020.4435318275155,20.6,-0.004685836292056322,195
sr91881,2020.6674880219027,21.0,-0.004449880469810541,195
sr91882,2020.6674880219027,20.5,1.6340184549434866e-05,195
sr96055,2021.4435318275155,20.7,0.007021047907863398,196
sr97258,2021.6674880219027,20.1,0.001501647145856655,196
sr97271,2021.6674880219027,20.6,-0.0018666720610136522,196
sr9779,2005.432580424367,20.3,-0.0007117491001711329,199
ss10064,2005.4845995893224,20.6,-0.005429035462407583,199
ss10066,2005.4873374401095,20.5,-0.003717637239650351,199
ss101731,2022.495550992471,20.5,-0.001261972284752666,200
ss101732,2022.495550992471,20.6,0.002137668431276829,200
ss102300,2022.6017796030117,19.4,-0.0038897043451759927,200
ss102302,2022.6017796030117,19.9,-0.0013508639542347822,200
ss102303,2022.6017796030117,20.1,-0.0012636314081340139,200
ss102315,2022.6045174537987,20.4,-0.002400455999512552,200
ss102316,2022.6045174537987,20.7,0.0012801856954260948,200
ss10633,2005.5908281998632,19.9,-0.00404623262962911,199
ss10647,2005.5935660506502,19.6,-0.0010557554734282881,199
ss10649,2005.5935660506502,20.2,-0.003308995775260559,199
ss107692,2023.6017796030117,20.7,0.00020468485335811692,197
ss107693,2023.6017796030117,20.2,0.00042803975835337127,197
ss107694,2023.6017796030117,20.5,0.0003885692592309198,197
ss107695,2023.6017796030117,21.7,-0.0036838759279764766,197
ss112504,2024.4900752908966,20.5,-0.002178498150910535,206
ss112505,2024.4928131416839,20.3,0.00312396528593073,206
ss113075,2024.5963039014373,20.0,-0.002663877501552392,206
ss113089,2024.5990417522246,20.5,0.0025660866813086436,206
ss113090,2024.5990417522246,21.5,-0.0010997486795960576,206
ss15459,2006.4873374401095,20.7,-0.00014166082231215071,196
ss16028,2006.5935660506502,21.1,-0.0006342511164776354,196
ss16029,2006.5935660506502,20.0,0.00030042616105507847,196
ss16044,2006.5963039014373,19.3,0.0024764502607248495,196
ss20855,2007.4900752908966,20.6,0.0030476624715665146,203
ss20856,2007.4928131416839,20.6,0.0015783304271810294,203
ss21424,2007.5963039014373,20.4,0.0035654545387462377,203
ss21425,2007.5963039014373,20.3,0.0005350887101824853,203
ss21439,2007.5990417522246,20.7,-0.001393584329111075,203
ss26251,2008.4928131416839,20.3,0.008190769291737343,202
ss26819,2008.5963039014373,21.1,0.0016999042228169614,202
ss26820,2008.5963039014373,20.2,-0.00046107633628489353,202
ss26833,2008.5990417522246,20.0,0.003936720450238518,202
ss26834,2008.5990417522246,19.9,0.0010258740082464968,202
ss26835,2008.5990417522246,20.6,0.003415399972668265,202
ss32214,2009.5990417522246,20.5,0.0004417104915890313,201
ss32215,2009.5990417522246,20.5,0.0009340795234624721,201
ss32216,2009.5990417522246,20.6,0.0018477131771437172,201
ss32229,2009.6017796030117,21.3,0.0004348393767954484,201
ss32230,2009.6017796030117,20.8,-0.0006457276039157911,201
ss37041,2010.495550992471,20.3,0.003032890859282933,193
ss37610,2010.6017796030117,20.9,0.0004028290463895523,193
ss37611,2010.6017796030117,20.0,0.0029326003512926135,193
ss43006,2011.6045174537987,20.8,0.000833416917865204,197
ss43007,2011.6045174537987,21.0,0.0020103085609064486,197
ss48403,2012.6045174537987,20.2,-0.0026002015967971914,199
ss48404,2012.6045174537987,20.9,-0.0022091927626695096,199
ss5238,2004.588090349076,20.3,-0.0003219233095221874,200
ss5239,2004.588090349076,20.0,0.002693195508462587,200
ss5240,2004.588090349076,20.5,-0.0017105780014063932,200
ss53801,2013.6072553045858,20.4,-0.00456085206797141,199
ss53802,2013.6072553045858,21.5,-0.0013958575338244295,199
ss53803,2013.6072553045858,20.8,0.002395631999001502,199
ss59185,2014.6072553045858,20.9,-0.001440910545311258,200
ss59187,2014.6072553045858,20.0,-0.00029908151286006657,200
ss64005,2015.5048596851473,20.3,-0.0019455760292710345,202
ss64574,2015.6072553045858,20.8,-0.00236258707529835,202
ss64575,2015.6072553045858,19.6,0.001085441125552311,202
ss64589,2015.609993155373,20.5,0.002354906018991798,202
ss69963,2016.6045174537987,20.8,0.0018162937433423565,199
ss69964,2016.6045174537987,20.9,0.0029135630483034802,199
ss69976,2016.6072553045858,20.1,-0.001606387724907954,199
ss69977,2016.6072553045858,20.4,-0.0003066213133742224,199
ss69979,2016.6072553045858,20.9,0.000855564309970358,199
ss74782,2017.498288843258,20.5,0.0028876625803664346,202
ss74784,2017.50212183436,19.9,0.0036085786841186795,202
ss75366,2017.6072553045858,19.9,0.0013775002498039868,202
ss75367,2017.6072553045858,20.0,-0.0019293055835736261,202
ss75368,2017.6072553045858,19.4,0.0009202735254159045,202
ss80171,2018.498288843258,20.4,0.004032162472084266,201
ss80173,2018.50212183436,20.5,-0.00048008837485458145,201
ss80743,2018.6045174537987,21.3,-0.0019558594062898393,201
ss80755,2018.6072553045858,20.0,-0.00024304655227647132,201
ss80756,2018.6072553045858,20.5,-0.0017641917532937867,201
ss80757,2018.6072553045858,20.6,-0.0010752277484424866,201
ss85561,2019.498288843258,20.5,-0.001733111828598588,201
ss85562,2019.50212183436,20.5,0.0026941091179315535,201
ss85563,2019.50212183436,20.7,0.005253696946464714,201
ss86132,2019.6045174537987,20.4,0.005080894817876658,201
ss86146,2019.6072553045858,20.9,0.0033258358068066762,201
ss86147,2019.6072553045858,21.2,-0.0007353534398317763,201
ss90953,2020.498288843258,20.5,-0.0016621373404674955,195
ss91521,2020.6017796030117,19.4,0.009861547569259166,195
ss91522,2020.6017796030117,20.6,0.0015146452162753121,195
ss91535,2020.6045174537987,19.9,0.004438240243321623,195
ss91537,2020.6045174537987,20.5,-0.0055302119302038655,195
ss96342,2021.498288843258,20.8,-0.002515107526221083,196
ss96343,2021.498288843258,20.2,0.003811722338604717,196
ss96911,2021.6017796030117,20.5,-0.00179650463430292,196
ss96912,2021.6017796030117,20.0,-0.004316931360828669,196
ss96925,2021.6045174537987,20.4,0.00015982957145510568,196
ss96926,2021.6045174537987,20.3,-0.005170723387991849,196
ss96927,2021.6045174537987,19.9,0.00018900065975824276,196
