2470,2472,2474,2476,2478,2480,2482,2484,2486,2488,2490,2492,2494,2496,2498,2500,2502,2504,2506,2508,2510,2512,2514,2516,2518,2520,2522,2524,2526,2528,2530,2532
7.759416488364166860e-06,7.714392914807759963e-06,7.587543363822326323e-06,7.493536196004250335e-06,7.537141268665364284e-06,7.528525074099503615e-06,7.394267577027233905e-06,7.618603168464084957e-06,7.422847105624413616e-06,7.369277512442823382e-06,7.311348003030544380e-06,7.310533185573177166e-06,7.229419216061205768e-06,7.247186934510666080e-06,7.171122883435019965e-06,7.281448631449294419e-06,7.384451664225115291e-06,7.281726015876695320e-06,7.094336568244272101e-06,7.170842120956120972e-06,7.155691170372923933e-06,7.194416418587108335e-06,7.012063181674980560e-06,7.111372754572069386e-06,7.148049207579202283e-06,7.126767497566142677e-06,7.157939847496809307e-06,7.105244643447595519e-06,7.088498663182538035e-06,7.051335703396993502e-06,6.976514305128936777e-06,6.969909914483245988e-06
7.714392914807759963e-06,7.846752352158871979e-06,7.647572473233956263e-06,7.522997506115067591e-06,7.573621021241138974e-06,7.569247000708790092e-06,7.431003270119939745e-06,7.645602895686596574e-06,7.428320245277417851e-06,7.403774822308735560e-06,7.315921876429016963e-06,7.326430579311374316e-06,7.240446466115166787e-06,7.262896824728131411e-06,7.161639530974163487e-06,7.274194272799619572e-06,7.375555224336435924e-06,7.280678423682196730e-06,7.083439498986937106e-06,7.146540716157969095e-06,7.121337992023506510e-06,7.197236968904116772e-06,7.010060874426139914e-06,7.101719085990103381e-06,7.118294563542676187e-06,7.119838065790479432e-06,7.136817900642007918e-06,7.103521646114118002e-06,7.093684737748753787e-06,7.046812821710015889e-06,6.968141169890784724e-06,6.956469180478486183e-06
7.587543363822326323e-06,7.647572473233956263e-06,7.625032264475483626e-06,7.408500779071739303e-06,7.471011247501953371e-06,7.494058428482342416e-06,7.348418096101470545e-06,7.551028424028268010e-06,7.345488668375621199e-06,7.300033148847037135e-06,7.236151656395921232e-06,7.247741944602170736e-06,7.165250972993966330e-06,7.188401987446478877e-06,7.082038579717795618e-06,7.168862809735851579e-06,7.294148560327969611e-06,7.187462020853127437e-06,6.993438957540869926e-06,7.042622454997749387e-06,7.035115138193436337e-06,7.085784937217038515e-06,6.942220496303615593e-06,7.031135412166102771e-06,7.050535119601280424e-06,7.032939294503682699e-06,7.049767168534710035e-06,7.031392907244681484e-06,7.022955949683151248e-06,6.975014144900893851e-06,6.887052480997765089e-06,6.890213559515597705e-06
7.493536196004250335e-06,7.522997506115067591e-06,7.408500779071739303e-06,7.418887062678686947e-06,7.372183371433905586e-06,7.388941999223125512e-06,7.244351490155171824e-06,7.486154118968770434e-06,7.293217998076403397e-06,7.244703130345725378e-06,7.194931960846521580e-06,7.198647834111852051e-06,7.112263901074070375e-06,7.128911290084815662e-06,7.057735349374020530e-06,7.150873604537718510e-06,7.277659973304444150e-06,7.175280704493836334e-06,6.975406240240653849e-06,7.040234669317808701e-06,7.033630654468274020e-06,7.089877105617548788e-06,6.924659647001167005e-06,6.989173227890639377e-06,7.031895175342041575e-06,7.032239565001370116e-06,7.042222258259885964e-06,7.014009080741724732e-06,6.973095124453302267e-06,6.959387483198966595e-06,6.877751943805118669e-06,6.884741045397323719e-06
7.537141268665364284e-06,7.573621021241138974e-06,7.471011247501953371e-06,7.372183371433905586e-06,7.472007593239820975e-06,7.406280151093981087e-06,7.279422268730569324e-06,7.515272623128756811e-06,7.309829076634377596e-06,7.266219749547116740e-06,7.217444366357437663e-06,7.200827107022930791e-06,7.120517029773904033e-06,7.149089558295455580e-06,7.066056297725998886e-06,7.173471939416914670e-06,7.268529224854158269e-06,7.171509634270613344e-06,6.985531158569372182e-06,7.032602260693924497e-06,7.027160836270899827e-06,7.087502097914153314e-06,6.928937245407904132e-06,7.001461426064321406e-06,7.039193332922933280e-06,7.033377434597915854e-06,7.059669287849045934e-06,7.019288431960105847e-06,7.011563094310738358e-06,6.960500526383294373e-06,6.895392948139790419e-06,6.883237358450362976e-06
7.528525074099503615e-06,7.569247000708790092e-06,7.494058428482342416e-06,7.388941999223125512e-06,7.406280151093981087e-06,7.523744435260588838e-06,7.330454264957131621e-06,7.550428206878508471e-06,7.357342478940802868e-06,7.309178659656556440e-06,7.260389942193418405e-06,7.273690104432153687e-06,7.191129999404472356e-06,7.209720004570524882e-06,7.137800400852134043e-06,7.206429800264839932e-06,7.351193810024108478e-06,7.239272599639249522e-06,7.063385685901757687e-06,7.115919779632678331e-06,7.117064215704035477e-06,7.158529165261311325e-06,7.001291701234650636e-06,7.087220760881466968e-06,7.122660345616889062e-06,7.119315612159341354e-06,7.117731235670416801e-06,7.100371853263579809e-06,7.084331475891650427e-06,7.041142797210008630e-06,6.952396421666862434e-06,6.952755973730490544e-06
7.394267577027233905e-06,7.431003270119939745e-06,7.348418096101470545e-06,7.244351490155171824e-06,7.279422268730569324e-06,7.330454264957131621e-06,7.290049657978309191e-06,7.405965751830373366e-06,7.223873295353165935e-06,7.190539558757568212e-06,7.109207771860482955e-06,7.135654747410337901e-06,7.046276955529473659e-06,7.079496000512612098e-06,7.006991247676301714e-06,7.073347096616643645e-06,7.204433989783243270e-06,7.112005827016169766e-06,6.943374540628447473e-06,6.970334968677070488e-06,6.954312718834110010e-06,7.000400979147573662e-06,6.870170916932535679e-06,6.933991221535558858e-06,6.978469492362012620e-06,6.969962667700872718e-06,6.976972814322964481e-06,6.935394045129940799e-06,6.935481518350123613e-06,6.886762210598192240e-06,6.817256972712337048e-06,6.814605046269241951e-06
7.618603168464084957e-06,7.645602895686596574e-06,7.551028424028268010e-06,7.486154118968770434e-06,7.515272623128756811e-06,7.550428206878508471e-06,7.405965751830373366e-06,7.732276509906879934e-06,7.446066693284756323e-06,7.415156142827336151e-06,7.358756027501258434e-06,7.384012730198753912e-06,7.265643529403176863e-06,7.325437039719379564e-06,7.252770665178453785e-06,7.347969478414783800e-06,7.445497426016827044e-06,7.361229185205069451e-06,7.191008749584524444e-06,7.234468638163235840e-06,7.230150660380039959e-06,7.271094743589090055e-06,7.111269181942346929e-06,7.177314762697334969e-06,7.234984297194740790e-06,7.224591883860066803e-06,7.236278295143402048e-06,7.209827503512556910e-06,7.190273473043728309e-06,7.149334041605594275e-06,7.067689461191143040e-06,7.058044323664847140e-06
7.422847105624413616e-06,7.428320245277417851e-06,7.345488668375621199e-06,7.293217998076403397e-06,7.309829076634377596e-06,7.357342478940802868e-06,7.223873295353165935e-06,7.446066693284756323e-06,7.350266062209644554e-06,7.234008991114771915e-06,7.189884896781415664e-06,7.208043630388417482e-06,7.112125303575384447e-06,7.160463858402066491e-06,7.088409467383112481e-06,7.155837326117621788e-06,7.292317129478980431e-06,7.193206400330469414e-06,7.012059262399016880e-06,7.068031809723435176e-06,7.062961544784697483e-06,7.111291771695613849e-06,6.961220328098858478e-06,7.019389420447051527e-06,7.066672068431492492e-06,7.081479086611727651e-06,7.076429254404405026e-06,7.047896630889457179e-06,7.022867054260810180e-06,6.978444438742068218e-06,6.918666922160309884e-06,6.902099736007844636e-06
7.369277512442823382e-06,7.403774822308735560e-06,7.300033148847037135e-06,7.244703130345725378e-06,7.266219749547116740e-06,7.309178659656556440e-06,7.190539558757568212e-06,7.415156142827336151e-06,7.234008991114771915e-06,7.259601312304264840e-06,7.128666078478147572e-06,7.164085940664392288e-06,7.062995598982493304e-06,7.101601300534006801e-06,7.033910407760089104e-06,7.106434753525520011e-06,7.229518565485729657e-06,7.147397350746292228e-06,6.961327537031643455e-06,7.003397998037232480e-06,7.016862897571103582e-06,7.050293507811130952e-06,6.912927835393405072e-06,6.972797640528237153e-06,7.017856042831315158e-06,7.036490152173447096e-06,7.030719167475749657e-06,6.999090748717056947e-06,6.977811159158462772e-06,6.940272823633694628e-06,6.865467250100980042e-06,6.857307347565254781e-06
7.311348003030544380e-06,7.315921876429016963e-06,7.236151656395921232e-06,7.194931960846521580e-06,7.217444366357437663e-06,7.260389942193418405e-06,7.109207771860482955e-06,7.358756027501258434e-06,7.189884896781415664e-06,7.128666078478147572e-06,7.187239560739740046e-06,7.103494285464630780e-06,7.019296075824219092e-06,7.059059009531835636e-06,6.980114104744904290e-06,7.111142539583850309e-06,7.182519638554527623e-06,7.106727794286059857e-06,6.952342001106901185e-06,6.972285205886538296e-06,6.972990697318877001e-06,7.040379853868495960e-06,6.867811780415130508e-06,6.911923705352104571e-06,6.961145742478767857e-06,6.983357268822382933e-06,6.977610758514080568e-06,6.965689440881632430e-06,6.934740622548287011e-06,6.889934375325653421e-06,6.822406107546388261e-06,6.813293048240635109e-06
7.310533185573177166e-06,7.326430579311374316e-06,7.247741944602170736e-06,7.198647834111852051e-06,7.200827107022930791e-06,7.273690104432153687e-06,7.135654747410337901e-06,7.384012730198753912e-06,7.208043630388417482e-06,7.164085940664392288e-06,7.103494285464630780e-06,7.248851096118920687e-06,7.056799150738932505e-06,7.105732005282426569e-06,7.040813864334296688e-06,7.111626131679939442e-06,7.250511438619218844e-06,7.157980756652378826e-06,6.980289493107670387e-06,7.032359166552866133e-06,7.037285956272973130e-06,7.053773780338239194e-06,6.937583989643911607e-06,6.973202186085033308e-06,7.024112743959650604e-06,7.036717212495344099e-06,7.034307086899686434e-06,7.006269307444621032e-06,6.981220974184910919e-06,6.918554933031140343e-06,6.872974309239957626e-06,6.864884015353577227e-06
7.229419216061205768e-06,7.240446466115166787e-06,7.165250972993966330e-06,7.112263901074070375e-06,7.120517029773904033e-06,7.191129999404472356e-06,7.046276955529473659e-06,7.265643529403176863e-06,7.112125303575384447e-06,7.062995598982493304e-06,7.019296075824219092e-06,7.056799150738932505e-06,7.018364432093193263e-06,7.001007117066982365e-06,6.932192987351804507e-06,7.012664030114569641e-06,7.129256601875650895e-06,7.029384828168379569e-06,6.880115026879537491e-06,6.921442676144239266e-06,6.920226228745349286e-06,6.955626224578141698e-06,6.818092251318906152e-06,6.861502212128888188e-06,6.923296948663624694e-06,6.930211016772804369e-06,6.932754396910682486e-06,6.917369574583419351e-06,6.886393773585960459e-06,6.835119033550026677e-06,6.769902193676310055e-06,6.772138421699874803e-06
7.247186934510666080e-06,7.262896824728131411e-06,7.188401987446478877e-06,7.128911290084815662e-06,7.149089558295455580e-06,7.209720004570524882e-06,7.079496000512612098e-06,7.325437039719379564e-06,7.160463858402066491e-06,7.101601300534006801e-06,7.059059009531835636e-06,7.105732005282426569e-06,7.001007117066982365e-06,7.127928949891094603e-06,6.994611358932677117e-06,7.066052899250678892e-06,7.204234797382837195e-06,7.102310902382975476e-06,6.946075682989368322e-06,6.990937028211147013e-06,6.980357851202233144e-06,7.010479358898458779e-06,6.882033313260302924e-06,6.927635771777747153e-06,6.983890498708362858e-06,6.996369795973902665e-06,6.983943359100688934e-06,6.968530061352863716e-06,6.941778265197255768e-06,6.885279478637705962e-06,6.824248727582978969e-06,6.828034988773490124e-06
7.171122883435019965e-06,7.161639530974163487e-06,7.082038579717795618e-06,7.057735349374020530e-06,7.066056297725998886e-06,7.137800400852134043e-06,7.006991247676301714e-06,7.252770665178453785e-06,7.088409467383112481e-06,7.033910407760089104e-06,6.980114104744904290e-06,7.040813864334296688e-06,6.932192987351804507e-06,6.994611358932677117e-06,6.997874421957444345e-06,7.017759248875874784e-06,7.136835705130407748e-06,7.050152167675784573e-06,6.891799551967916815e-06,6.930507777719074765e-06,6.935163961594950998e-06,6.972350455548482524e-06,6.819534907387714283e-06,6.885426856310270900e-06,6.941605430939674805e-06,6.955969314108242601e-06,6.953118089212477629e-06,6.918250778588705120e-06,6.887721874969610128e-06,6.846444201786105801e-06,6.780231045979390916e-06,6.769865971020877338e-06
7.281448631449294419e-06,7.274194272799619572e-06,7.168862809735851579e-06,7.150873604537718510e-06,7.173471939416914670e-06,7.206429800264839932e-06,7.073347096616643645e-06,7.347969478414783800e-06,7.155837326117621788e-06,7.106434753525520011e-06,7.111142539583850309e-06,7.111626131679939442e-06,7.012664030114569641e-06,7.066052899250678892e-06,7.017759248875874784e-06,7.233006696851478785e-06,7.222695556918073471e-06,7.141844050125602578e-06,7.003645180668393006e-06,7.039807239287648605e-06,7.019624213857740446e-06,7.108849042722483785e-06,6.913438147474203084e-06,6.968274085679812301e-06,7.022804575471888083e-06,7.030266485701152408e-06,7.024720975712458275e-06,7.022180500324883158e-06,6.987779342238787968e-06,6.922282254092443470e-06,6.870887143754543928e-06,6.848000998018595692e-06
7.384451664225115291e-06,7.375555224336435924e-06,7.294148560327969611e-06,7.277659973304444150e-06,7.268529224854158269e-06,7.351193810024108478e-06,7.204433989783243270e-06,7.445497426016827044e-06,7.292317129478980431e-06,7.229518565485729657e-06,7.182519638554527623e-06,7.250511438619218844e-06,7.129256601875650895e-06,7.204234797382837195e-06,7.136835705130407748e-06,7.222695556918073471e-06,7.442924537267103257e-06,7.254781988926210909e-06,7.092164131676662491e-06,7.155033061468053115e-06,7.151710023574412116e-06,7.172225336043919635e-06,7.038732282132795334e-06,7.106358973456393623e-06,7.155087093916428648e-06,7.159574758651929225e-06,7.141317830301113663e-06,7.130482861618275756e-06,7.102405350674518696e-06,7.042019996376089181e-06,6.990703193429124552e-06,6.970637075587499232e-06
7.281726015876695320e-06,7.280678423682196730e-06,7.187462020853127437e-06,7.175280704493836334e-06,7.171509634270613344e-06,7.239272599639249522e-06,7.112005827016169766e-06,7.361229185205069451e-06,7.193206400330469414e-06,7.147397350746292228e-06,7.106727794286059857e-06,7.157980756652378826e-06,7.029384828168379569e-06,7.102310902382975476e-06,7.050152167675784573e-06,7.141844050125602578e-06,7.254781988926210909e-06,7.220287220830359895e-06,7.010794870899130653e-06,7.056645150438281109e-06,7.041928362481423504e-06,7.090583578630314344e-06,6.954195412737494786e-06,6.988404130385220661e-06,7.046488368650307373e-06,7.061455859494249796e-06,7.063720679067649947e-06,7.031724217463135613e-06,6.995251855750782179e-06,6.949498899017772070e-06,6.894704519408549625e-06,6.884642942184934646e-06
7.094336568244272101e-06,7.083439498986937106e-06,6.993438957540869926e-06,6.975406240240653849e-06,6.985531158569372182e-06,7.063385685901757687e-06,6.943374540628447473e-06,7.191008749584524444e-06,7.012059262399016880e-06,6.961327537031643455e-06,6.952342001106901185e-06,6.980289493107670387e-06,6.880115026879537491e-06,6.946075682989368322e-06,6.891799551967916815e-06,7.003645180668393006e-06,7.092164131676662491e-06,7.010794870899130653e-06,6.954351508048747305e-06,6.892701771936617539e-06,6.880546325962324967e-06,6.957982525670952744e-06,6.805692878469205127e-06,6.833739194257567454e-06,6.895721277870348267e-06,6.899458618629404128e-06,6.911093816663135536e-06,6.902975341716789810e-06,6.851040224695305988e-06,6.817847659998000853e-06,6.734526609069515916e-06,6.733268996938006144e-06
7.170842120956120972e-06,7.146540716157969095e-06,7.042622454997749387e-06,7.040234669317808701e-06,7.032602260693924497e-06,7.115919779632678331e-06,6.970334968677070488e-06,7.234468638163235840e-06,7.068031809723435176e-06,7.003397998037232480e-06,6.972285205886538296e-06,7.032359166552866133e-06,6.921442676144239266e-06,6.990937028211147013e-06,6.930507777719074765e-06,7.039807239287648605e-06,7.155033061468053115e-06,7.056645150438281109e-06,6.892701771936617539e-06,7.038262500549072105e-06,6.954856818393348502e-06,6.981847589834432859e-06,6.841158182896999380e-06,6.901649823992544013e-06,6.950209333142969678e-06,6.963105720730775854e-06,6.961465048717909996e-06,6.929031364495527740e-06,6.902198970079635531e-06,6.832115070990709236e-06,6.789429307315646261e-06,6.757752045848237765e-06
7.155691170372923933e-06,7.121337992023506510e-06,7.035115138193436337e-06,7.033630654468274020e-06,7.027160836270899827e-06,7.117064215704035477e-06,6.954312718834110010e-06,7.230150660380039959e-06,7.062961544784697483e-06,7.016862897571103582e-06,6.972990697318877001e-06,7.037285956272973130e-06,6.920226228745349286e-06,6.980357851202233144e-06,6.935163961594950998e-06,7.019624213857740446e-06,7.151710023574412116e-06,7.041928362481423504e-06,6.880546325962324967e-06,6.954856818393348502e-06,7.026636742561386617e-06,6.976765949168376485e-06,6.845047207748353966e-06,6.893364156017347163e-06,6.957840776645928064e-06,6.958077778739152283e-06,6.959376923803881761e-06,6.941690282368530556e-06,6.902322437736392592e-06,6.836270590408394738e-06,6.796377659547067465e-06,6.780142216749627051e-06
7.194416418587108335e-06,7.197236968904116772e-06,7.085784937217038515e-06,7.089877105617548788e-06,7.087502097914153314e-06,7.158529165261311325e-06,7.000400979147573662e-06,7.271094743589090055e-06,7.111291771695613849e-06,7.050293507811130952e-06,7.040379853868495960e-06,7.053773780338239194e-06,6.955626224578141698e-06,7.010479358898458779e-06,6.972350455548482524e-06,7.108849042722483785e-06,7.172225336043919635e-06,7.090583578630314344e-06,6.957982525670952744e-06,6.981847589834432859e-06,6.976765949168376485e-06,7.138346869133514829e-06,6.878826767405982369e-06,6.931706922902597853e-06,6.972949552184159306e-06,7.005953626188147666e-06,6.996383195734704277e-06,6.989384861030720595e-06,6.942159270665424060e-06,6.886882907955655620e-06,6.832356362848323721e-06,6.819416942235986905e-06
7.012063181674980560e-06,7.010060874426139914e-06,6.942220496303615593e-06,6.924659647001167005e-06,6.928937245407904132e-06,7.001291701234650636e-06,6.870170916932535679e-06,7.111269181942346929e-06,6.961220328098858478e-06,6.912927835393405072e-06,6.867811780415130508e-06,6.937583989643911607e-06,6.818092251318906152e-06,6.882033313260302924e-06,6.819534907387714283e-06,6.913438147474203084e-06,7.038732282132795334e-06,6.954195412737494786e-06,6.805692878469205127e-06,6.841158182896999380e-06,6.845047207748353966e-06,6.878826767405982369e-06,6.822806666489516821e-06,6.800680261245515286e-06,6.836372139644827695e-06,6.862756921335164663e-06,6.865254253618662817e-06,6.840298549358352638e-06,6.812651154456408945e-06,6.756703866339169231e-06,6.696024190992740197e-06,6.683782322496440397e-06
7.111372754572069386e-06,7.101719085990103381e-06,7.031135412166102771e-06,6.989173227890639377e-06,7.001461426064321406e-06,7.087220760881466968e-06,6.933991221535558858e-06,7.177314762697334969e-06,7.019389420447051527e-06,6.972797640528237153e-06,6.911923705352104571e-06,6.973202186085033308e-06,6.861502212128888188e-06,6.927635771777747153e-06,6.885426856310270900e-06,6.968274085679812301e-06,7.106358973456393623e-06,6.988404130385220661e-06,6.833739194257567454e-06,6.901649823992544013e-06,6.893364156017347163e-06,6.931706922902597853e-06,6.800680261245515286e-06,6.927716907109962871e-06,6.907053780138250130e-06,6.914448790962690622e-06,6.913895425314820777e-06,6.878540160891745562e-06,6.875896511512327287e-06,6.813707492102348843e-06,6.745828835848161570e-06,6.730405278993488177e-06
7.148049207579202283e-06,7.118294563542676187e-06,7.050535119601280424e-06,7.031895175342041575e-06,7.039193332922933280e-06,7.122660345616889062e-06,6.978469492362012620e-06,7.234984297194740790e-06,7.066672068431492492e-06,7.017856042831315158e-06,6.961145742478767857e-06,7.024112743959650604e-06,6.923296948663624694e-06,6.983890498708362858e-06,6.941605430939674805e-06,7.022804575471888083e-06,7.155087093916428648e-06,7.046488368650307373e-06,6.895721277870348267e-06,6.950209333142969678e-06,6.957840776645928064e-06,6.972949552184159306e-06,6.836372139644827695e-06,6.907053780138250130e-06,7.056523941421754257e-06,6.982023473054034925e-06,6.959675233350686768e-06,6.955162371470491970e-06,6.927634376431518117e-06,6.864883645919637203e-06,6.814386372788726207e-06,6.797071711009737579e-06
7.126767497566142677e-06,7.119838065790479432e-06,7.032939294503682699e-06,7.032239565001370116e-06,7.033377434597915854e-06,7.119315612159341354e-06,6.969962667700872718e-06,7.224591883860066803e-06,7.081479086611727651e-06,7.036490152173447096e-06,6.983357268822382933e-06,7.036717212495344099e-06,6.930211016772804369e-06,6.996369795973902665e-06,6.955969314108242601e-06,7.030266485701152408e-06,7.159574758651929225e-06,7.061455859494249796e-06,6.899458618629404128e-06,6.963105720730775854e-06,6.958077778739152283e-06,7.005953626188147666e-06,6.862756921335164663e-06,6.914448790962690622e-06,6.982023473054034925e-06,7.069448292484607748e-06,6.982368934158531976e-06,6.968999243244527832e-06,6.939983668583920891e-06,6.875199812357827799e-06,6.825219939389718070e-06,6.822167503669430517e-06
7.157939847496809307e-06,7.136817900642007918e-06,7.049767168534710035e-06,7.042222258259885964e-06,7.059669287849045934e-06,7.117731235670416801e-06,6.976972814322964481e-06,7.236278295143402048e-06,7.076429254404405026e-06,7.030719167475749657e-06,6.977610758514080568e-06,7.034307086899686434e-06,6.932754396910682486e-06,6.983943359100688934e-06,6.953118089212477629e-06,7.024720975712458275e-06,7.141317830301113663e-06,7.063720679067649947e-06,6.911093816663135536e-06,6.961465048717909996e-06,6.959376923803881761e-06,6.996383195734704277e-06,6.865254253618662817e-06,6.913895425314820777e-06,6.959675233350686768e-06,6.982368934158531976e-06,7.047366052551057354e-06,6.960561166997682688e-06,6.931915719844975952e-06,6.873554280452503521e-06,6.817169359402424561e-06,6.800450369352272750e-06
7.105244643447595519e-06,7.103521646114118002e-06,7.031392907244681484e-06,7.014009080741724732e-06,7.019288431960105847e-06,7.100371853263579809e-06,6.935394045129940799e-06,7.209827503512556910e-06,7.047896630889457179e-06,6.999090748717056947e-06,6.965689440881632430e-06,7.006269307444621032e-06,6.917369574583419351e-06,6.968530061352863716e-06,6.918250778588705120e-06,7.022180500324883158e-06,7.130482861618275756e-06,7.031724217463135613e-06,6.902975341716789810e-06,6.929031364495527740e-06,6.941690282368530556e-06,6.989384861030720595e-06,6.840298549358352638e-06,6.878540160891745562e-06,6.955162371470491970e-06,6.968999243244527832e-06,6.960561166997682688e-06,7.017261983588928010e-06,6.920361880343315636e-06,6.861140897033499159e-06,6.806021133763616336e-06,6.783527466622108260e-06
7.088498663182538035e-06,7.093684737748753787e-06,7.022955949683151248e-06,6.973095124453302267e-06,7.011563094310738358e-06,7.084331475891650427e-06,6.935481518350123613e-06,7.190273473043728309e-06,7.022867054260810180e-06,6.977811159158462772e-06,6.934740622548287011e-06,6.981220974184910919e-06,6.886393773585960459e-06,6.941778265197255768e-06,6.887721874969610128e-06,6.987779342238787968e-06,7.102405350674518696e-06,6.995251855750782179e-06,6.851040224695305988e-06,6.902198970079635531e-06,6.902322437736392592e-06,6.942159270665424060e-06,6.812651154456408945e-06,6.875896511512327287e-06,6.927634376431518117e-06,6.939983668583920891e-06,6.931915719844975952e-06,6.920361880343315636e-06,6.947630192756387317e-06,6.826362210053180446e-06,6.770651803101390695e-06,6.744963416777004570e-06
7.051335703396993502e-06,7.046812821710015889e-06,6.975014144900893851e-06,6.959387483198966595e-06,6.960500526383294373e-06,7.041142797210008630e-06,6.886762210598192240e-06,7.149334041605594275e-06,6.978444438742068218e-06,6.940272823633694628e-06,6.889934375325653421e-06,6.918554933031140343e-06,6.835119033550026677e-06,6.885279478637705962e-06,6.846444201786105801e-06,6.922282254092443470e-06,7.042019996376089181e-06,6.949498899017772070e-06,6.817847659998000853e-06,6.832115070990709236e-06,6.836270590408394738e-06,6.886882907955655620e-06,6.756703866339169231e-06,6.813707492102348843e-06,6.864883645919637203e-06,6.875199812357827799e-06,6.873554280452503521e-06,6.861140897033499159e-06,6.826362210053180446e-06,6.841876798515524147e-06,6.724253466935812704e-06,6.709157148309241620e-06
6.976514305128936777e-06,6.968141169890784724e-06,6.887052480997765089e-06,6.877751943805118669e-06,6.895392948139790419e-06,6.952396421666862434e-06,6.817256972712337048e-06,7.067689461191143040e-06,6.918666922160309884e-06,6.865467250100980042e-06,6.822406107546388261e-06,6.872974309239957626e-06,6.769902193676310055e-06,6.824248727582978969e-06,6.780231045979390916e-06,6.870887143754543928e-06,6.990703193429124552e-06,6.894704519408549625e-06,6.734526609069515916e-06,6.789429307315646261e-06,6.796377659547067465e-06,6.832356362848323721e-06,6.696024190992740197e-06,6.745828835848161570e-06,6.814386372788726207e-06,6.825219939389718070e-06,6.817169359402424561e-06,6.806021133763616336e-06,6.770651803101390695e-06,6.724253466935812704e-06,6.737210902927805590e-06,6.663746221310818840e-06
6.969909914483245988e-06,6.956469180478486183e-06,6.890213559515597705e-06,6.884741045397323719e-06,6.883237358450362976e-06,6.952755973730490544e-06,6.814605046269241951e-06,7.058044323664847140e-06,6.902099736007844636e-06,6.857307347565254781e-06,6.813293048240635109e-06,6.864884015353577227e-06,6.772138421699874803e-06,6.828034988773490124e-06,6.769865971020877338e-06,6.848000998018595692e-06,6.970637075587499232e-06,6.884642942184934646e-06,6.733268996938006144e-06,6.757752045848237765e-06,6.780142216749627051e-06,6.819416942235986905e-06,6.683782322496440397e-06,6.730405278993488177e-06,6.797071711009737579e-06,6.822167503669430517e-06,6.800450369352272750e-06,6.783527466622108260e-06,6.744963416777004570e-06,6.709157148309241620e-06,6.663746221310818840e-06,6.717937814338611413e-06
