wavelength_nm,n,k
359.712,1.4520,
408.163,1.4380,
449.438,1.4320,
555.556,1.4310,
701.754,1.4280,2.0700e-08
714.286,1.4270,2.7900e-08
724.638,1.4270,3.5800e-08
735.294,1.4270,4.8000e-08
746.269,1.4270,6.8300e-08
757.576,1.4270,7.8400e-08
769.231,1.4270,8.2000e-08
781.250,1.4270,8.3900e-08
793.651,1.4270,8.4600e-08
806.452,1.4270,8.7900e-08
819.672,1.4270,9.9800e-08
833.333,1.4260,1.2400e-07
847.458,1.4260,1.5800e-07
862.069,1.4250,1.8300e-07
877.193,1.4250,2.0200e-07
892.857,1.4250,2.3300e-07
909.091,1.4240,2.8400e-07
925.926,1.4240,3.6200e-07
943.396,1.4230,6.0500e-07
961.538,1.4230,1.0300e-06
980.392,1.4220,1.4100e-06
1000.000,1.4220,1.5300e-06
1020.408,1.4210,1.5200e-06
1041.667,1.4210,1.4800e-06
1063.830,1.4200,1.5000e-06
1086.957,1.4190,1.6000e-06
1111.111,1.4180,1.8400e-06
1136.364,1.4170,2.4600e-06
1162.791,1.4160,4.0500e-06
1190.476,1.4160,4.9500e-06
1219.512,1.4150,5.6300e-06
1250.000,1.4130,6.9400e-06
1265.823,1.4130,7.7500e-06
1282.051,1.4120,8.9300e-06
1298.701,1.4110,1.0500e-05
1315.789,1.4110,1.2700e-05
1333.333,1.4100,1.5900e-05
1351.351,1.4100,1.9800e-05
1369.863,1.4090,2.5900e-05
1388.889,1.4080,3.8900e-05
1408.451,1.4070,6.1600e-05
1428.571,1.4060,8.7800e-05
1449.275,1.4060,1.0200e-04
1470.588,1.4050,1.1000e-04
1492.537,1.4040,1.1700e-04
1515.152,1.4030,1.2500e-04
1538.462,1.4030,1.3800e-04
1562.500,1.4020,1.5500e-04
1587.302,1.4000,1.7600e-04
1612.903,1.3990,2.0200e-04
1639.344,1.3980,2.3400e-04
1666.667,1.3980,2.7200e-04
1694.915,1.3970,3.1400e-04
1724.138,1.3960,3.6100e-04
1754.386,1.3940,4.2400e-04
1785.714,1.3930,4.8600e-04
1818.182,1.3920,5.3700e-04
1851.852,1.3910,5.9500e-04
1886.792,1.3890,7.9600e-04
1923.077,1.3880,1.1100e-03
1960.784,1.3860,1.2400e-03
2000.000,1.3840,1.2600e-03
2040.816,1.3820,1.3000e-03
2083.333,1.3800,1.3500e-03
2127.660,1.3770,1.4300e-03
2173.913,1.3740,1.5400e-03
2222.222,1.3700,1.6700e-03
2272.727,1.3670,1.8600e-03
2325.581,1.3620,2.0900e-03
2380.952,1.3580,2.4100e-03
2439.024,1.3520,2.9700e-03
2500.000,1.3440,3.7600e-03
2500.000,1.3440,
2564.103,1.3320,
2688.172,1.3080,
2724.796,1.2930,6.0000e-03
2762.431,1.2790,0.0190
2770.083,1.2770,0.0230
2777.778,1.3200,
2832.861,1.2720,0.0520
2840.909,1.2730,0.0560
2881.844,1.2770,0.0730
2915.452,1.2840,0.0820
2941.176,1.2880,0.0860
2985.075,1.2920,0.0930
3021.148,1.2940,0.0990
3076.923,1.2960,0.1090
3174.603,1.3060,0.1310
3278.689,1.3250,0.1500
3344.482,1.3410,0.1590
3412.969,1.3570,0.1590
3472.222,1.3700,0.1610
3690.037,1.3970,0.1360
3759.398,1.3960,0.1300
3816.794,1.3960,0.1280
3846.154,1.3950,0.1270
3861.004,1.3950,0.1270
3906.250,1.3950,0.1270
3952.569,1.3960,0.1270
4000.000,1.3980,0.1260
4081.633,1.4000,0.1240
4149.378,1.3990,0.1210
4219.409,1.4050,0.1170
4273.504,1.3970,0.1100
4291.845,1.3950,0.1090
4366.812,1.3860,0.1113
4464.286,1.3840,0.1190
4587.156,1.3860,0.1210
4716.981,1.3840,0.1170
4807.692,1.3790,0.1160
4950.495,1.3660,0.1180
5102.041,1.3530,0.1280
5181.347,1.3470,0.1350
5263.158,1.3420,0.1440
5319.149,1.3390,0.1510
5376.344,1.3360,0.1600
5494.505,1.3370,0.1820
5555.556,1.3410,0.1940
5617.978,1.3500,0.2060
5649.718,1.3560,0.2090
5681.818,1.3610,0.2120
5747.126,1.3710,0.2200
5813.953,1.3920,0.2250
5882.353,1.4100,0.2150
6024.096,1.4270,0.1910
6060.606,1.4300,0.1840
6097.561,1.4330,0.1750
6134.969,1.4340,0.1640
6172.840,1.4280,0.1520
6211.180,1.4220,0.1440
6250.000,1.4130,0.1380
6329.114,1.3990,0.1300
6410.256,1.3840,0.1250
6493.506,1.3680,0.1230
6535.948,1.3610,0.1220
6578.947,1.3510,0.1210
6622.517,1.3400,0.1220
6666.667,1.3310,0.1260
6711.409,1.3230,0.1300
6802.721,1.3080,0.1370
6896.552,1.2970,0.1430
6993.007,1.2720,0.1430
7092.199,1.2490,0.1580
7194.245,1.2220,0.1730
7299.270,1.1920,0.1950
7352.941,1.1730,0.2110
7462.687,1.1420,0.2620
7575.758,1.1330,0.3230
7751.938,1.1440,0.3970
7874.016,1.1450,0.4450
8000.000,1.1510,0.5130
8064.516,1.1610,0.5470
8130.081,1.1790,0.5930
8264.463,1.2410,0.6630
8403.361,1.3200,0.7190
8547.009,1.4210,0.7580
8620.690,1.4790,0.7610
8695.652,1.5450,0.7550
8849.558,1.6430,0.6810
8928.571,1.6660,0.6340
9009.009,1.6690,0.5900
9090.909,1.6550,0.5560
9174.312,1.6260,0.5400
9259.259,1.5900,0.5600
9345.794,1.5890,0.6120
9433.962,1.6240,0.6680
9523.810,1.7020,0.7110
9615.385,1.8070,0.7080
9708.738,1.9070,0.6370
9803.922,1.9440,0.5380
9900.990,1.9470,0.4530
10101.010,1.8820,0.3380
10204.082,1.8490,0.3110
10309.278,1.8220,0.2920
10384.216,1.8070,0.2820
10416.667,1.7880,0.2770
10526.316,1.7560,0.2710
10638.298,1.7170,0.2750
10752.688,1.6780,0.3010
10869.565,1.6630,0.3510
10989.011,1.6760,0.4100
11111.111,1.7390,0.4630
11235.955,1.8420,0.4640
11363.636,1.9040,0.3860
11441.648,1.9110,0.3410
11494.253,1.9160,0.3130
11764.706,1.8690,0.2160
11904.762,1.8440,0.1940
12195.122,1.7960,0.1680
12500.000,1.7570,0.1580
12658.228,1.7410,0.1570
12820.513,1.7260,0.1570
13157.895,1.7010,0.1600
13513.514,1.6810,0.1650
13888.889,1.6630,0.1710
14285.714,1.6430,0.1730
14705.882,1.6130,0.1830
14925.373,1.5960,0.1910
15384.615,1.5510,0.2210
15873.016,1.5120,0.2990
16129.032,1.5120,0.3520
16666.667,1.5420,0.4790
16949.153,1.6210,0.5640
17241.379,1.7410,0.5940
17543.860,1.8690,0.5540
17857.143,1.9390,0.4570
18181.818,1.9460,0.3620
18518.519,1.9260,0.2990
18867.925,1.8920,0.2610
19607.843,1.8420,0.2380
20000.000,1.8230,0.2350
20408.163,1.8040,0.2400
20833.333,1.7820,0.2570
21276.596,1.7810,0.2900
22222.222,1.8480,0.3290
22727.273,1.8810,0.3200
23255.814,1.9180,0.3000
24390.244,1.9390,0.2260
25000.000,1.9300,0.2000
