nu_cm-1,wavelength_nm,n,k
4000,2500.000,1.3440,3.7600e-03
4100,2439.024,1.3520,2.9700e-03
4200,2380.952,1.3580,2.4100e-03
4300,2325.581,1.3620,2.0900e-03
4400,2272.727,1.3670,1.8600e-03
4500,2222.222,1.3700,1.6700e-03
4600,2173.913,1.3740,1.5400e-03
4700,2127.660,1.3770,1.4300e-03
4800,2083.333,1.3800,1.3500e-03
4900,2040.816,1.3820,1.3000e-03
5000,2000.000,1.3840,1.2600e-03
5100,1960.784,1.3860,1.2400e-03
5200,1923.077,1.3880,1.1100e-03
5300,1886.792,1.3890,7.9600e-04
5400,1851.852,1.3910,5.9500e-04
5500,1818.182,1.3920,5.3700e-04
5600,1785.714,1.3930,4.8600e-04
5700,1754.386,1.3940,4.2400e-04
5800,1724.138,1.3960,3.6100e-04
5900,1694.915,1.3970,3.1400e-04
6000,1666.667,1.3980,2.7200e-04
6100,1639.344,1.3980,2.3400e-04
6200,1612.903,1.3990,2.0200e-04
6300,1587.302,1.4000,1.7600e-04
6400,1562.500,1.4020,1.5500e-04
6500,1538.462,1.4030,1.3800e-04
6600,1515.152,1.4030,1.2500e-04
6700,1492.537,1.4040,1.1700e-04
6800,1470.588,1.4050,1.1000e-04
6900,1449.275,1.4060,1.0200e-04
7000,1428.571,1.4060,8.7800e-05
7100,1408.451,1.4070,6.1600e-05
7200,1388.889,1.4080,3.8900e-05
7300,1369.863,1.4090,2.5900e-05
7400,1351.351,1.4100,1.9800e-05
7500,1333.333,1.4100,1.5900e-05
7600,1315.789,1.4110,1.2700e-05
7700,1298.701,1.4110,1.0500e-05
7800,1282.051,1.4120,8.9300e-06
7900,1265.823,1.4130,7.7500e-06
8000,1250.000,1.4130,6.9400e-06
8200,1219.512,1.4150,5.6300e-06
8400,1190.476,1.4160,4.9500e-06
8600,1162.791,1.4160,4.0500e-06
8800,1136.364,1.4170,2.4600e-06
9000,1111.111,1.4180,1.8400e-06
9200,1086.957,1.4190,1.6000e-06
9400,1063.830,1.4200,1.5000e-06
9600,1041.667,1.4210,1.4800e-06
9800,1020.408,1.4210,1.5200e-06
10000,1000.000,1.4220,1.5300e-06
10200,980.392,1.4220,1.4100e-06
10400,961.538,1.4230,1.0300e-06
10600,943.396,1.4230,6.0500e-07
10800,925.926,1.4240,3.6200e-07
11000,909.091,1.4240,2.8400e-07
11200,892.857,1.4250,2.3300e-07
11400,877.193,1.4250,2.0200e-07
11600,862.069,1.4250,1.8300e-07
11800,847.458,1.4260,1.5800e-07
12000,833.333,1.4260,1.2400e-07
12200,819.672,1.4270,9.9800e-08
12400,806.452,1.4270,8.7900e-08
12600,793.651,1.4270,8.4600e-08
12800,781.250,1.4270,8.3900e-08
13000,769.231,1.4270,8.2000e-08
13200,757.576,1.4270,7.8400e-08
13400,746.269,1.4270,6.8300e-08
13600,735.294,1.4270,4.8000e-08
13800,724.638,1.4270,3.5800e-08
14000,714.286,1.4270,2.7900e-08
14250,701.754,1.4280,2.0700e-08
18000,555.556,1.4310,
22250,449.438,1.4320,
24500,408.163,1.4380,
27800,359.712,1.4520,
