fwhm_um,n,sigma_alpha_snr2000,centers_um,method
0.25,1,3.172144e-07,10.6,exhaustive
0.25,2,4.651345e-08,"8.8, 9.2",exhaustive
0.25,3,3.906367e-08,"8.8, 9.0, 9.3",exhaustive
0.25,4,3.309809e-08,"8.0, 8.3, 8.8, 9.3",exhaustive
0.5,1,6.932600e-07,8.3,exhaustive
0.5,2,3.037668e-08,"8.8, 9.0",exhaustive
0.5,3,2.279866e-08,"8.5, 8.8, 9.0",exhaustive
0.5,4,1.981024e-08,"8.1, 8.2, 8.8, 9.1",exhaustive
0.5,1,6.932600e-07,8.3,exhaustive_sep5
0.5,2,1.084187e-07,"8.7, 9.2",exhaustive_sep5
0.5,3,7.000316e-08,"7.7, 8.3, 10.4",exhaustive_sep5
0.5,4,3.835407e-08,"7.8, 8.3, 8.8, 10.1",exhaustive_sep5
0.5,5,3.286966e-08,"7.8, 8.3, 8.8, 10.1, 10.9",exhaustive_sep5
0.5,6,3.167783e-08,"7.3, 7.8, 8.3, 8.8, 10.1, 10.9",exhaustive_sep5
0.5,7,3.140229e-08,"6.2, 7.3, 7.8, 8.3, 8.8, 10.1, 10.9",greedy_sep5
0.5,8,3.134739e-08,"6.2, 6.8, 7.3, 7.8, 8.3, 8.8, 10.1, 10.9",greedy_sep5
0.5,9,3.134739e-08,"6.2, 6.8, 7.3, 7.8, 8.3, 8.8, 9.3, 10.1, 10.9",greedy_sep5
