n,added_um,centers_um,sigma_alpha_snr2000,sigma_alpha_snr1100,sigma_alpha_plateau
4,9.1,"8.1, 8.2, 8.8, 9.1",1.981024e-08,2.343392e-08,1.801335e-08
5,10.1,"8.1, 8.2, 8.8, 9.1, 10.1",1.893220e-08,2.260390e-08,1.709607e-08
6,9.0,"8.1, 8.2, 8.8, 9.0, 9.1, 10.1",1.744714e-08,2.087634e-08,1.571925e-08
7,11.0,"8.1, 8.2, 8.8, 9.0, 9.1, 10.1, 11.0",1.654730e-08,2.019965e-08,1.466129e-08
8,8.7,"8.1, 8.2, 8.7, 8.8, 9.0, 9.1, 10.1, 11.0",1.562364e-08,1.938010e-08,1.350053e-08
9,8.3,"8.1, 8.2, 8.3, 8.7, 8.8, 9.0, 9.1, 10.1, 11.0",1.534727e-08,1.921211e-08,1.291993e-08
10,7.6,"7.6, 8.1, 8.2, 8.3, 8.7, 8.8, 9.0, 9.1, 10.1, 11.0",1.467830e-08,1.853261e-08,1.207618e-08
11,7.2,"7.2, 7.6, 8.1, 8.2, 8.3, 8.7, 8.8, 9.0, 9.1, 10.1, 11.0",1.432538e-08,1.841432e-08,1.028473e-08
12,10.2,"7.2, 7.6, 8.1, 8.2, 8.3, 8.7, 8.8, 9.0, 9.1, 10.1, 10.2, 11.0",1.395034e-08,1.746837e-08,1.028436e-08
13,10.3,"7.2, 7.6, 8.1, 8.2, 8.3, 8.7, 8.8, 9.0, 9.1, 10.1, 10.2, 10.3, 11.0",1.292295e-08,1.650916e-08,9.427443e-09
14,8.4,"7.2, 7.6, 8.1, 8.2, 8.3, 8.4, 8.7, 8.8, 9.0, 9.1, 10.1, 10.2, 10.3, 11.0",1.256323e-08,1.610890e-08,9.217103e-09
