band,base full@2000,combined min@1100,composition,elem 0.5um@2000,floor_cons,min win@2000,min_over_base,sigma_alpha_cons,snr_x_cons
B+ (8.74um),1.343537e-08,2.508046e-08,nominal,1.692954e-08,,1.926518e-08,1.433915e+00,,
B+ (8.74um),6.858892e-09,1.735260e-08,O3 x0.5,6.984914e-09,,1.320286e-08,1.924926e+00,,
B+ (8.74um),8.821678e-09,2.060392e-08,O3 x0.7,1.023257e-08,,1.587648e-08,1.799712e+00,,
B+ (8.74um),1.937600e-08,3.146613e-08,O3 x1.5,2.543988e-08,,2.407694e-08,1.242617e+00,,
B+ (8.74um),2.275579e-08,3.707830e-08,O3 x2.0,3.326613e-08,,2.847934e-08,1.251521e+00,,
B+ (8.74um),1.347207e-08,2.469647e-08,N2O x0.8,1.689909e-08,,1.883181e-08,1.397841e+00,,
B+ (8.74um),1.338814e-08,2.546315e-08,N2O x1.2,1.691177e-08,,1.969221e-08,1.470870e+00,,
B+ (8.74um),2.276586e-08,3.760612e-08,"worst (O3x2,N2Ox1.2)",3.354580e-08,,2.905824e-08,1.276395e+00,,
C (20.4um),4.302731e-09,,nominal,,,5.274958e-09,1.225956e+00,,
C (20.4um),4.162111e-09,,H2O x0.5,,,5.099821e-09,1.225297e+00,,
C (20.4um),4.684799e-09,,H2O x2.0,,,5.447396e-09,1.162781e+00,,
C (20.4um),3.728602e-09,,HNO3 x0.5,,,4.623176e-09,1.239922e+00,,
C (20.4um),5.647939e-09,,HNO3 x2.0,,,6.737951e-09,1.192993e+00,,
C (20.4um),5.760383e-09,,"worst (H2Ox2,HNO3x2)",,,6.719901e-09,1.166572e+00,,
TierB B+ (8.74um),,,nominal,,3.551300e-09,,,5.971340e-09,3.628093e+02
TierB B+ (8.74um),,,O3 x0.5,,3.071301e-09,,,5.296169e-09,3.772409e+02
TierB B+ (8.74um),,,O3 x2.0,,4.116600e-09,,,6.989662e-09,3.715161e+02
TierB C (20.40um),,,nominal,,4.464275e-09,,,8.256113e-09,5.478873e+02
TierB C (20.40um),,,H2O x2.0,,4.503527e-09,,,8.276142e-09,5.370240e+02
TierB C (20.40um),,,HNO3 x2.0,,1.021404e-08,,,1.403350e-08,2.140190e+02
