series,lo_um,hi_um,n_chan,sigma_alpha_snr1100,sigma_alpha_snr2000,sigma_alpha_snr1000000000
blue,7.8,9.3,16,3.052104e-08,2.408892e-08,1.756014e-08
blue,7.5,9.3,19,2.786396e-08,2.305284e-08,1.508192e-08
blue,7.2,9.3,22,2.229553e-08,1.804010e-08,1.126965e-08
blue,7.0,9.3,24,2.221172e-08,1.795296e-08,1.122058e-08
blue,6.5,9.3,29,2.161701e-08,1.735709e-08,1.052614e-08
blue,6.0,9.3,34,2.083654e-08,1.652321e-08,9.943836e-09
red,7.8,9.3,16,3.052104e-08,2.408892e-08,1.756014e-08
red,7.8,9.6,19,3.052104e-08,2.408892e-08,1.756014e-08
red,7.8,10.0,23,2.973785e-08,2.295828e-08,1.311595e-08
red,7.8,10.5,28,1.858332e-08,1.579177e-08,9.804831e-09
red,7.8,11.0,33,1.846538e-08,1.557029e-08,9.144329e-09
combined,7.2,11.0,39,1.533348e-08,1.150242e-08,5.186898e-09
combined,6.0,11.0,51,1.500828e-08,1.104312e-08,4.867474e-09
