snr_per_sample,sigma_silica_od,sigma_noise_od,sigma_alpha_1_m,sigma_removal_od,dofs,plateau_od,snr_crossover,gas_removal_floor_od
100,1.768359e-02,1.767146e-02,1.372833e-07,1.290604e-02,3.272,6.546532e-04,9481.2,2.639305e-03
150,1.254161e-02,1.252451e-02,9.736452e-08,9.384059e-03,3.494,6.546532e-04,9481.2,2.639305e-03
220,9.160921e-03,9.137500e-03,7.111915e-08,7.109939e-03,3.739,6.546532e-04,9481.2,2.639305e-03
320,6.791573e-03,6.759948e-03,5.272515e-08,5.566160e-03,3.981,6.546532e-04,9481.2,2.639305e-03
470,5.078362e-03,5.035989e-03,3.942494e-08,4.510944e-03,4.211,6.546532e-04,9481.2,2.639305e-03
700,3.869677e-03,3.813899e-03,3.004154e-08,3.829328e-03,4.413,6.546532e-04,9481.2,2.639305e-03
1000,3.119871e-03,3.050414e-03,2.422055e-08,3.451349e-03,4.551,6.546532e-04,9481.2,2.639305e-03
1500,2.489414e-03,2.401793e-03,1.932611e-08,3.171146e-03,4.663,6.546532e-04,9481.2,2.639305e-03
2200,2.008574e-03,1.898894e-03,1.559320e-08,2.984260e-03,4.740,6.546532e-04,9481.2,2.639305e-03
3200,1.612863e-03,1.474027e-03,1.252117e-08,2.850067e-03,4.802,6.546532e-04,9481.2,2.639305e-03
4700,1.290766e-03,1.112432e-03,1.002062e-08,2.756190e-03,4.857,6.546532e-04,9481.2,2.639305e-03
7000,1.051082e-03,8.223149e-04,8.159882e-09,2.696933e-03,4.905,6.546532e-04,9481.2,2.639305e-03
10000,9.054191e-04,6.254702e-04,7.029058e-09,2.666101e-03,4.937,6.546532e-04,9481.2,2.639305e-03
30000,7.002694e-04,2.486088e-04,5.436415e-09,2.630423e-03,4.980,6.546532e-04,9481.2,2.639305e-03
