# AFGL Midlatitude Summer Atmosphere (AFGL-TR-86-0110). 50 levels, z=120..0 km.
# Source: libRadtran data/atmmod (mirror github.com/ns-bak/libradtran): afglms.dat (z,p,T,air,O3,O2,H2O,CO2,NO2).
# N2O/CO/CH4 number density = VMR*air_cm3 using the afglus_{n2o,co,ch4}_vmr.dat profiles (libRadtran RFM/atm; profile-independent VMR).
# Number densities in cm^-3; p in mb (hPa); T in K.
# NOT included as profiles: HNO3, CFC-11, CFC-12 - see README.
z_km,p_mb,T_K,air_cm3,h2o_cm3,co2_cm3,o3_cm3,n2o_cm3,co_cm3,ch4_cm3,o2_cm3,no2_cm3
120,2e-05,380,4.32667e+11,86600,1.5155e+07,216.5,80.0867,2.16334e+07,12980,3.13925e+10,65.383
115,4e-05,316.8,8.1391e+11,195480,3.258e+07,4072.5,172.549,3.3761e+07,48834.6,7.6563e+10,126.248
110,6e-05,262.4,1.68651e+12,472640,1.0128e+08,84400,412.015,5.65993e+07,160219,2.0256e+11,268.392
105,0.00012,222.2,3.81376e+12,1.29744e+06,4.1976e+08,763200,1081.96,9.40855e+07,419514,5.3424e+11,625.824
100,0.00026,190.5,9.80927e+12,3.9264e+06,1.91412e+09,3.9264e+06,3259.62,1.65973e+08,1.17711e+06,1.57056e+12,1668.72
95,0.00062,178.3,2.53887e+13,1.37214e+07,6.8607e+09,1.7787e+07,9982.84,2.57188e+08,3.30053e+06,4.5738e+12,4472.16
90,0.00164,165,7.19899e+13,6.1234e+07,2.23324e+10,5.403e+07,33892.9,4.20637e+08,1.00786e+07,1.36876e+13,13183.3
85,0.00448,165.1,1.96536e+14,2.61611e+08,6.2944e+10,1.12119e+08,112340,6.36581e+08,2.94804e+07,3.934e+13,37766.4
80,0.012,174.1,4.99223e+14,1.04916e+09,1.63869e+11,9.992e+07,352252,7.47336e+08,7.48834e+07,1.04416e+14,100919
75,0.03,196.1,1.10804e+15,3.27155e+09,3.6597e+11,2.1071e+08,985048,7.06376e+08,1.66206e+08,2.31781e+14,238435
70,0.067,218.1,2.225e+15,8.2399e+09,7.3491e+11,8.908e+08,2.55653e+06,6.80629e+08,3.33751e+08,4.65443e+14,514437
65,0.139,240.1,4.19309e+15,1.84624e+10,1.38468e+12,3.3568e+09,6.31899e+06,7.80754e+08,6.28964e+08,8.76964e+14,1.06159e+06
60,0.272,257.1,7.66264e+15,3.834e+10,2.53044e+12,9.9684e+09,1.58234e+07,8.22202e+08,1.1494e+09,1.60261e+15,2.18538e+06
55,0.515,269.3,1.3851e+16,7.4151e+10,4.5738e+12,2.4948e+10,4.15532e+07,9.19571e+08,2.28542e+09,2.89674e+15,4.69854e+06
50,0.951,275.7,2.49836e+16,1.375e+11,8.25e+12,7e+10,1.18722e+08,1.1485e+09,5.24656e+09,5.225e+15,1.1075e+07
47.5,1.29,275.2,3.3951e+16,1.8689e+11,1.12134e+13,1.1893e+11,3.18393e+08,1.26196e+09,9.41462e+09,7.10182e+15,2.26307e+07
45,1.76,269.9,4.72304e+16,2.57567e+11,1.55958e+13,2.1267e+11,7.51436e+08,1.53074e+09,1.71494e+10,9.87734e+15,5.4349e+07
42.5,2.41,263.7,6.6194e+16,3.51072e+11,2.18592e+13,3.90816e+11,1.821e+09,1.86932e+09,3.05419e+10,1.38442e+16,1.43741e+08
40,3.33,257.5,9.36653e+16,4.78023e+11,3.09309e+13,7.07662e+11,4.22712e+09,2.33882e+09,5.28085e+10,1.95896e+16,3.77732e+08
37.5,4.64,251.3,1.33733e+17,6.69e+11,4.4154e+13,1.16406e+12,8.95072e+09,2.96886e+09,8.85042e+10,2.79642e+16,8.37588e+08
35,6.52,245.2,1.92592e+17,9.53865e+11,6.3591e+13,1.71503e+12,1.78629e+10,3.86918e+09,1.43674e+11,4.02743e+16,1.40286e+09
32.5,9.3,239,2.81836e+17,1.3677e+12,9.306e+13,2.2842e+12,3.28339e+10,5.21397e+09,2.33924e+11,5.8938e+16,2.03322e+09
30,13.2,233.7,4.09098e+17,1.92418e+12,1.35102e+14,2.8658e+12,5.79282e+10,6.99557e+09,3.73752e+11,8.55646e+16,2.5219e+09
27.5,19.07,228.45,6.04604e+17,2.69225e+12,1.9965e+14,3.63e+12,9.60112e+10,9.66158e+09,5.96745e+11,1.26445e+17,2.91005e+09
25,27.7,225.1,8.91284e+17,3.74598e+12,2.94327e+14,4.28112e+12,1.56509e+11,1.33514e+10,9.40305e+11,1.86407e+17,3.33571e+09
24,32.2,223.9,1.04163e+18,4.168e+12,3.4386e+14,4.168e+12,1.95306e+11,1.45828e+10,1.16454e+12,2.17778e+17,3.18852e+09
23,37.6,222.8,1.22232e+18,4.70855e+12,4.0359e+14,4.1582e+12,2.4043e+11,1.59757e+10,1.45578e+12,2.55607e+17,3.15534e+09
22,43.7,221.6,1.42831e+18,5.1444e+12,4.7157e+14,4.1441e+12,2.92947e+11,1.75968e+10,1.81681e+12,2.98661e+17,3.08664e+09
21,51,220.4,1.67599e+18,5.78565e+12,5.5341e+14,4.0248e+12,3.67711e+11,2.06481e+10,2.27096e+12,3.50493e+17,2.95152e+09
20,59.5,219.2,1.96602e+18,6.4911e+12,6.4911e+14,3.934e+12,4.64964e+11,2.61677e+10,2.79961e+12,4.11103e+17,2.73413e+09
19,69.5,217.9,2.31015e+18,7.3984e+12,7.6296e+14,3.468e+12,5.83774e+11,3.57842e+10,3.41902e+12,4.83208e+17,2.45072e+09
18,81.2,216.8,2.71274e+18,8.55225e+12,8.9595e+14,2.715e+12,7.24573e+11,5.33325e+10,4.12608e+12,5.67435e+17,2.09326e+09
17,95,215.7,3.18996e+18,1.02144e+13,1.05336e+15,2.2344e+12,8.87766e+11,7.93981e+10,4.95401e+12,6.67128e+17,1.65665e+09
16,111,215.7,3.72722e+18,1.2309e+13,1.2309e+15,2.238e+12,1.07232e+12,1.14388e+11,5.89646e+12,7.7957e+17,1.18987e+09
15,130,215.7,4.36521e+18,1.48512e+13,1.44144e+15,2.184e+12,1.28512e+12,1.72033e+11,7.00616e+12,9.12912e+17,7.46928e+08
14,153,215.7,5.13752e+18,2.5705e+13,1.69653e+15,2.26204e+12,1.54074e+12,2.5816e+11,8.3536e+12,1.07447e+18,3.84547e+08
13,179,215.8,6.00777e+18,4.8096e+13,1.98396e+15,1.8036e+12,1.83117e+12,3.82935e+11,9.88278e+12,1.25651e+18,2.67534e+08
12,209,222.3,6.80955e+18,2.00604e+14,2.24862e+15,1.51952e+12,2.10756e+12,5.32099e+11,1.13175e+13,1.42413e+18,2.14641e+08
11,243,228.8,7.6924e+18,7.35621e+14,2.54034e+15,1.38025e+12,2.41541e+12,6.89547e+11,1.28848e+13,1.60888e+18,2.01688e+08
10,281,235.3,8.6496e+18,2.13976e+15,2.85648e+15,1.12874e+12,2.74971e+12,8.61674e+11,1.45746e+13,1.8091e+18,2.06013e+08
9,324,241.7,9.70913e+18,4.01174e+15,3.20628e+15,1.07945e+12,3.10207e+12,1.06218e+12,1.64376e+13,2.03064e+18,2.25411e+08
8,372,248.2,1.08556e+19,7.0199e+15,3.5838e+15,9.91084e+11,3.47379e+12,1.28639e+12,1.84219e+13,2.26974e+18,2.4978e+08
7,426,254.7,1.21141e+19,1.23624e+16,3.9996e+15,9.40997e+11,3.87652e+12,1.51063e+12,2.05819e+13,2.53308e+18,2.7876e+08
6,487,261.2,1.35042e+19,2.04001e+16,4.4583e+15,8.65721e+11,4.32133e+12,1.73934e+12,2.29571e+13,2.82359e+18,3.1073e+08
5,554,267.2,1.50171e+19,3.34418e+16,4.9599e+15,8.28454e+11,4.80546e+12,1.95672e+12,2.5529e+13,3.14127e+18,3.4569e+08
4,628,273.2,1.66491e+19,6.35246e+16,5.4978e+15,8.03179e+11,5.32771e+12,2.18436e+12,2.83035e+13,3.48194e+18,3.8318e+08
3,710,279.2,1.84185e+19,1.10285e+17,6.0819e+15,7.78115e+11,5.89393e+12,2.48466e+12,3.13115e+13,3.85187e+18,4.2389e+08
2,802,285.2,2.03674e+19,1.97278e+17,6.7254e+15,7.52837e+11,6.51758e+12,2.84941e+12,3.46247e+13,4.25942e+18,4.6874e+08
1,902,289.7,2.25512e+19,3.11015e+17,7.4481e+15,7.53161e+11,7.21639e+12,3.26993e+12,3.83371e+13,4.71713e+18,5.1911e+08
0,1013,294.2,2.4939e+19,4.6825e+17,8.2368e+15,7.53043e+11,7.98047e+12,3.74085e+12,4.23963e+13,5.21664e+18,5.7408e+08
