# AFGL U.S. Standard Atmosphere 1976 (AFGL-TR-86-0110). 50 levels, z=120..0 km.
# Source: libRadtran data/atmmod (mirror github.com/ns-bak/libradtran):
#   afglus.dat (z,p,T,air,O3,O2,H2O,CO2,NO2) + afglus_{n2o,co,ch4}_vmr.dat (VMR, src http://www.atm.ox.ac.uk/RFM/atm/).
# N2O/CO/CH4 number density computed as VMR*air_cm3, VMR interpolated onto the afglus z-grid.
# Number densities in cm^-3; p in mb (hPa); T in K.
# NOT included as profiles: HNO3, CFC-11 (F11), CFC-12 (F12) - see README for typical stratospheric VMRs.
z_km,p_mb,T_K,air_cm3,h2o_cm3,co2_cm3,o3_cm3,n2o_cm3,co_cm3,ch4_cm3,o2_cm3,no2_cm3
120,3e-05,360,5.11026e+11,102280,1.7899e+07,255.7,94.5909,2.55513e+07,15330.8,3.70765e+10,77.2214
115,4e-05,300,9.68133e+11,232512,3.8752e+07,4844,205.244,4.01581e+07,58088,9.10672e+10,150.164
110,7e-05,240,2.14269e+12,600320,1.2864e+08,107200,523.459,7.19086e+07,203555,2.5728e+11,340.896
105,0.00014,208.8,5.02978e+12,1.71122e+06,5.5363e+08,1.0066e+06,1426.95,1.24085e+08,553276,7.0462e+11,825.412
100,0.00032,195.1,1.18797e+13,4.756e+06,2.31855e+09,4.756e+06,3947.61,2.01004e+08,1.42556e+06,1.9024e+12,2021.3
95,0.00076,188.4,2.92176e+13,1.57896e+07,7.8948e+09,2.0468e+07,11488.4,2.95974e+08,3.79829e+06,5.2632e+12,5146.24
90,0.00184,186.9,7.13051e+13,6.0656e+07,2.21216e+10,4.9952e+07,33570.4,4.16635e+08,9.98271e+06,1.35584e+13,13058.9
85,0.00446,188.9,1.71007e+14,2.27563e+08,5.4752e+10,8.555e+07,97747.8,5.53893e+08,2.56511e+07,3.422e+13,32851.2
80,0.0105,198.6,3.82932e+14,7.8556e+08,1.2569e+11,1.1496e+08,270197,5.7325e+08,5.74398e+07,8.00888e+13,77406.4
75,0.024,208.4,8.34114e+14,2.35803e+09,2.75451e+11,2.08675e+08,741527,5.31748e+08,1.25117e+08,1.74452e+14,179460
70,0.0522,219.6,1.72167e+15,6.0305e+09,5.6859e+11,5.169e+08,1.9782e+06,5.26659e+08,2.5825e+08,3.60107e+14,398013
65,0.109,233.3,3.38395e+15,1.42212e+10,1.11738e+12,2.3702e+09,5.09961e+06,6.30091e+08,5.07592e+08,7.07674e+14,856658
60,0.219,247,6.42183e+15,3.05235e+10,2.12058e+12,7.0686e+09,1.32611e+07,6.89063e+08,9.63275e+08,1.34303e+15,1.83141e+06
55,0.425,260.8,1.1803e+16,6.0231e+10,3.8973e+12,2.1258e+10,3.54091e+07,7.83602e+08,1.9475e+09,2.46829e+15,4.00359e+06
50,0.7978,270.7,2.1346e+16,1.11606e+11,7.0488e+12,6.6216e+10,1.01436e+08,9.81278e+08,4.48267e+09,4.46424e+15,9.46248e+06
47.5,1.09,270.6,2.9175e+16,1.533e+11,9.636e+12,1.1972e+11,2.73603e+08,1.08443e+09,8.09022e+09,6.1028e+15,1.94472e+07
45,1.491,264.2,4.08749e+16,2.13702e+11,1.3497e+13,2.14725e+11,6.50319e+08,1.32476e+09,1.48417e+10,8.5481e+15,4.7035e+07
42.5,2.06,257.3,5.79882e+16,2.98854e+11,1.91499e+13,3.59786e+11,1.59525e+09,1.63759e+09,2.67557e+10,1.21283e+16,1.25925e+08
40,2.871,250.4,8.30445e+16,4.17578e+11,2.7423e+13,6.0663e+11,3.7478e+09,2.07362e+09,4.68205e+10,1.73679e+16,3.34893e+08
37.5,4.04116,243.435,1.20239e+17,6.1281e+11,4.0854e+13,9.6564e+11,8.04762e+09,2.66931e+09,7.95744e+10,2.58742e+16,7.74988e+08
35,5.746,236.5,1.75973e+17,8.6289e+11,5.8113e+13,1.3801e+12,1.63215e+10,3.5353e+09,1.31276e+11,3.68049e+16,1.28201e+09
32.5,8.25725,229.588,2.60502e+17,1.21783e+12,8.3292e+13,1.86094e+12,3.03485e+10,4.81929e+09,2.16217e+11,5.27516e+16,1.8198e+09
30,11.97,226.5,3.8277e+17,1.80968e+12,1.2639e+14,2.5098e+12,5.42002e+10,6.54537e+09,3.49699e+11,8.0047e+16,2.35928e+09
27.5,17.43,224,5.63587e+17,2.5803e+12,1.8612e+14,3.27289e+12,8.94977e+10,9.00613e+09,5.56261e+11,1.17876e+17,2.71284e+09
25,25.49,221.6,8.33128e+17,3.68912e+12,2.75121e+14,4.26688e+12,1.46297e+11,1.24803e+10,8.7895e+11,1.74243e+17,3.11804e+09
24,29.72,220.6,9.75787e+17,4.19895e+12,3.22245e+14,4.51826e+12,1.8296e+11,1.3661e+10,1.09093e+12,2.04088e+17,2.98809e+09
23,34.67,219.6,1.14349e+18,4.8048e+12,3.7752e+14,4.76819e+12,2.24925e+11,1.49454e+10,1.3619e+12,2.39096e+17,2.95152e+09
22,40.47,218.6,1.3409e+18,5.45523e+12,4.4286e+14,4.89427e+12,2.75018e+11,1.65198e+10,1.70562e+12,2.80478e+17,2.89872e+09
21,47.29,217.6,1.57406e+18,6.26062e+12,5.1975e+14,4.7691e+12,3.4535e+11,1.93925e+10,2.13286e+12,3.29175e+17,2.772e+09
20,55.29,216.7,1.84799e+18,7.2111e+12,6.1017e+14,4.76857e+12,4.3705e+11,2.45967e+10,2.63154e+12,3.86441e+17,2.57011e+09
19,64.67,216.7,2.1615e+18,8.32755e+12,7.1379e+14,4.39089e+12,5.46212e+11,3.34817e+10,3.19902e+12,4.52067e+17,2.29278e+09
18,75.65,216.7,2.52849e+18,9.67725e+12,8.349e+14,4.01511e+12,6.75361e+11,4.97102e+10,3.84584e+12,5.2877e+17,1.95063e+09
17,88.5,216.7,2.95799e+18,1.1396e+13,9.768e+14,3.51352e+12,8.23208e+11,7.36243e+10,4.59375e+12,6.1864e+17,1.53624e+09
16,103.5,216.7,3.45934e+18,1.36749e+13,1.14246e+15,3.01229e+12,9.95252e+11,1.06167e+11,5.47268e+12,7.23558e+17,1.10438e+09
15,121.1,216.7,4.0476e+18,2.025e+13,1.3365e+15,2.63452e+12,1.19161e+12,1.59516e+11,6.49639e+12,8.4645e+17,6.9255e+08
14,141.7,216.7,4.73612e+18,2.8088e+13,1.56387e+15,2.38372e+12,1.42036e+12,2.3799e+11,7.70093e+12,9.90451e+17,3.54477e+08
13,165.8,216.7,5.54163e+18,6.01741e+13,1.83018e+15,2.13299e+12,1.68909e+12,3.53223e+11,9.11598e+12,1.15911e+18,2.46797e+08
12,194,216.7,6.48417e+18,1.2368e+14,2.14137e+15,2.00834e+12,2.00685e+12,5.06673e+11,1.07767e+13,1.3562e+18,2.04404e+08
11,227,216.8,7.58365e+18,2.74191e+14,2.50437e+15,1.63088e+12,2.38127e+12,6.79799e+11,1.27026e+13,1.5861e+18,1.98832e+08
10,265,223.3,8.59546e+18,6.01796e+14,2.83866e+15,1.12944e+12,2.7325e+12,8.56279e+11,1.44833e+13,1.79782e+18,2.04728e+08
9,308,229.7,9.71184e+18,1.53852e+15,3.20727e+15,8.91038e+11,3.10293e+12,1.06248e+12,1.64421e+13,2.03127e+18,2.25481e+08
8,356.5,236.2,1.09318e+19,4.0117e+15,3.6102e+15,6.5268e+11,3.49817e+12,1.29542e+12,1.85512e+13,2.28646e+18,2.5162e+08
7,411.1,242.7,1.22684e+19,7.02416e+15,4.0524e+15,6.15105e+11,3.9259e+12,1.52988e+12,2.08441e+13,2.56652e+18,2.8244e+08
6,472.2,249.2,1.37243e+19,1.27057e+16,4.5309e+15,5.64578e+11,4.39177e+12,1.76769e+12,2.33313e+13,2.86957e+18,3.1579e+08
5,540.5,255.7,1.53101e+19,2.1402e+16,5.0556e+15,5.77258e+11,4.89922e+12,1.9949e+12,2.60271e+13,3.20188e+18,3.5236e+08
4,616.6,262.2,1.70327e+19,3.67723e+16,5.6232e+15,5.77145e+11,5.45045e+12,2.23469e+12,2.89555e+13,3.56136e+18,3.9192e+08
3,701.2,268.7,1.8901e+19,6.01716e+16,6.2403e+15,6.27434e+11,6.04834e+12,2.54975e+12,3.21318e+13,3.95219e+18,4.3493e+08
2,795,275.2,2.09233e+19,9.69732e+16,6.9102e+15,6.77828e+11,6.69546e+12,2.92717e+12,3.55696e+13,4.37646e+18,4.8162e+08
1,898.8,281.7,2.31094e+19,1.40422e+17,7.6329e+15,6.7794e+11,7.395e+12,3.35086e+12,3.92859e+13,4.83417e+18,5.3199e+08
0,1013,288.2,2.54582e+19,1.97343e+17,8.4084e+15,6.77768e+11,8.14662e+12,3.81873e+12,4.32789e+13,5.32532e+18,5.8604e+08
