lambda_um,tau_O3,photon_mult,sigma_total_OD,speedup_vs_chappuis,T_post_K,b_ir_post
8.500000e+00,2.708534e-01,1.145025e+00,8.248210e-03,7.578278e+00,1.957239e+00,3.568531e-02
8.800000e+00,1.251577e+00,1.869719e+00,3.339562e-03,1.871719e+01,1.996141e+00,3.498617e-02
9.000000e+00,1.212957e+00,1.833961e+00,8.260619e-03,7.566895e+00,1.999723e+00,3.509686e-02
9.200000e+00,1.146491e+00,1.774015e+00,3.288955e-03,1.900519e+01,1.995448e+00,3.504468e-02
9.400000e+00,7.011452e+01,1.679482e+15,6.351438e-02,9.841430e-01,2.000000e+00,5.000000e-02
9.600000e+00,1.063735e+02,1.255217e+23,6.147629e-02,1.016770e+00,2.000000e+00,5.000000e-02
9.800000e+00,6.956978e+01,1.279045e+15,6.147629e-02,1.016770e+00,2.000000e+00,5.000000e-02
1.000000e+01,1.234230e+01,4.787372e+02,2.206706e-02,2.832603e+00,1.911878e+00,3.769350e-02
1.025000e+01,2.883407e-01,1.155081e+00,3.905878e-02,1.600338e+00,1.495014e+00,4.267743e-02
1.050000e+01,4.534451e-03,1.002270e+00,5.508412e-02,1.134760e+00,1.589301e+00,4.783371e-02
1.075000e+01,1.294576e-04,1.000065e+00,6.127364e-02,1.020132e+00,1.999437e+00,4.999581e-02
1.100000e+01,1.092002e-05,1.000005e+00,6.128511e-02,1.019942e+00,1.999998e+00,4.999997e-02
1.150000e+01,2.057457e-04,1.000103e+00,6.217212e-02,1.005390e+00,1.998919e+00,4.998944e-02
