metric,value,units
h_tan_km,20.0,km
delta_T_K,2.0,K
sigma_line_rel,0.002,fraction
target_wavelength_um,8.8,um
channels,"521;602;676;9.20um",
tau_target_ref,1.2405796843656969,OD
sigma_OE,0.0029067009579269894,OD
sigma_OE_state,0.043444501207920636,OD
sigma_OE_band,0.043475717394322926,OD
sigma_OE_T,0.005224162992585422,OD
sigma_line_pred,0.0024811593687313937,OD
sigma_total,0.0038216570060455772,OD
T_prior_K,2.0,K
T_posterior_K,1.9954484101107894,K
dofs,1.9987263038099272,
b_uv_posterior_sigma,0.035156573272166314,fraction
b_ir_posterior_sigma,0.035044679468978955,fraction
