delta_T_K,sigma_line_rel,sigma_total,sigma_OE,sigma_OE_T,sigma_line_pred,T_posterior_K
1.0,0.001,0.0022570644169503918,0.0018855508025515302,0.002616545064413678,0.0012405796843656968,0.9994291327008464
1.0,0.002,0.0037839544891808343,0.00285694938057156,0.0026165462657191992,0.0024811593687313937,0.9994295915577381
1.0,0.005,0.008872933296062323,0.006344524918766503,0.0026165545811214445,0.0062028984218284846,0.9994327677519367
1.0,0.02,0.034453762480167814,0.023904948603489254,0.002616688783143449,0.024811593687313938,0.9994840282527715
2.0,0.001,0.0023204359560306453,0.0019609653420647093,0.005224153431273642,0.0012405796843656968,1.9954447580225185
2.0,0.002,0.0038216570060455772,0.0029067009579269894,0.005224162992585422,0.0024811593687313937,1.9954484101107894
2.0,0.005,0.00888780338553432,0.0063653044065773495,0.005224229176788691,0.0062028984218284846,1.9954736901725667
2.0,0.02,0.03445415876144787,0.023905519752866658,0.005225297582310441,0.024811593687313938,1.9958817838906906
5.0,0.001,0.0027130911336726853,0.0024128459433524646,0.012907131985744166,0.0012405796843656968,4.9300751214305025
5.0,0.002,0.004069255308891849,0.0032253196672424466,0.01290727618567382,0.0024811593687313937,4.930130200784033
5.0,0.005,0.008988480816016534,0.0065051393949995375,0.012908274460519061,0.0062028984218284846,4.9305115070249785
5.0,0.02,0.03445686558388264,0.02390942083283071,0.012924416368425779,0.024811593687313938,4.9366771539457055
10.0,0.001,0.003704678947571305,0.003490789044230135,0.024801659550870284,0.0012405796843656968,9.473370602933757
10.0,0.002,0.00478018236697835,0.0040858281472092245,0.02480268269688201,0.0024811593687313937,9.473761409094536
10.0,0.005,0.00930544156041113,0.006936518853337344,0.02480976831890908,0.0062028984218284846,9.476467870058451
10.0,0.02,0.03446566261470201,0.023922096859725964,0.02492495993041965,0.024811593687313938,9.520467055836749
