# O2 absorption cross section. Bogumil et al. (2003), 293 K (SCIAMACHY).
# Source: MPI-Mainz UV/VIS Atlas /uvvis_data/cross_sections/Oxygen/
#   O2_Bogumil(2003)_293K_235-389nm.txt
# Covers Herzberg continuum tail + Chappuis-region; NOT the Schumann-Runge continuum (<200 nm).
# Reference: Bogumil et al., J. Photochem. Photobiol. A 157, 167 (2003); Atlas DOI 10.5194/essd-5-365-2013.
# Wavelength 235-389 nm; cross section cm^2/molecule.
wavelength_nm,cross_section_cm2
235.072,4.86587e-24
235.202,4.87985e-24
235.333,4.83113e-24
235.463,4.76863e-24
235.593,4.73234e-24
235.723,4.71473e-24
235.853,4.64545e-24
235.983,4.66633e-24
236.113,4.64983e-24
236.243,4.57561e-24
236.373,4.63457e-24
236.503,4.52893e-24
236.633,4.51331e-24
236.762,4.54192e-24
236.892,4.49878e-24
237.022,4.45449e-24
237.151,4.37816e-24
237.281,4.36534e-24
237.41,4.31799e-24
237.539,4.31174e-24
237.669,4.2108e-24
237.798,4.18829e-24
237.927,4.1933e-24
238.056,4.18921e-24
238.185,4.1258e-24
238.314,4.07269e-24
238.443,4.05487e-24
238.572,4.03642e-24
238.701,4.02151e-24
238.829,3.99561e-24
238.958,3.96427e-24
239.087,3.91631e-24
239.215,3.92349e-24
239.344,3.83309e-24
239.472,3.79666e-24
239.601,3.76694e-24
239.729,3.73278e-24
239.857,3.69846e-24
239.985,3.68049e-24
240.113,3.66991e-24
240.241,3.68426e-24
240.369,3.64991e-24
240.497,3.61858e-24
240.625,3.5654e-24
240.753,3.56723e-24
240.881,3.52574e-24
241.008,3.50639e-24
241.136,3.49872e-24
241.264,3.43336e-24
241.391,3.42395e-24
241.518,3.38649e-24
241.646,3.35686e-24
241.773,3.34685e-24
241.9,3.29785e-24
242.028,3.29266e-24
242.155,3.25147e-24
242.282,3.25147e-24
242.409,3.23364e-24
242.536,3.18653e-24
242.663,3.06749e-24
242.789,3.02845e-24
242.916,3.10097e-24
243.043,3.30148e-24
243.169,3.3084e-24
243.296,3.17465e-24
243.423,3.01882e-24
243.549,2.86728e-24
243.675,2.83639e-24
243.802,2.71389e-24
243.928,2.69746e-24
244.054,2.69026e-24
244.18,2.66972e-24
244.306,2.95196e-24
244.432,3.19992e-24
244.558,3.22029e-24
244.684,3.14167e-24
244.81,2.9577e-24
244.935,2.77733e-24
245.061,2.638e-24
245.187,2.58301e-24
245.312,2.47799e-24
245.438,2.4391e-24
245.563,2.45422e-24
245.689,2.3751e-24
245.814,2.36144e-24
245.939,2.3579e-24
246.064,2.2516e-24
246.189,2.32358e-24
246.314,2.65402e-24
246.439,3.06377e-24
246.564,3.08137e-24
246.689,2.97048e-24
246.814,2.73888e-24
246.939,2.5971e-24
247.063,2.45094e-24
247.188,2.389e-24
247.312,2.28308e-24
247.437,2.25916e-24
247.561,2.19001e-24
247.685,2.11042e-24
247.81,2.12523e-24
247.934,2.04499e-24
248.058,2.05386e-24
248.182,2.08989e-24
248.306,2.02645e-24
248.43,1.97026e-24
248.554,1.98362e-24
248.678,1.98427e-24
248.802,2.14413e-24
248.925,2.65141e-24
249.049,2.90097e-24
249.173,2.75756e-24
249.296,2.54045e-24
249.42,2.42577e-24
249.543,2.30009e-24
249.666,2.25101e-24
249.79,2.16117e-24
249.913,2.10478e-24
250.036,2.03382e-24
250.159,1.87815e-24
250.282,1.86412e-24
250.405,1.76284e-24
250.528,1.70956e-24
250.651,1.74453e-24
250.774,1.71842e-24
250.896,1.72668e-24
251.019,1.78283e-24
251.141,1.74392e-24
251.264,1.69922e-24
251.386,1.74797e-24
251.509,1.75389e-24
251.631,1.76183e-24
251.754,1.83667e-24
251.876,2.05043e-24
251.998,2.37028e-24
252.12,2.44517e-24
252.242,2.30369e-24
252.364,2.15148e-24
252.486,2.09561e-24
252.608,1.98975e-24
252.73,1.98388e-24
252.851,1.84544e-24
252.973,1.79967e-24
253.095,1.68116e-24
253.216,1.64349e-24
253.338,1.62116e-24
253.459,1.51429e-24
253.58,1.40988e-24
253.702,1.29787e-24
253.823,1.34398e-24
253.944,1.47787e-24
254.065,1.52566e-24
254.186,1.54393e-24
254.307,1.56078e-24
254.428,1.57095e-24
254.549,1.52802e-24
254.67,1.48045e-24
254.791,1.51934e-24
254.911,1.52463e-24
255.032,1.55381e-24
255.153,1.55374e-24
255.273,1.57043e-24
255.394,1.71276e-24
255.514,1.9629e-24
255.635,1.97488e-24
255.755,1.92381e-24
255.875,1.84936e-24
255.995,1.79386e-24
256.115,1.71869e-24
256.235,1.6526e-24
256.355,1.58293e-24
256.475,1.54981e-24
256.595,1.44749e-24
256.715,1.41733e-24
256.835,1.40931e-24
256.955,1.35323e-24
257.074,1.35993e-24
257.194,1.32383e-24
257.313,1.26276e-24
257.433,1.28865e-24
257.552,1.28263e-24
257.672,1.24783e-24
257.791,1.29188e-24
257.91,1.30743e-24
258.03,1.30043e-24
258.149,1.30898e-24
258.268,1.30995e-24
258.387,1.32509e-24
258.506,1.32521e-24
258.625,1.3244e-24
258.744,1.35285e-24
258.863,1.37046e-24
258.981,1.37723e-24
259.1,1.35136e-24
259.219,1.31534e-24
259.337,1.41728e-24
259.456,1.55982e-24
259.575,1.58175e-24
259.693,1.54644e-24
259.811,1.51729e-24
259.93,1.46533e-24
260.048,1.46067e-24
260.166,1.41254e-24
260.284,1.35456e-24
260.402,1.31884e-24
260.521,1.2587e-24
260.639,1.26449e-24
260.757,1.22016e-24
260.875,1.19454e-24
260.992,1.18804e-24
261.11,1.13194e-24
261.228,1.1139e-24
261.346,1.11844e-24
261.463,1.07993e-24
261.581,1.04947e-24
261.699,1.07397e-24
261.816,1.08914e-24
261.933,1.09736e-24
262.051,1.12986e-24
262.168,1.13827e-24
262.286,1.11536e-24
262.403,1.12264e-24
262.52,1.11329e-24
262.637,1.11581e-24
262.754,1.12294e-24
262.871,1.12371e-24
262.988,1.14096e-24
263.105,1.1498e-24
263.222,1.13575e-24
263.339,1.13831e-24
263.456,1.13527e-24
263.573,1.14785e-24
263.689,1.18326e-24
263.806,1.26351e-24
263.923,1.28514e-24
264.039,1.26677e-24
264.156,1.25217e-24
264.272,1.22661e-24
264.389,1.16956e-24
264.505,1.16241e-24
264.621,1.10988e-24
264.738,1.10812e-24
264.854,1.06609e-24
264.97,1.05189e-24
265.086,1.04162e-24
265.202,1.0042e-24
265.318,1.01723e-24
265.434,9.83735e-25
265.55,9.7938e-25
265.666,9.6365e-25
265.782,9.63335e-25
265.898,9.50065e-25
266.014,9.44395e-25
266.129,9.74415e-25
266.245,9.4175e-25
266.361,9.4322e-25
266.476,9.44745e-25
266.592,9.7627e-25
266.707,9.62765e-25
266.823,9.53875e-25
266.938,9.4561e-25
267.054,9.49985e-25
267.169,9.45265e-25
267.284,9.49195e-25
267.399,9.63915e-25
267.515,9.7673e-25
267.63,9.63675e-25
267.745,9.7043e-25
267.86,9.65015e-25
267.975,9.66955e-25
268.09,9.4452e-25
268.205,9.16305e-25
268.32,9.02305e-25
268.435,9.28595e-25
268.55,9.6431e-25
268.664,9.89665e-25
268.779,9.82985e-25
268.894,9.4657e-25
269.009,9.36005e-25
269.123,9.1992e-25
269.238,9.133e-25
269.352,8.84225e-25
269.467,8.82695e-25
269.581,8.75095e-25
269.696,8.7044e-25
269.81,8.6631e-25
269.925,8.4795e-25
270.039,8.2905e-25
270.153,8.3459e-25
270.267,8.17745e-25
270.382,8.13035e-25
270.496,8.04515e-25
270.61,7.9495e-25
270.724,7.7469e-25
270.838,7.9418e-25
270.952,7.9154e-25
271.066,7.6894e-25
271.18,7.82115e-25
271.294,7.5923e-25
271.408,7.6731e-25
271.522,7.76035e-25
271.635,8.0054e-25
271.749,7.9763e-25
271.863,7.90885e-25
271.976,7.71075e-25
272.09,7.7869e-25
272.204,7.6029e-25
272.317,7.5598e-25
272.431,7.5801e-25
272.544,7.6687e-25
272.658,7.65765e-25
272.771,7.5859e-25
272.885,7.56785e-25
272.998,7.44185e-25
273.111,7.73825e-25
273.225,7.5958e-25
273.338,7.47955e-25
273.451,7.16795e-25
273.565,7.05965e-25
273.678,6.9761e-25
273.791,7.31025e-25
273.904,7.25025e-25
274.017,7.27705e-25
274.13,7.2211e-25
274.243,6.9462e-25
274.356,6.98425e-25
274.469,6.89835e-25
274.582,6.9005e-25
274.695,6.8926e-25
274.808,6.99625e-25
274.921,6.72755e-25
275.034,6.83645e-25
275.146,6.30035e-25
275.259,6.3014e-25
275.372,6.42175e-25
275.484,6.29575e-25
275.597,6.2668e-25
275.71,6.2798e-25
275.822,6.2663e-25
275.935,6.39065e-25
276.047,6.49065e-25
276.16,6.33405e-25
276.272,6.41065e-25
276.385,6.20295e-25
276.497,6.1985e-25
276.61,6.08805e-25
276.722,5.99535e-25
276.834,6.10555e-25
276.947,6.18825e-25
277.059,6.1877e-25
277.171,6.1117e-25
277.284,6.0805e-25
277.396,6.05765e-25
277.508,5.94e-25
277.62,6.20435e-25
277.732,6.15815e-25
277.844,5.96165e-25
277.957,5.9624e-25
278.069,5.85355e-25
278.181,5.78755e-25
278.293,5.7333e-25
278.405,5.9182e-25
278.517,5.96175e-25
278.629,5.70175e-25
278.741,5.7977e-25
278.853,5.65955e-25
278.964,5.71835e-25
279.076,5.6057e-25
279.188,5.60095e-25
279.3,5.58625e-25
279.412,5.57205e-25
279.523,5.55785e-25
279.635,5.7244e-25
279.747,5.7647e-25
279.859,5.6177e-25
279.97,5.4565e-25
280.082,5.2589e-25
280.193,5.36535e-25
280.305,5.37475e-25
280.417,5.4747e-25
280.528,5.172e-25
280.64,5.2426e-25
280.751,5.3376e-25
280.863,5.1086e-25
280.974,5.16785e-25
281.086,5.3022e-25
281.197,5.36565e-25
281.309,5.2174e-25
281.42,5.3785e-25
281.531,5.11085e-25
281.643,4.96611e-25
281.754,5.03415e-25
281.866,4.91982e-25
281.977,5.20575e-25
282.088,5.05505e-25
282.199,5.07945e-25
282.311,5.06845e-25
282.422,4.8618e-25
282.533,4.98243e-25
282.644,4.91899e-25
282.755,4.87629e-25
282.867,4.79744e-25
282.978,4.8608e-25
283.089,4.80223e-25
283.2,4.76178e-25
283.311,4.88854e-25
283.422,4.55152e-25
283.533,4.66126e-25
283.644,4.58222e-25
283.755,4.5314e-25
283.866,4.54429e-25
283.977,4.54299e-25
284.088,4.84144e-25
284.199,4.59504e-25
284.31,4.6218e-25
284.421,4.5591e-25
284.532,4.37367e-25
284.643,4.46351e-25
284.754,4.32877e-25
284.865,4.43906e-25
284.976,4.34636e-25
285.087,4.27533e-25
285.197,4.39181e-25
285.308,4.45546e-25
285.419,4.18056e-25
285.53,4.12399e-25
285.641,4.3777e-25
285.752,4.31758e-25
285.862,4.23737e-25
285.973,4.35231e-25
286.084,4.30539e-25
286.194,4.25269e-25
286.305,4.26925e-25
286.416,4.21641e-25
286.526,4.1577e-25
286.637,4.09181e-25
286.748,4.11311e-25
286.858,4.26287e-25
286.969,4.0836e-25
287.08,4.05112e-25
287.19,4.14694e-25
287.301,4.12069e-25
287.411,4.06728e-25
287.522,4.14097e-25
287.633,4.13455e-25
287.743,4.06717e-25
287.854,3.79721e-25
287.964,3.80945e-25
288.075,3.81929e-25
288.185,4.09874e-25
288.296,4.10672e-25
288.406,4.08127e-25
288.517,3.89843e-25
288.627,3.79894e-25
288.738,3.91323e-25
288.848,3.75647e-25
288.959,3.61396e-25
289.069,3.59414e-25
289.18,3.80725e-25
289.29,3.73579e-25
289.4,3.77058e-25
289.511,3.94924e-25
289.621,3.96167e-25
289.731,3.74279e-25
289.842,3.77828e-25
289.952,3.82295e-25
290.063,3.80153e-25
290.173,3.65656e-25
290.283,3.80891e-25
290.394,3.80287e-25
290.504,3.59638e-25
290.614,3.6713e-25
290.724,3.73468e-25
290.835,3.65384e-25
290.945,3.62895e-25
291.055,3.55098e-25
291.166,3.8179e-25
291.276,3.60799e-25
291.386,3.39657e-25
291.497,3.50273e-25
291.607,3.77285e-25
291.717,3.53577e-25
291.827,3.33369e-25
291.937,3.32258e-25
292.048,3.50034e-25
292.158,3.55282e-25
292.268,3.63471e-25
292.378,3.47866e-25
292.488,3.41334e-25
292.599,3.42499e-25
292.709,3.47947e-25
292.819,3.40758e-25
292.929,3.35962e-25
293.039,3.35547e-25
293.149,3.23943e-25
293.26,3.43164e-25
293.37,3.2999e-25
293.48,3.1961e-25
293.59,3.23606e-25
293.7,3.27063e-25
293.81,2.93733e-25
293.921,2.9279e-25
294.031,2.81054e-25
294.141,2.97134e-25
294.251,3.12386e-25
294.361,3.15203e-25
294.471,3.31878e-25
294.581,3.1467e-25
294.691,3.29151e-25
294.801,3.53797e-25
294.911,3.21401e-25
295.021,3.2772e-25
295.132,3.2637e-25
295.241,3.22081e-25
295.352,3.22498e-25
295.462,3.39191e-25
295.572,3.1842e-25
295.682,3.17907e-25
295.792,3.18113e-25
295.902,3.04791e-25
296.012,2.93408e-25
296.122,3.04545e-25
296.232,3.2672e-25
296.342,3.12145e-25
296.452,3.18149e-25
296.562,3.14245e-25
296.672,3.17059e-25
296.782,3.32575e-25
296.892,3.20702e-25
297.002,3.37501e-25
297.112,3.45441e-25
297.222,3.36555e-25
297.332,3.31368e-25
297.442,3.2699e-25
297.552,3.02972e-25
297.662,3.12705e-25
297.772,3.02823e-25
297.882,2.89742e-25
297.992,2.95854e-25
298.102,2.79798e-25
298.212,2.87838e-25
298.322,2.74847e-25
298.432,2.99061e-25
298.541,3.01042e-25
298.651,2.94984e-25
298.761,3.02212e-25
298.871,2.82911e-25
298.981,3.16809e-25
299.091,3.23434e-25
299.201,3.08473e-25
299.311,2.97273e-25
299.421,2.97208e-25
299.531,3.07923e-25
299.641,3.04461e-25
299.75,3.23377e-25
299.86,3.18655e-25
299.97,3.03459e-25
300.08,2.93685e-25
300.19,2.92115e-25
300.3,3.01771e-25
300.41,3.04142e-25
300.52,3.03777e-25
300.63,3.3528e-25
300.739,2.95372e-25
300.849,3.01018e-25
300.959,3.17545e-25
301.069,3.02675e-25
301.179,2.99057e-25
301.289,3.32771e-25
301.398,3.17217e-25
301.508,2.75147e-25
301.618,3.06743e-25
301.728,3.22611e-25
301.838,3.11331e-25
301.947,2.9241e-25
302.057,3.08916e-25
302.167,3.22544e-25
302.277,3.02902e-25
302.387,3.06008e-25
302.497,3.07086e-25
302.606,2.90348e-25
302.716,3.09519e-25
302.826,3.20495e-25
302.936,2.93151e-25
303.045,2.67512e-25
303.155,2.86918e-25
303.265,2.94249e-25
303.375,2.86174e-25
303.484,2.70696e-25
303.594,2.77925e-25
303.704,2.76549e-25
303.813,2.49633e-25
303.923,2.31975e-25
304.033,2.58856e-25
304.143,2.57899e-25
304.252,2.72414e-25
304.362,2.44067e-25
304.472,2.49514e-25
304.581,2.69693e-25
304.691,2.69449e-25
304.801,2.61409e-25
304.91,2.97168e-25
305.02,2.67258e-25
305.13,2.74714e-25
305.239,2.83856e-25
305.349,2.61146e-25
305.459,2.636e-25
305.568,3.00254e-25
305.678,2.9533e-25
305.787,2.96055e-25
305.897,2.80855e-25
306.007,2.74082e-25
306.116,2.72876e-25
306.226,2.75103e-25
306.335,2.82283e-25
306.445,2.89088e-25
306.554,2.8884e-25
306.664,2.58957e-25
306.773,2.79809e-25
306.883,2.63096e-25
306.992,2.64628e-25
307.102,3.1048e-25
307.211,2.84423e-25
307.321,2.87762e-25
307.43,2.689e-25
307.54,2.98068e-25
307.57,3.26395e-25
307.685,3.70357e-25
307.8,3.32704e-25
307.916,3.50431e-25
308.031,4.02507e-25
308.147,3.82941e-25
308.262,3.67817e-25
308.377,4.16601e-25
308.493,4.01659e-25
308.608,4.35204e-25
308.724,3.69337e-25
308.839,3.57341e-25
308.954,3.55212e-25
309.069,3.59276e-25
309.185,3.92632e-25
309.3,4.06451e-25
309.415,3.94827e-25
309.53,3.76407e-25
309.645,3.60035e-25
309.76,3.74895e-25
309.876,3.73308e-25
309.991,4.09973e-25
310.106,3.80823e-25
310.221,3.56804e-25
310.336,3.42515e-25
310.451,3.38091e-25
310.566,3.37766e-25
310.681,3.54894e-25
310.796,3.51387e-25
310.911,3.80025e-25
311.026,3.70149e-25
311.141,3.43232e-25
311.255,3.91593e-25
311.37,3.94737e-25
311.485,3.61711e-25
311.6,3.49008e-25
311.715,3.25521e-25
311.83,3.21982e-25
311.944,3.36463e-25
312.059,3.55758e-25
312.174,3.41224e-25
312.289,3.2541e-25
312.403,2.85481e-25
312.518,3.01516e-25
312.633,3.19118e-25
312.747,3.02734e-25
312.862,3.13004e-25
312.976,3.16435e-25
313.091,2.94209e-25
313.205,2.91521e-25
313.32,3.28198e-25
313.435,2.99228e-25
313.549,3.12591e-25
313.663,2.6687e-25
313.778,2.67111e-25
313.892,2.62914e-25
314.007,2.74349e-25
314.121,2.50004e-25
314.236,2.35102e-25
314.35,2.46624e-25
314.464,2.54837e-25
314.578,2.70628e-25
314.693,2.59421e-25
314.807,2.69557e-25
314.921,2.46058e-25
315.035,2.5671e-25
315.15,2.3833e-25
315.264,2.46623e-25
315.378,2.53525e-25
315.492,2.44862e-25
315.606,2.44644e-25
315.72,2.61852e-25
315.834,2.43534e-25
315.948,2.75765e-25
316.062,2.78418e-25
316.176,2.53662e-25
316.29,2.64274e-25
316.404,2.70871e-25
316.518,2.89076e-25
316.632,2.74605e-25
316.746,2.63489e-25
316.86,2.46663e-25
316.974,2.38461e-25
317.087,2.70568e-25
317.201,2.58513e-25
317.315,2.54688e-25
317.429,2.84941e-25
317.542,2.66964e-25
317.656,2.68816e-25
317.77,2.49913e-25
317.883,2.54753e-25
317.997,2.4757e-25
318.111,2.693e-25
318.224,2.5977e-25
318.338,2.67137e-25
318.451,2.51677e-25
318.565,2.52174e-25
318.678,2.74718e-25
318.792,2.63773e-25
318.905,2.80469e-25
319.019,2.81615e-25
319.132,2.8245e-25
319.245,2.53003e-25
319.359,2.35944e-25
319.472,2.5906e-25
319.586,2.4499e-25
319.699,2.66285e-25
319.812,2.67796e-25
319.925,2.755e-25
320.039,2.45713e-25
320.152,2.56425e-25
320.265,2.45265e-25
320.378,2.43879e-25
320.491,2.41555e-25
320.604,2.77404e-25
320.717,2.72747e-25
320.83,2.82977e-25
320.944,2.79285e-25
321.057,2.49324e-25
321.17,2.67328e-25
321.283,2.53885e-25
321.396,2.28896e-25
321.508,2.38969e-25
321.621,2.55518e-25
321.734,2.53948e-25
321.847,2.62944e-25
321.96,2.58231e-25
322.073,2.48114e-25
322.185,2.62414e-25
322.298,2.5342e-25
322.411,2.36393e-25
322.524,2.32962e-25
322.636,2.62266e-25
322.749,2.47918e-25
322.862,2.74565e-25
322.974,2.62646e-25
323.087,2.58968e-25
323.2,2.46059e-25
323.312,2.72299e-25
323.425,2.89528e-25
323.537,2.80486e-25
323.65,2.44722e-25
323.762,2.64243e-25
323.875,2.76131e-25
323.987,2.56893e-25
324.099,2.71368e-25
324.212,2.31283e-25
324.324,2.59276e-25
324.437,2.68468e-25
324.549,2.65133e-25
324.661,2.82997e-25
324.773,2.5343e-25
324.885,2.45823e-25
324.998,2.30859e-25
325.11,2.30432e-25
325.222,2.48042e-25
325.334,2.3775e-25
325.446,2.35039e-25
325.558,2.26346e-25
325.671,2.42061e-25
325.783,2.42006e-25
325.895,2.28998e-25
326.007,2.23391e-25
326.119,2.20946e-25
326.231,1.90584e-25
326.342,1.75084e-25
326.454,1.87471e-25
326.566,2.3139e-25
326.678,2.23109e-25
326.79,2.25347e-25
326.902,2.42997e-25
327.014,2.33895e-25
327.125,2.46165e-25
327.237,2.06885e-25
327.349,2.35268e-25
327.461,2.60171e-25
327.572,2.42279e-25
327.684,2.34636e-25
327.796,2.24814e-25
327.907,2.38419e-25
328.019,2.65573e-25
328.13,2.50109e-25
328.242,2.21304e-25
328.353,2.23995e-25
328.465,2.10581e-25
328.576,2.24461e-25
328.688,2.40494e-25
328.799,2.35193e-25
328.911,2.43749e-25
329.022,2.26179e-25
329.134,2.29881e-25
329.245,2.24384e-25
329.356,2.45227e-25
329.467,2.40816e-25
329.579,2.26014e-25
329.69,2.23288e-25
329.801,2.34427e-25
329.912,2.59788e-25
330.024,2.42457e-25
330.135,2.13684e-25
330.246,2.41344e-25
330.357,2.66951e-25
330.468,2.46939e-25
330.579,2.29843e-25
330.69,1.94905e-25
330.801,2.19143e-25
330.912,2.31788e-25
331.023,2.22753e-25
331.134,2.30357e-25
331.245,2.22906e-25
331.356,2.34974e-25
331.467,2.13068e-25
331.578,2.31719e-25
331.689,2.47341e-25
331.8,2.21009e-25
331.91,2.26334e-25
332.021,2.49079e-25
332.132,2.59561e-25
332.243,2.3066e-25
332.353,2.38142e-25
332.464,2.33013e-25
332.575,1.98844e-25
332.685,2.21039e-25
332.796,2.32556e-25
332.907,2.16462e-25
333.017,2.15823e-25
333.128,2.1251e-25
333.238,2.24297e-25
333.349,2.16043e-25
333.459,2.32229e-25
333.57,2.25377e-25
333.68,2.41363e-25
333.791,2.22881e-25
333.901,2.61307e-25
334.012,2.42175e-25
334.122,2.16507e-25
334.232,2.33106e-25
334.342,2.42142e-25
334.453,2.4539e-25
334.563,2.58151e-25
334.673,2.41532e-25
334.784,2.31692e-25
334.894,2.52901e-25
335.004,2.17802e-25
335.114,2.35936e-25
335.224,2.19589e-25
335.335,2.02222e-25
335.445,2.20186e-25
335.555,2.16767e-25
335.665,2.10501e-25
335.775,1.97524e-25
335.885,1.89537e-25
335.995,2.15277e-25
336.105,2.28078e-25
336.215,2.18969e-25
336.325,2.13665e-25
336.435,2.22894e-25
336.545,2.3871e-25
336.655,2.26673e-25
336.764,2.30831e-25
336.874,2.22043e-25
336.984,2.22129e-25
337.094,2.53649e-25
337.204,2.49089e-25
337.313,2.3094e-25
337.423,2.55479e-25
337.533,2.28183e-25
337.643,1.97767e-25
337.752,2.2337e-25
337.862,2.49534e-25
337.972,2.32663e-25
338.081,2.13395e-25
338.191,1.99527e-25
338.3,2.11404e-25
338.41,2.12637e-25
338.52,1.8271e-25
338.629,1.83374e-25
338.739,1.96505e-25
338.848,1.68311e-25
338.958,2.05159e-25
339.067,1.80915e-25
339.176,1.86402e-25
339.286,1.64622e-25
339.395,1.80463e-25
339.505,1.93667e-25
339.614,1.86073e-25
339.723,1.86164e-25
339.833,2.22717e-25
339.942,1.95964e-25
340.051,1.96811e-25
340.161,2.00576e-25
340.27,1.55405e-25
340.379,2.04201e-25
340.488,2.23919e-25
340.597,2.11457e-25
340.707,2.00971e-25
340.816,1.93431e-25
340.925,1.94392e-25
341.034,2.04491e-25
341.143,1.84973e-25
341.252,1.50092e-25
341.361,2.05518e-25
341.47,2.02312e-25
341.579,1.93409e-25
341.688,1.73123e-25
341.797,1.75518e-25
341.906,1.91766e-25
342.015,1.77588e-25
342.124,1.93066e-25
342.233,1.82217e-25
342.342,2.13642e-25
342.451,1.90459e-25
342.559,1.82006e-25
342.668,1.91434e-25
342.777,1.82308e-25
342.886,1.7382e-25
342.995,1.83853e-25
343.103,2.03881e-25
343.212,1.89653e-25
343.321,1.6079e-25
343.43,1.80076e-25
343.538,2.2716e-25
343.647,2.05298e-25
343.756,1.90124e-25
343.864,2.30329e-25
343.973,2.04699e-25
344.082,2.03604e-25
344.19,2.07165e-25
344.299,2.16955e-25
344.407,2.07717e-25
344.516,1.78552e-25
344.624,1.884e-25
344.733,2.12215e-25
344.841,1.802e-25
344.95,1.56308e-25
345.058,2.00693e-25
345.167,1.99751e-25
345.275,1.85507e-25
345.384,1.94223e-25
345.492,1.70515e-25
345.6,2.21725e-25
345.709,1.90736e-25
345.817,1.69944e-25
345.925,2.0315e-25
346.034,1.89192e-25
346.142,1.4165e-25
346.25,1.79166e-25
346.358,1.46104e-25
346.467,1.39206e-25
346.575,1.41316e-25
346.683,1.91533e-25
346.791,1.7139e-25
346.899,1.6913e-25
347.008,1.43049e-25
347.116,1.741e-25
347.224,1.58223e-25
347.332,1.7745e-25
347.44,1.85286e-25
347.548,1.92658e-25
347.656,1.96599e-25
347.764,1.85985e-25
347.872,1.79046e-25
347.981,1.99355e-25
348.089,1.55816e-25
348.197,1.35585e-25
348.305,1.45574e-25
348.412,1.50017e-25
348.52,1.35522e-25
348.628,1.61543e-25
348.736,1.72295e-25
348.844,1.71123e-25
348.952,1.49159e-25
349.06,1.28325e-25
349.168,1.76962e-25
349.276,1.83427e-25
349.384,1.66785e-25
349.491,1.50211e-25
349.599,1.56516e-25
349.707,1.343e-25
349.815,1.71191e-25
349.923,1.68136e-25
350.03,1.56257e-25
350.138,2.019e-25
350.246,1.31822e-25
350.353,1.89939e-25
350.461,1.76621e-25
350.569,1.66461e-25
350.676,1.1649e-25
350.784,1.58498e-25
350.892,1.83301e-25
351,1.61572e-25
351.107,1.61283e-25
351.215,1.49054e-25
351.322,1.58473e-25
351.43,1.32301e-25
351.538,1.59897e-25
351.645,1.55131e-25
351.753,1.86e-25
351.86,1.27248e-25
351.968,1.6994e-25
352.075,1.81132e-25
352.183,1.58907e-25
352.29,1.89298e-25
352.398,1.63222e-25
352.505,1.36041e-25
352.613,1.17072e-25
352.72,1.52357e-25
352.827,1.42571e-25
352.935,1.67054e-25
353.042,1.37537e-25
353.15,1.42701e-25
353.257,1.26718e-25
353.364,1.48685e-25
353.472,1.58015e-25
353.579,1.39933e-25
353.686,1.42262e-25
353.794,1.4014e-25
353.901,1.54249e-25
354.008,1.87316e-25
354.116,1.47046e-25
354.223,1.40007e-25
354.33,1.16338e-25
354.437,1.26416e-25
354.545,1.25625e-25
354.652,1.52639e-25
354.759,1.5211e-25
354.866,1.39162e-25
354.974,1.20059e-25
355.081,1.07823e-25
355.188,1.5035e-25
355.295,1.2847e-25
355.402,1.43618e-25
355.509,1.18554e-25
355.616,1.19145e-25
355.724,1.35759e-25
355.831,1.52362e-25
355.938,1.96524e-25
356.045,1.13584e-25
356.152,1.49708e-25
356.259,1.24839e-25
356.366,1.32619e-25
356.473,1.4234e-25
356.58,1.33124e-25
356.687,1.34851e-25
356.794,1.18983e-25
356.901,1.32313e-25
357.008,1.40941e-25
357.115,1.13825e-25
357.222,1.05454e-25
357.329,1.34759e-25
357.436,1.44904e-25
357.543,8.8846e-26
357.65,9.65765e-26
357.757,1.15751e-25
357.864,1.25506e-25
357.971,1.08708e-25
358.078,1.64997e-25
358.185,1.63761e-25
358.292,1.49061e-25
358.399,1.12789e-25
358.505,1.28622e-25
358.612,1.38302e-25
358.719,1.77433e-25
358.826,1.42304e-25
358.933,1.51212e-25
359.04,1.64478e-25
359.147,1.36834e-25
359.253,1.46254e-25
359.36,1.06709e-25
359.467,1.30333e-25
359.574,1.41986e-25
359.681,1.47064e-25
359.787,1.67758e-25
359.894,2.05028e-25
360.001,1.55898e-25
360.108,1.65633e-25
360.214,1.46022e-25
360.321,1.44016e-25
360.428,1.71688e-25
360.535,1.62057e-25
360.641,1.30877e-25
360.748,1.72865e-25
360.855,1.62485e-25
360.962,1.54136e-25
361.068,1.32348e-25
361.175,1.33014e-25
361.282,1.29445e-25
361.388,1.33625e-25
361.495,1.09763e-25
361.602,1.09634e-25
361.708,1.18366e-25
361.815,1.50192e-25
361.922,1.08966e-25
362.028,1.44534e-25
362.135,1.15631e-25
362.241,1.24402e-25
362.348,1.11784e-25
362.455,1.10752e-25
362.561,1.19965e-25
362.668,1.34017e-25
362.774,9.8613e-26
362.881,1.14721e-25
362.988,1.20237e-25
363.094,1.29961e-25
363.201,1.33025e-25
363.307,1.47363e-25
363.414,1.2949e-25
363.521,1.15798e-25
363.627,1.10317e-25
363.734,1.33129e-25
363.84,1.16865e-25
363.947,1.16674e-25
364.053,1.42793e-25
364.16,1.19046e-25
364.266,1.3264e-25
364.373,8.67175e-26
364.479,1.06483e-25
364.586,1.02103e-25
364.692,1.16364e-25
364.799,1.45179e-25
364.905,1.26074e-25
365.012,1.01607e-25
365.118,1.088e-25
365.225,1.00656e-25
365.331,1.06546e-25
365.438,7.7056e-26
365.544,4.56948e-26
365.651,4.45149e-26
365.757,6.284e-26
365.863,8.6946e-26
365.97,9.14385e-26
366.076,9.7639e-26
366.183,1.08113e-25
366.289,1.08976e-25
366.396,1.24885e-25
366.502,1.03755e-25
366.609,1.10311e-25
366.715,9.47605e-26
366.821,8.0877e-26
366.928,1.32665e-25
367.034,7.50525e-26
367.141,8.12625e-26
367.247,8.2795e-26
367.353,9.3677e-26
367.46,6.51595e-26
367.566,7.96875e-26
367.673,1.00757e-25
367.779,6.7934e-26
367.885,7.32585e-26
367.992,9.1415e-26
368.098,8.69905e-26
368.204,1.17001e-25
368.311,1.00205e-25
368.417,9.63065e-26
368.524,1.0497e-25
368.63,8.70045e-26
368.736,7.08075e-26
368.843,6.87985e-26
368.949,9.27935e-26
369.055,7.87605e-26
369.162,1.06121e-25
369.268,6.56815e-26
369.375,7.6844e-26
369.481,1.17608e-25
369.587,8.3443e-26
369.693,7.59045e-26
369.8,5.9025e-26
369.906,7.49095e-26
370.012,9.30725e-26
370.119,8.13295e-26
370.225,6.5671e-26
370.332,1.03992e-25
370.438,9.11055e-26
370.544,8.2242e-26
370.651,9.5048e-26
370.757,6.71315e-26
370.863,9.5474e-26
370.969,8.96555e-26
371.076,1.16161e-25
371.182,8.3195e-26
371.288,7.1003e-26
371.395,8.5416e-26
371.501,8.2183e-26
371.607,6.76355e-26
371.714,3.14688e-26
371.82,6.2325e-26
371.926,3.40989e-26
372.033,4.2421e-26
372.139,3.05614e-26
372.245,4.50022e-26
372.352,7.98885e-26
372.458,4.02688e-26
372.564,4.12956e-26
372.671,7.63065e-26
372.777,6.8897e-26
372.883,4.60279e-26
372.989,6.70315e-26
373.096,5.85525e-26
373.202,1.07858e-25
373.308,7.0884e-26
373.415,9.76435e-26
373.521,9.5446e-26
373.627,9.1278e-26
373.733,1.05453e-25
373.84,7.9489e-26
373.946,6.7868e-26
374.052,7.76365e-26
374.159,1.05247e-25
374.265,5.34635e-26
374.371,4.47242e-26
374.478,5.29295e-26
374.584,8.12615e-26
374.69,6.37785e-26
374.796,8.76105e-26
374.903,7.3774e-26
375.009,8.5975e-26
375.115,7.2522e-26
375.222,4.17783e-26
375.328,4.7268e-26
375.434,4.50781e-26
375.541,7.23e-26
375.647,6.6756e-26
375.753,9.0859e-26
375.86,6.8527e-26
375.966,2.19631e-26
376.072,7.19545e-26
376.178,1.03536e-25
376.285,6.7595e-26
376.391,7.4706e-26
376.497,6.6898e-26
376.604,6.70105e-26
376.71,4.27679e-26
376.816,8.454e-26
376.923,6.70815e-26
377.029,1.39446e-26
377.135,4.06905e-26
377.242,7.4527e-26
377.348,8.38635e-26
377.454,7.32365e-26
377.56,1.00071e-25
377.667,1.1503e-25
377.773,8.0767e-26
377.88,4.96313e-26
377.986,8.37545e-26
378.092,7.8803e-26
378.199,9.67505e-26
378.305,7.7611e-26
378.411,7.2188e-26
378.517,6.35015e-26
378.624,5.71095e-26
378.73,4.16496e-26
378.837,5.9242e-26
378.943,5.2918e-26
379.049,4.68209e-26
379.156,7.35085e-26
379.262,7.6662e-26
379.368,3.44937e-26
379.475,1.30431e-26
379.581,2.88128e-26
379.687,6.57395e-27
379.794,4.11825e-26
379.9,5.0743e-26
380.006,3.54612e-26
380.113,3.66953e-26
380.219,6.95475e-26
380.325,1.03363e-25
380.432,5.43025e-26
380.538,7.30955e-26
380.644,3.55268e-26
380.751,6.91845e-26
380.857,8.0461e-26
380.964,4.49017e-26
381.07,4.24318e-26
381.176,5.7453e-26
381.283,8.4549e-26
381.389,3.86057e-26
381.495,1.42344e-26
381.602,1.34775e-26
381.708,3.39622e-26
381.815,6.0541e-26
381.921,3.51501e-26
382.027,1.78167e-26
382.134,4.85685e-26
382.24,5.3002e-26
382.347,5.14805e-26
382.453,7.07585e-26
382.56,5.5131e-26
382.666,3.97853e-26
382.772,3.77907e-26
382.879,7.60915e-26
382.985,4.46731e-26
383.092,2.60796e-26
383.198,5.44235e-26
383.304,3.84659e-26
383.411,5.441e-27
383.517,5.5092e-26
383.624,3.51888e-26
383.73,7.1392e-26
383.837,5.7289e-26
383.943,5.5481e-26
384.05,5.24565e-26
384.156,4.53759e-26
384.262,3.89011e-26
384.369,9.3937e-27
384.475,2.76759e-26
384.582,1.61878e-26
384.688,4.17037e-26
384.795,3.70939e-26
384.901,5.28405e-26
385.008,4.24912e-26
385.114,4.45014e-26
385.221,8.2697e-26
385.327,7.3847e-26
385.433,1.50294e-26
385.54,1.33517e-26
385.646,-2.04267e-27
385.753,6.6555e-26
385.859,3.41025e-26
385.966,2.68196e-26
386.072,5.2341e-26
386.179,3.49563e-26
386.285,1.51269e-26
386.392,8.94645e-26
386.498,6.6169e-26
386.605,1.00192e-25
386.711,7.06485e-26
386.818,5.53275e-26
386.924,4.22501e-26
387.031,4.46733e-26
387.137,4.03233e-26
387.244,6.8867e-26
387.351,6.55775e-26
387.457,3.18664e-26
387.564,2.81421e-26
387.67,6.3055e-26
387.777,3.5455e-26
387.883,3.11561e-26
387.99,4.71408e-26
388.096,4.6673e-26
388.203,6.17435e-26
388.309,6.86625e-26
388.416,6.52455e-26
388.522,3.20058e-26
388.629,2.35756e-26
388.736,1.49017e-26
388.842,4.67162e-26
388.949,4.20322e-26
389.055,1.27119e-26
