# O2 Herzberg continuum absorption cross section. Johnston et al. (1984), 298 K, analytic fit.
# Source: MPI-Mainz UV/VIS Atlas /uvvis_data/cross_sections/Oxygen/
#   O2_Johnston(1984)_298K_170-242nm(fit).txt   (coarse 5-nm grid, 16 pts)
# Reference: Johnston, Paige, Yao, J. Geophys. Res. 89, 11661 (1984); Atlas DOI 10.5194/essd-5-365-2013.
# Wavelength 170-242 nm (Herzberg continuum); cross section cm^2/molecule.
wavelength_nm,cross_section_cm2
170,3.46e-24
175,4.53e-24
180,5.65e-24
185,6.77e-24
190,7.6e-24
195,8.03e-24
200,8.11e-24
205,7.76e-24
210,6.82e-24
215,5.65e-24
220,4.5e-24
225,3.58e-24
230,2.53e-24
235,1.68e-24
240,9.31e-25
242,7.14e-25
