h_tan_km,sigma_tau_OD,sigma_alpha_m1,tau_o3,tau_n2o,sigma_tau_h2o_OD,sigma_alpha_h2o_m1,tau_h2o
1.200000000000000000e+01,2.446651937128614066e-03,1.681709449352826428e-08,1.093481204186471434e+00,8.567857312446879037e-02,2.451868020944285645e-03,1.685294731471755828e-08,1.349182761833754574e-02
1.300000000000000000e+01,2.473729474834342450e-03,1.700321230756589346e-08,1.109926330273749873e+00,7.064441710327887258e-02,2.477727178703596940e-03,1.703069057805715762e-08,7.396038124124235807e-03
1.400000000000000000e+01,2.505510388456657321e-03,1.722165883825810990e-08,1.130267647275031040e+00,5.841633115680654187e-02,2.508894662033113888e-03,1.724492068750750093e-08,4.755004955160644330e-03
1.500000000000000000e+01,2.532727666842322055e-03,1.740873716171001742e-08,1.150252958176475326e+00,4.853592193419568185e-02,2.535674140518653485e-03,1.742898978754763975e-08,3.819124012103219598e-03
1.600000000000000000e+01,2.562957891322541638e-03,1.761652501004657406e-08,1.170918922034581477e+00,4.013770261852245280e-02,2.565393234509561957e-03,1.763326437369645860e-08,3.184731690099722266e-03
1.700000000000000000e+01,2.584758219059613265e-03,1.776636985147280634e-08,1.185872487922969398e+00,3.301822593039428766e-02,2.586803281388023058e-03,1.778042661447211515e-08,2.844672582395507167e-03
1.800000000000000000e+01,2.579412951331060914e-03,1.772962908294740350e-08,1.186508050751636789e+00,2.707817282221584854e-02,2.581113375248339677e-03,1.774131696926338289e-08,2.583753850721215092e-03
1.900000000000000000e+01,2.539463422818839886e-03,1.745503546962356170e-08,1.169585652984037605e+00,2.217447257924668597e-02,2.540807916078154267e-03,1.746427686184804522e-08,2.382960879909782562e-03
2.000000000000000000e+01,2.465604866168991278e-03,1.694736770230156973e-08,1.135727666208514064e+00,1.811648533632214883e-02,2.466605660435571435e-03,1.695424667494751335e-08,2.207098526163715248e-03
2.100000000000000000e+01,2.350125061090627132e-03,1.615361573267067472e-08,1.081529735351578259e+00,1.483710903465297257e-02,2.350790187402731525e-03,1.615818748718591687e-08,2.053867196871729008e-03
2.200000000000000000e+01,2.223969005483289289e-03,1.528648041363167806e-08,1.022034035498297522e+00,1.229590328541726486e-02,2.224347755762229924e-03,1.528908375869017573e-08,1.926704918461994397e-03
2.300000000000000000e+01,2.065061005553779205e-03,1.419422417152457699e-08,9.473245436267814235e-01,1.032223743366422232e-02,2.065223431748419280e-03,1.419534061012462132e-08,1.824614357064499072e-03
2.400000000000000000e+01,1.895486187649742579e-03,1.302864941479728953e-08,8.673644564361209230e-01,8.633899195851326910e-03,1.895557323350747191e-03,1.302913836698026998e-08,1.718363672400312174e-03
2.500000000000000000e+01,1.723405719878848925e-03,1.184585204052510995e-08,7.862269326446498230e-01,7.213347171242089247e-03,1.723529223711466789e-03,1.184670094575430354e-08,1.612592933124676635e-03
2.600000000000000000e+01,1.547881831418165301e-03,1.063938626853669075e-08,7.033935937143168671e-01,6.068555513905218510e-03,1.548149923405446691e-03,1.064122900236190439e-08,1.507024967600526216e-03
2.700000000000000000e+01,1.389187687508556222e-03,9.548599968614709421e-09,6.284550924043078579e-01,5.096126018518518618e-03,1.389635114794829634e-03,9.551675365992678541e-09,1.408987613605795731e-03
2.800000000000000000e+01,1.247249517608356754e-03,8.572986077964008346e-09,5.613369839017110507e-01,4.276470023762465184e-03,1.247852405580677582e-03,8.577130036426458061e-09,1.322825715784060625e-03
