lat_deg,f_enhancement,Mmin3_band_quiet_Tg,Mmin3_band_quiet_homogeneous_Tg,Mmin3_band_postHT_Tg,Mmin3_band_postHT_homogeneous_Tg,Mmin3_window_quiet_Tg,Mmin3_window_quiet_homogeneous_Tg,Mmin3_window_postHT_Tg,Mmin3_window_postHT_homogeneous_Tg
-8.900000000000000000e+01,3.410037219374122130e-02,2.993399294656317267e+00,1.020760300722628605e-01,2.977761818769590008e+00,1.015427863243548168e-01,4.139145711184724519e+00,1.411464093155267996e-01,4.277075386468506935e+00,1.458498625792656600e-01
-8.700000000000000000e+01,3.322282853534273828e-02,3.072466571101057031e+00,1.020760300722628605e-01,3.056416048872319990e+00,1.015427863243548168e-01,4.248476590889123550e+00,1.411464093155267996e-01,4.390049523450698210e+00,1.458498625792656600e-01
-8.500000000000000000e+01,3.453106926539264293e-02,2.956063401562962767e+00,1.020760300722628605e-01,2.940620967857544343e+00,1.015427863243548168e-01,4.087519220176162982e+00,1.411464093155267996e-01,4.223728534390845724e+00,1.458498625792656600e-01
-8.300000000000000000e+01,3.708614354647053746e-02,2.752403466927134001e+00,1.020760300722628605e-01,2.738024949860783597e+00,1.015427863243548168e-01,3.805906891846661200e+00,1.411464093155267996e-01,3.932731975663888768e+00,1.458498625792656600e-01
-8.100000000000000000e+01,4.015168254577206747e-02,2.542260338801452413e+00,1.020760300722628605e-01,2.528979606485934895e+00,1.015427863243548168e-01,3.515329878259096041e+00,1.411464093155267996e-01,3.632471999473494417e+00,1.458498625792656600e-01
-7.900000000000000000e+01,4.372045133700168396e-02,2.334743282621911664e+00,1.020760300722628605e-01,2.322546616494251204e+00,1.015427863243548168e-01,3.228384085689233185e+00,1.411464093155267996e-01,3.335964248288291856e+00,1.458498625792656600e-01
-7.700000000000000000e+01,4.806071783517949780e-02,2.123906487216752570e+00,1.020764703904316201e-01,2.112802674748395670e+00,1.015428131924951682e-01,2.936837195623435370e+00,1.411465037867177807e-01,3.034700186040448777e+00,1.458498693556567471e-01
-7.500000000000000000e+01,5.311079097361692120e-02,1.921986658301033879e+00,1.020782316631066999e-01,1.911907520177935416e+00,1.015429206650566019e-01,2.657593289122677227e+00,1.411468816714815944e-01,2.746144310554005763e+00,1.458498964612211513e-01
-7.300000000000000000e+01,5.931942210281570399e-02,1.720852788465320637e+00,1.020799929357817798e-01,1.711800697613305111e+00,1.015430281376180355e-01,2.379444279001929008e+00,1.411472595562454080e-01,2.458721248396358305e+00,1.458499235667855554e-01
-7.100000000000000000e+01,6.669686109109231043e-02,1.530466949656603459e+00,1.020773415457542493e-01,1.522453452133552876e+00,1.015428664146055260e-01,2.116241883348006336e+00,1.411466909288135452e-01,2.186757823293857150e+00,1.458498827800897846e-01
-6.900000000000000000e+01,7.528220919734582295e-02,1.355874387274993875e+00,1.020732192681591821e-01,1.348826184066275191e+00,1.015426149597350169e-01,1.874889277323343428e+00,1.411458067973164754e-01,1.937374326785600731e+00,1.458498193626406314e-01
-6.700000000000000000e+01,8.443923801937164297e-02,1.208804376931447377e+00,1.020705205025727175e-01,1.202550528766772153e+00,1.015424503288586966e-01,1.671559706769783604e+00,1.411452279435248258e-01,1.727274917008883914e+00,1.458497778422035429e-01
-6.500000000000000000e+01,9.550708028466915744e-02,1.068738484819922396e+00,1.020720922730120050e-01,1.063193910517487017e+00,1.015425461699649839e-01,1.477854463796294038e+00,1.411455649228493536e-01,1.527109839166705729e+00,1.458498020128027595e-01
-6.300000000000000000e+01,1.111051085879670303e-01,9.187126077342776531e-01,1.020736640434512787e-01,9.139331512436735805e-01,1.015426420110712435e-01,1.270381746582086357e+00,1.411459019021739092e-01,1.312719352305262932e+00,1.458498261834019760e-01
-6.100000000000000000e+01,1.287030995457800753e-01,7.931208510422994573e-01,1.020771118435308822e-01,7.889697509724200586e-01,1.015428523980126951e-01,1.096684090306478065e+00,1.411466416449879135e-01,1.133227402911878290e+00,1.458498792449733072e-01
-5.900000000000000000e+01,1.391580902337077319e-01,7.335627042264278863e-01,1.020811849868239057e-01,7.296959939329694667e-01,1.015431009668992107e-01,1.014296153427009406e+00,1.411475156422984378e-01,1.048088125468827236e+00,1.458499419368686489e-01
-5.700000000000000000e+01,1.466239440351716217e-01,6.962401799980011408e-01,1.020854811870647305e-01,6.925434933462443210e-01,1.015434584103219740e-01,9.626561254445644700e-01,1.411484378622989699e-01,9.947217649345129198e-01,1.458500283923251650e-01
-5.500000000000000000e+01,1.531790682246357838e-01,6.664777879992993537e-01,1.020904465581490145e-01,6.629113471851113548e-01,1.015441424773533829e-01,9.214673152559913483e-01,1.411495047503694700e-01,9.521548069777855394e-01,1.458501861384651210e-01
-5.300000000000000000e+01,1.595028930901903341e-01,6.400850163357464373e-01,1.020954119292332984e-01,6.366331329612098244e-01,1.015448265443847781e-01,8.849405105061441956e-01,1.411505716384399700e-01,9.144056327688959707e-01,1.458503438846050493e-01
-5.100000000000000000e+01,1.659917935519516496e-01,6.150955306434190417e-01,1.021008103372905568e-01,6.117560611996651909e-01,1.015464858148099198e-01,8.503536828896517408e-01,1.411517329763608275e-01,8.786621779763383877e-01,1.458507108485565529e-01
-4.900000000000000000e+01,1.728178426270980672e-01,5.908322401138172975e-01,1.021063530910054917e-01,5.876040842157232991e-01,1.015484701530329492e-01,8.167728728227517943e-01,1.411529257975651097e-01,8.439588490089674488e-01,1.458511475517785538e-01
-4.700000000000000000e+01,1.801453069988651623e-01,5.668245377289572451e-01,1.021107803636728262e-01,5.637119106889749709e-01,1.015500552099822540e-01,7.835556805354685350e-01,1.411538786207666984e-01,8.096325062251791271e-01,1.458514963901955119e-01
-4.500000000000000000e+01,1.879573768443185411e-01,5.432713677302205557e-01,1.021118611931974146e-01,5.402844204791317217e-01,1.015504424231104125e-01,7.509900053929533525e-01,1.411541114499601512e-01,7.759822151327601114e-01,1.458515816341972582e-01
-4.299999999999999289e+01,1.962545106650732396e-01,5.203087647599975440e-01,1.021129420227220308e-01,5.174445636541042948e-01,1.015508296362385710e-01,7.192412740008140570e-01,1.411543442791536318e-01,7.431761256540420080e-01,1.458516668781990044e-01
-4.100000000000000000e+01,2.049746034872516331e-01,4.981808672670758331e-01,1.021144257330039995e-01,4.954338712185079041e-01,1.015513613071677423e-01,6.886446496294531538e-01,1.411546640014144927e-01,7.115602687147417615e-01,1.458517839370864211e-01
-3.900000000000000000e+01,2.141130672330179008e-01,4.769257899880511853e-01,1.021160437368717755e-01,4.742911884970520409e-01,1.015519411306972652e-01,6.592545448634998806e-01,1.411550126880311562e-01,6.811910804220371318e-01,1.458519116009357464e-01
-3.700000000000000000e+01,2.236488178205186528e-01,4.565978721615019942e-01,1.021175743282842219e-01,4.540712115249020409e-01,1.015524896638750063e-01,6.311472778707852838e-01,1.411553425664395234e-01,6.521475668877102505e-01,1.458520323789640194e-01
-3.500000000000000000e+01,2.335732788477436483e-01,4.372025909217877038e-01,1.021188426823307210e-01,4.347798036957623569e-01,1.015529443259975406e-01,6.043311834151893214e-01,1.411556160202229182e-01,6.244384341352841039e-01,1.458521324995291080e-01
-3.300000000000000000e+01,2.439938950745424717e-01,4.185355170676649528e-01,1.021201110363772202e-01,4.162128685928577765e-01,1.015533989881200749e-01,5.785222184796134925e-01,1.411558894740063408e-01,5.977700080386638692e-01,1.458522326200941688e-01
-3.100000000000000000e+01,2.551112045778293203e-01,4.002970208656648210e-01,1.021202551819562349e-01,3.980752269220241280e-01,1.015534506526703240e-01,5.533113325195141430e-01,1.411559205456171251e-01,5.717202591620256236e-01,1.458522439963731154e-01
-2.900000000000000000e+01,2.671154750914177534e-01,3.823066580340573895e-01,1.021200245913794213e-01,3.801852661285939905e-01,1.015533679846964826e-01,5.284451257451898698e-01,1.411558708231703818e-01,5.460268662506611026e-01,1.458522257912233666e-01
-2.700000000000000000e+01,2.804783884276881856e-01,3.640908274697517988e-01,1.021196085300194456e-01,3.620714572868549141e-01,1.015532188354816012e-01,5.032679412778867656e-01,1.411557811169421028e-01,5.200122325443293780e-01,1.458521929467177236e-01
-2.499999999999999645e+01,2.956441021129749824e-01,3.454106993052313279e-01,1.021186360563099138e-01,3.434970273945700536e-01,1.015528702425436414e-01,4.774509975018180752e-01,1.411555714593692723e-01,4.933368030741559496e-01,1.458521161841443980e-01
-2.299999999999999289e+01,3.134041626954380821e-01,3.258337818628048721e-01,1.021176635826003820e-01,3.240305450195727355e-01,1.015525216496056538e-01,4.503940234481484395e-01,1.411553618017964695e-01,4.653800325023381146e-01,1.458520394215710447e-01
-2.100000000000000000e+01,3.346650163034395886e-01,3.051229659074996547e-01,1.021139823599872126e-01,3.034413453816240391e-01,1.015512027992788585e-01,4.217786798724193487e-01,1.411545687759464540e-01,4.358141483912288394e-01,1.458517490766202407e-01
-1.900000000000000000e+01,3.606533360650350239e-01,2.831233985942108733e-01,1.021093982210727891e-01,2.815711110225540548e-01,1.015495605298224746e-01,3.913829907525113727e-01,1.411535812940039880e-01,4.044088129861160841e-01,1.458513875375436197e-01
-1.700000000000000000e+01,3.930889725258339129e-01,2.597500501714070653e-01,1.021048803354122070e-01,2.583332259499611649e-01,1.015479423579543350e-01,3.590856479299889270e-01,1.411526083935726872e-01,3.710382166254685976e-01,1.458510313411232329e-01
-1.499999999999999645e+01,4.343121870274754270e-01,2.350856463603081536e-01,1.021005612095131077e-01,2.338096869301686254e-01,1.015463964788508727e-01,3.250005029878320628e-01,1.411516792376749097e-01,3.358199367392949442e-01,1.458506911726716315e-01
-1.300000000000000000e+01,4.865741427910761363e-01,2.098266905388185277e-01,1.020962420836140361e-01,2.086934788956684994e-01,1.015448505997474382e-01,2.900909392186589164e-01,1.411507500817771321e-01,2.997494897028362137e-01,1.458503510042200302e-01
-1.100000000000000355e+01,5.556343861381067839e-01,1.837415361524757651e-01,1.020931156481536262e-01,1.827536033979147156e-01,1.015441862385273730e-01,2.540340941630075400e-01,1.411500779684127238e-01,2.624931167844427038e-01,1.458502018100021891e-01
-9.000000000000000000e+00,6.529508508734049865e-01,1.563523297957478686e-01,1.020903867761727979e-01,1.555152513864926089e-01,1.015438157166018152e-01,2.161716940058923397e-01,1.411494915358927349e-01,2.233707423441888829e-01,1.458501162738622403e-01
-6.999999999999997335e+00,7.934153613784523662e-01,1.286691508035082976e-01,1.020880807830241155e-01,1.279828031155949286e-01,1.015435219841870768e-01,1.779005082103032598e-01,1.411489960110881015e-01,1.838255915196686519e-01,1.458500481261856829e-01
-4.999999999999994671e+00,9.870610771947361251e-01,1.034252548145317835e-01,1.020870434263718152e-01,1.028745444090401612e-01,1.015434586203048939e-01,1.429990265755179124e-01,1.411487732094293956e-01,1.477619121183566808e-01,1.458500321438990777e-01
-2.999999999999998224e+00,1.203593415335122874e+00,8.481768408586316810e-02,1.020860060697195565e-01,8.436685841135932451e-02,1.015433952564227110e-01,1.172726176542515791e-01,1.411485504077706898e-01,1.211788086436171724e-01,1.458500161616125002e-01
-1.000000000000001332e+00,1.410573239597569639e+00,7.237196090301957485e-02,1.020859513470009639e-01,7.198732335332985732e-02,1.015433919124642814e-01,1.000646649795843557e-01,1.411485386494977790e-01,1.033976905444107669e-01,1.458500153181364889e-01
1.000000000000001332e+00,1.611814685729090257e+00,6.333620426268117554e-02,1.020862241689269312e-01,6.299943130820581660e-02,1.015434085751471677e-01,8.757123166127055158e-02,1.411485972390201515e-01,9.048808204335022365e-02,1.458500195209306849e-01
3.000000000000003997e+00,1.791257827139165926e+00,5.699179049472008485e-02,1.020869908063428699e-01,5.668835266024066510e-02,1.015434554102814524e-01,7.879868536188415484e-02,1.411487619227514145e-01,8.142324858239843866e-02,1.458500313343192023e-01
5.000000000000007105e+00,2.003291408272887875e+00,5.096075312290365700e-02,1.020892388902286396e-01,5.068837830753469831e-02,1.015435927627700852e-01,7.045866832264774393e-02,1.411492448891093210e-01,7.280521714273888167e-02,1.458500659794907672e-01
7.000000000000003553e+00,2.196511494294454803e+00,4.647892225435742292e-02,1.020914869741144093e-01,4.622954643261530105e-02,1.015437301152587179e-01,6.426086465839603301e-02,1.411497278554671997e-01,6.640079098311800487e-02,1.458501006246623044e-01
9.000000000000000000e+00,2.418447996319300408e+00,4.221404185508086798e-02,1.020924649409594015e-01,4.198717112442160865e-02,1.015437898769730313e-01,5.836385078733284659e-02,1.411499379941037469e-01,6.030731937212360783e-02,1.458501156989004677e-01
1.100000000000000355e+01,2.628628201743445469e+00,3.883889683133732312e-02,1.020930195354574355e-01,3.862996817417795048e-02,1.015438237750959094e-01,5.369723154326210696e-02,1.411500571901664891e-01,5.548526191446878642e-02,1.458501242494941730e-01
1.300000000000000711e+01,2.849287450473797723e+00,3.583110602238345072e-02,1.020931207261732837e-01,3.563832422214403828e-02,1.015438299620713691e-01,4.953872903283437074e-02,1.411500789456769378e-01,5.118828070011274822e-02,1.458501258101613518e-01
1.500000000000000355e+01,3.076771094961059827e+00,3.318149402558487338e-02,1.020918617055426303e-01,3.300334990207968305e-02,1.015437530156046986e-01,4.587595372652082670e-02,1.411498083795303948e-01,4.740362604157100784e-02,1.458501064010490345e-01
1.700000000000000000e+01,3.323811828350796915e+00,3.071491647454878057e-02,1.020906026849119907e-01,3.055036846641279516e-02,1.015436760691380419e-01,4.246616388131070619e-02,1.411495378133839074e-01,4.388036824103377920e-02,1.458500869919367171e-01
1.900000000000000000e+01,3.580780183173286169e+00,2.851176476429211071e-02,1.020943622552755448e-01,2.835829864537526071e-02,1.015448338178695786e-01,3.941888054534769398e-02,1.411503462996560043e-01,4.073144273522850273e-02,1.458503429783637451e-01
2.100000000000000711e+01,3.879608935742565379e+00,2.631703256188157314e-02,1.020997946893038022e-01,2.617439149501056203e-02,1.015464031316671845e-01,3.638292333272270113e-02,1.411515144700676572e-01,3.759417332494306013e-02,1.458506907633038974e-01
2.300000000000000711e+01,4.224762389032752807e+00,2.416812140357770325e-02,1.021045703194125437e-01,2.403634143590399966e-02,1.015478312683567308e-01,3.341076458079627470e-02,1.411525415897757485e-01,3.452288991709916155e-02,1.458510068824785955e-01
2.500000000000001066e+01,4.634079721420294895e+00,2.203401358543479252e-02,1.021073755377626541e-01,2.191348487259050723e-02,1.015488358737220570e-01,3.045980087587086063e-02,1.411531455573732941e-01,3.147361218888467677e-02,1.458512280043570974e-01
2.700000000000001421e+01,5.118442230831909079e+00,1.994946433917583334e-02,1.021101807561127645e-01,1.983998957092503873e-02,1.015498404790873693e-01,2.757748220243738321e-02,1.411537495249708674e-01,2.849528089770588662e-02,1.458514491262355994e-01
2.900000000000000355e+01,5.667248598695279860e+00,1.801745729037880842e-02,1.021094095809513547e-01,1.791867120181252562e-02,1.015495642589535064e-01,2.490689811673123602e-02,1.411535834498912068e-01,2.573583737911849453e-02,1.458513883230588837e-01
3.099999999999999289e+01,6.243887960293044159e+00,1.635318361315170679e-02,1.021074462746194428e-01,1.626372249834869693e-02,1.015488610969865479e-01,2.260661331394140175e-02,1.411531606939191441e-01,2.335904078874896303e-02,1.458512335448637898e-01
3.300000000000000000e+01,5.622999509423392439e+00,1.815861299410317584e-02,1.021058719576513896e-01,1.805945333824644089e-02,1.015482972614143858e-01,2.510276258600093943e-02,1.411528217062551771e-01,2.593831089463093098e-02,1.458511094357811677e-01
3.500000000000000000e+01,5.151660047909276230e+00,1.981991506800082070e-02,1.021054646087748985e-01,1.971173378302365151e-02,1.015481514050265155e-01,2.739946594123581283e-02,1.411527340235154693e-01,2.831147163781265810e-02,1.458510773340360722e-01
3.700000000000000000e+01,4.764399877512519588e+00,2.143083281943311200e-02,1.021050572598984074e-01,2.131391322292968543e-02,1.015480055486386590e-01,2.962653219075960659e-02,1.411526463407757892e-01,3.061267924228883511e-02,1.458510452322909767e-01
3.900000000000000000e+01,4.432211311169941936e+00,2.303658906523283617e-02,1.021030306256987819e-01,2.291120006993150465e-02,1.015472801024279725e-01,3.184690448577923161e-02,1.411522102876194840e-01,3.290702436109602808e-02,1.458508855901946566e-01
4.100000000000001421e+01,4.133546267196413382e+00,2.470045274199256582e-02,1.021004642297247827e-01,2.456640252595592572e-02,1.015463614596096575e-01,3.414783553559384843e-02,1.411516581109909796e-01,3.528463793718980557e-02,1.458506834346478820e-01
4.300000000000001421e+01,3.859364179596353583e+00,2.645478453429559243e-02,1.020986478106000184e-01,2.631151312424770405e-02,1.015457112627009273e-01,3.657371025919509827e-02,1.411512672892732412e-01,3.779133908201621345e-02,1.458505403521131172e-01
4.500000000000001421e+01,3.602681375140150966e+00,2.833974772971733017e-02,1.020990813220229998e-01,2.818619129191532111e-02,1.015458664035208403e-01,3.917952931010914436e-02,1.411513605322878562e-01,4.048389499416680387e-02,1.458505744886143263e-01
4.700000000000000000e+01,3.363860093072355451e+00,3.035189098491731727e-02,1.020995148334459535e-01,3.018734987030762679e-02,1.015460215443407671e-01,4.196115470616463422e-02,1.411514537753024712e-01,4.335810782543692704e-02,1.458506086251154799e-01
4.899999999999999289e+01,3.139167233239200439e+00,3.252408046367515765e-02,1.020985276828042798e-01,3.234796389300077096e-02,1.015456683149127959e-01,4.496454983119935883e-02,1.411512414874522559e-01,4.646153583731692932e-02,1.458505309064741517e-01
5.099999999999999289e+01,2.927429142108714633e+00,3.487601647109293823e-02,1.020970669781409990e-01,3.468748198482081435e-02,1.015451456287354837e-01,4.821668450506207126e-02,1.411509273559804212e-01,4.982201406853692394e-02,1.458504159027853575e-01
5.300000000000000000e+01,2.727786317694759433e+00,3.742799348431458811e-02,1.020955685252819406e-01,3.722602954148616222e-02,1.015446540453668750e-01,5.174547736043877411e-02,1.411506051463888300e-01,5.346837708763077512e-02,1.458503074489831963e-01
5.500000000000000000e+01,2.539164054177019292e+00,4.020770405121605606e-02,1.020939568278355219e-01,3.999121506283935534e-02,1.015442557704242521e-01,5.558926311604024673e-02,1.411502587024378030e-01,5.744025022916969536e-02,1.458502186448409899e-01
5.700000000000000000e+01,2.360102970373599174e+00,4.325758088183249278e-02,1.020923451303890894e-01,4.302518100699963960e-02,1.015438574954816153e-01,5.980667539948184008e-02,1.411499122584867483e-01,6.179820612556197884e-02,1.458501298406987834e-01
5.900000000000000000e+01,2.189188983321915138e+00,4.663428935852015345e-02,1.020912725087187445e-01,4.638417138764355796e-02,1.015437170023448660e-01,6.447578661381878073e-02,1.411496817459866882e-01,6.662289022467401955e-02,1.458500973169216675e-01
6.100000000000000711e+01,2.026163074526758034e+00,5.038606263359063364e-02,1.020903795789737944e-01,5.011623383778911894e-02,1.015436624364767504e-01,6.966344005172005194e-02,1.411494898773036077e-01,7.198338839894799501e-02,1.458500835532662299e-01
6.300000000000001421e+01,1.870412373588147936e+00,5.458106398243597890e-02,1.020890974363546505e-01,5.428940993881876953e-02,1.015435841043660081e-01,7.546422191984183958e-02,1.411492144420741224e-01,7.797749087566718806e-02,1.458500637952048207e-01
6.500000000000000000e+01,1.721533152649442622e+00,5.929984415229038602e-02,1.020866476551130775e-01,5.898430379760728065e-02,1.015434344735273581e-01,8.199010753291462172e-02,1.411486883072053111e-01,8.472100919431149735e-02,1.458500260539254967e-01
6.700000000000000000e+01,1.577852297350684330e+00,6.469819643148945476e-02,1.020841978738714906e-01,6.435538042007254989e-02,1.015432848426887219e-01,8.945587772019811257e-02,1.411481621723364999e-01,9.243576763017533060e-02,1.458499883126461727e-01
6.900000000000000000e+01,1.438541616745723450e+00,7.096285731747506431e-02,1.020830234943766734e-01,7.058760896889380854e-02,1.015432131283274253e-01,9.811875330383700022e-02,1.411479100107764784e-01,1.013873832544760628e-01,1.458499702245122931e-01
7.100000000000000000e+01,1.304869977587247432e+00,7.823175948729492457e-02,1.020822742487974555e-01,7.781860961647864283e-02,1.015431673861252465e-01,1.081699721796344077e-01,1.411477491736527201e-01,1.117735569003655699e-01,1.458499586874269505e-01
7.300000000000000000e+01,1.177154440667256052e+00,8.671927484250097073e-02,1.020819794722942764e-01,8.626153534528202549e-02,1.015431493904741939e-01,1.199058348011311087e-01,1.411476858980658944e-01,1.239004408511691635e-01,1.458499541485844819e-01
7.500000000000000000e+01,1.056446314662578656e+00,9.662871334415490399e-02,1.020830481030191861e-01,9.611772337613647132e-02,1.015432146344765613e-01,1.336063303436023364e-01,1.411479153070897552e-01,1.380571530992127371e-01,1.458499706044706912e-01
7.700000000000000000e+01,9.488690209110074436e-01,1.075850454425556907e-01,1.020841167337440680e-01,1.070150649253860109e-01,1.015432798784789148e-01,1.487540868186396914e-01,1.411481447161136438e-01,1.537092937445956875e-01,1.458499870603569559e-01
7.900000000000000000e+01,8.566499328651109302e-01,1.191669782194445387e-01,1.020843838914252955e-01,1.185353459958405353e-01,1.015432961894794928e-01,1.647676567209805376e-01,1.411482020683696159e-01,1.702562337062532849e-01,1.458499911743285082e-01
8.100000000000001421e+01,7.783462797350578777e-01,1.311554850961373087e-01,1.020843838914252955e-01,1.304603090337168869e-01,1.015432961894794928e-01,1.813437100469153795e-01,1.411482020683696159e-01,1.873844521026997723e-01,1.458499911743285082e-01
8.300000000000000000e+01,7.165629825087411753e-01,1.424639374113635393e-01,1.020843838914252955e-01,1.417088220688832445e-01,1.015432961894794928e-01,1.969794777483468151e-01,1.411482020683696159e-01,2.035410630112326758e-01,1.458499911743285082e-01
8.500000000000000000e+01,6.746583393500639181e-01,1.513127133205955654e-01,1.020843838914252955e-01,1.505106959580486681e-01,1.015432961894794928e-01,2.092143442625278571e-01,1.411482020683696159e-01,2.161834852806147067e-01,1.458499911743285082e-01
8.700000000000000000e+01,6.487069995756603591e-01,1.573659355582749941e-01,1.020843838914252955e-01,1.565318337183075892e-01,1.015432961894794928e-01,2.175839048456376934e-01,1.411482020683696159e-01,2.248318443761722629e-01,1.458499911743285082e-01
8.900000000000000000e+01,6.387179462110993411e-01,1.598270167559781019e-01,1.020843838914252955e-01,1.589798702100644334e-01,1.015432961894794928e-01,2.209867483850523617e-01,1.411482020683696159e-01,2.283480400691988432e-01,1.458499911743285082e-01
