876,878,880,882,884,886,888,890,892,894
4.520428537867138571e-06,4.224267763765836791e-06,4.090297262459207113e-06,4.126934940501768279e-06,3.929437281702200527e-06,3.547931277769852794e-06,3.578143115839603523e-06,3.814463031667344551e-06,4.008014087314621452e-06,4.093380078389416200e-06
4.224267763765836791e-06,4.533610902271154774e-06,4.466966575370086641e-06,4.149658602079900426e-06,3.882547072717949534e-06,3.451300739714901024e-06,3.539488187557062421e-06,3.836555832723383620e-06,4.019450866251117821e-06,4.112168857579055643e-06
4.090297262459207113e-06,4.466966575370086641e-06,4.919388408236300331e-06,4.515005655488179653e-06,3.954283772042215686e-06,3.574709682868237593e-06,3.716567828431816863e-06,3.983022488841528999e-06,4.173151903748945510e-06,4.310726056060659995e-06
4.126934940501768279e-06,4.149658602079900426e-06,4.515005655488179653e-06,4.804400644359945289e-06,4.263812267439812832e-06,3.639091871962786215e-06,3.854991428339052224e-06,4.088026843549984146e-06,4.222477365385974034e-06,4.382612315804220587e-06
3.929437281702200527e-06,3.882547072717949534e-06,3.954283772042215686e-06,4.263812267439812832e-06,4.364732144617135960e-06,3.792922301833201787e-06,3.636852189207287979e-06,3.895162854272958620e-06,4.006900073267599168e-06,4.104948841747349774e-06
3.547931277769852794e-06,3.451300739714901024e-06,3.574709682868237593e-06,3.639091871962786215e-06,3.792922301833201787e-06,3.760856249131536878e-06,3.564757034018098070e-06,3.553279028583116625e-06,3.668632296143378709e-06,3.671800382887850670e-06
3.578143115839603523e-06,3.539488187557062421e-06,3.716567828431816863e-06,3.854991428339052224e-06,3.636852189207287979e-06,3.564757034018098070e-06,4.041385694973068859e-06,4.031615421691757837e-06,3.863142874105496899e-06,3.860866033481869087e-06
3.814463031667344551e-06,3.836555832723383620e-06,3.983022488841528999e-06,4.088026843549984146e-06,3.895162854272958620e-06,3.553279028583116625e-06,4.031615421691757837e-06,4.664679615189200748e-06,4.424340705357219940e-06,4.166691541733722784e-06
4.008014087314621452e-06,4.019450866251117821e-06,4.173151903748945510e-06,4.222477365385974034e-06,4.006900073267599168e-06,3.668632296143378709e-06,3.863142874105496899e-06,4.424340705357219940e-06,4.691342704753271682e-06,4.560105936912051312e-06
4.093380078389416200e-06,4.112168857579055643e-06,4.310726056060659995e-06,4.382612315804220587e-06,4.104948841747349774e-06,3.671800382887850670e-06,3.860866033481869087e-06,4.166691541733722784e-06,4.560105936912051312e-06,4.961143816995314051e-06
