draw,sd,mean,rms,n,n_unique,n_years
0,0.0056030681519374315,3.62073286254535e-05,0.005584094960203799,147,100,14
1,0.006114425871643497,-1.4848935670440937e-05,0.006091586222837811,134,97,14
2,0.0060903265735570465,9.012608441890956e-05,0.006068397181465555,135,83,13
3,0.0069895279044005065,0.0009080235543112436,0.00702480717764949,148,88,13
4,0.006844213105981384,0.0004504187047780569,0.006830502881025713,120,69,11
5,0.0064741294653620374,1.1876800696319361e-05,0.006447332299997836,121,69,11
6,0.006079794396161351,0.00010547129490479361,0.006062147677194094,164,101,14
7,0.006858223626588829,6.525585205196277e-05,0.0068336413886754994,138,85,12
8,0.005790696801701178,9.038925429009257e-05,0.005772324773309962,152,90,13
9,0.006146608841313984,0.0001877914623884731,0.00613012649017662,159,97,13
10,0.0059649425012731246,9.928481313454134e-05,0.005946117558870362,152,113,15
11,0.006546979825788425,4.9278427886847e-05,0.00652092552050868,125,93,14
12,0.006297529098527483,0.0002961419464565094,0.0062867933116470855,178,88,12
13,0.0059024585713946375,7.075113221519005e-05,0.0058822099094576145,143,113,16
14,0.006721112982533365,0.00026265153079206625,0.006703819047312717,150,98,14
15,0.007125933226987076,0.0006668316619634773,0.007129934322566796,131,89,14
16,0.006131976555339086,0.0006551292841993839,0.006145366882335241,142,81,13
17,0.005624816359011709,8.052764689158159e-05,0.005607678586212323,159,103,14
18,0.0063991058116478,-1.7637976618137754e-05,0.0063755606788203426,136,100,15
19,0.00575226145313614,5.600480721029036e-05,0.0057344175393590855,159,83,12
20,0.006131320270625605,0.00019472199900423792,0.00611279517567084,142,84,13
21,0.007461441408849772,0.0009548830073687586,0.007497583304159305,150,68,10
22,0.006336313005074224,0.00016797784674847896,0.006315036031077123,135,82,12
23,0.006460860501253818,0.0008400710256279456,0.006489360748087634,124,64,11
24,0.005633681438452884,9.562726020350625e-05,0.005614900337459153,144,106,16
25,0.006569359673425988,-7.360362549739052e-06,0.006545690366454336,139,87,13
26,0.006147492394466818,0.00013230440350355912,0.006128797831841056,153,102,14
27,0.005801717495291131,5.017768993779855e-05,0.005779917322690259,132,118,17
28,0.0063763661796403335,0.00015340782036428826,0.006355404393457215,140,111,17
29,0.005552656994178724,0.00015897312598771676,0.005536021193534612,147,100,15
30,0.006691337258476955,-0.00022549643503872154,0.006669364857921361,130,77,12
31,0.006727483183296158,0.0002078618638270883,0.0067061075634744635,137,83,13
32,0.005872677052867645,1.3293871673349369e-05,0.005850901070815553,135,88,13
33,0.006233260377349555,0.00011067392066898287,0.006213293946784095,149,81,12
34,0.006051725575650155,0.00029800141089449285,0.006038876667139355,150,90,13
35,0.006590419150207958,0.0006583042546414589,0.006603434010141314,166,90,12
36,0.006187107279364196,0.00013469785886676748,0.006165449387122473,134,82,12
37,0.006892840331558296,0.0004885888427332347,0.0068846228454754075,135,93,14
38,0.0061236656328721144,0.0001282218454913553,0.00610483544661556,152,92,13
39,0.006508105122055613,-0.0001513646390902437,0.006487696921197409,147,87,13
40,0.005747042021565861,0.00015479993399648996,0.005730917372342448,158,82,12
41,0.005926190203098601,5.480724232550743e-05,0.005908349131527339,164,87,12
42,0.005915362142990142,0.00013850083821760872,0.00589612353037588,142,101,15
43,0.006963362522410157,3.836904856111806e-05,0.006937820790414293,136,79,12
44,0.005843416388152867,3.804464424780597e-05,0.005823356091581222,145,92,13
45,0.005412831312379702,0.00017917730170649514,0.005396847321198222,143,92,14
46,0.005897717386756557,0.00012704189379559376,0.005879528770012012,151,92,12
47,0.0065933238689563954,8.257834424636829e-05,0.006568629393493912,131,89,14
48,0.00599862746290716,0.00010744296393104609,0.0059798278963342135,152,101,14
49,0.006706099919363128,-4.6524439414901686e-05,0.0066819202491672555,138,93,14
50,0.006003109292511279,0.00014294985585161364,0.005984772930635801,150,92,13
51,0.00595361253063805,0.00010442019110530331,0.005933230450855558,140,93,13
52,0.006360526716466204,0.00015292228736158036,0.0063396144807576155,140,95,14
53,0.006487602065506051,0.00033127041037562665,0.006472536445041666,138,85,13
54,0.007070211663881875,0.0004565341422626412,0.0070613783197991066,150,76,10
55,0.006354153844605026,0.00015213351941686742,0.006333567935508627,142,96,14
56,0.005905608109627189,0.0002930031855596152,0.005893437815064202,152,86,13
57,0.006259608836952741,0.0006215172905558312,0.006269020007741363,146,95,14
58,0.0056688967500502455,0.00016530582101066175,0.005653790197484639,162,108,14
59,0.006077706263642875,9.167423936812751e-05,0.006055334868556386,132,92,14
60,0.006384922581365863,0.00042101621656936164,0.006375322104309238,136,86,12
61,0.006148589775623824,0.00010124138407240427,0.006125361480248851,128,94,15
62,0.0059912411715142755,9.589681994077523e-05,0.005973828060623837,165,101,13
63,0.0061870402165937,6.974787671116177e-05,0.006165298585334433,140,115,17
64,0.00614715682401221,3.217356326838841e-05,0.006128471289488253,164,94,13
65,0.006694426241650725,7.622357519196898e-05,0.006669647312592343,133,90,13
66,0.005017007840887093,0.0001849836676964151,0.0050028561917834,143,78,12
67,0.00612530731709134,0.00013093208268848578,0.0061058413830819775,147,79,12
68,0.005951773175616593,0.00011097699956226749,0.005930889659438612,136,92,14
69,0.006505252573170947,6.081964637844161e-05,0.006483961470785524,151,115,16
70,0.0068211079611793625,0.00020794918771463049,0.0067998836238806985,140,79,12
71,0.005987783224323577,6.174151887116414e-05,0.005966048183484762,136,88,14
72,0.007215810629527046,4.473581887190184e-05,0.007190851238607878,144,71,10
73,0.006797616288460061,3.172704290363105e-05,0.00677452998240194,147,103,15
74,0.005904286383964725,0.00018899501585079576,0.005886346790522959,141,111,17
75,0.006468701246113746,0.0003769603852807735,0.006454596974854177,129,83,14
76,0.006439823365281441,-1.0591523464846889e-05,0.006414627224556304,128,82,13
77,0.006031685661048979,0.00021771539281634222,0.00601435167307548,142,93,14
78,0.006806894528368984,4.077004057060675e-05,0.006785442014693917,158,95,13
79,0.00613919252980462,0.00017603792736942302,0.006117315570281226,126,97,15
80,0.0064851266682742935,0.00021131711374443955,0.006464517806556225,135,68,11
81,0.0055312968589547595,3.838345952305989e-05,0.0055121911480902645,144,114,17
82,0.006497138279201481,0.0005239201461131003,0.0064967486586094796,151,73,11
83,0.0066308857957855655,0.00012655784291891838,0.006606933291476163,132,83,12
84,0.006126073214739596,0.00017697153310001048,0.006105907061569717,135,115,17
85,0.006504828366561199,-2.7984782326200087e-05,0.006481780966871732,141,93,14
86,0.005849996140683057,0.00017915058388519257,0.005833215243649052,150,99,14
87,0.006387607171909293,0.001365616822576916,0.006512527087485896,161,93,13
88,0.00671644647000248,7.8089845538341e-05,0.0066926985689717,139,89,14
89,0.006105517234491088,4.048382530098379e-05,0.006083807436259651,140,74,11
90,0.006236968579839294,0.00024360501848418376,0.006220633740979041,148,89,13
91,0.0062377323498281605,0.00018159338730768188,0.006217239254951481,135,77,12
92,0.006339496761162612,0.00028070198954610284,0.006322719870890189,138,85,13
93,0.006376852191067503,0.0005698547034361772,0.00637815927962096,132,80,13
94,0.006350430806242577,-6.998797080351591e-05,0.006327598674537273,137,86,13
95,0.006294929070754104,-7.934863794387745e-05,0.0062727464579557055,139,81,12
96,0.006061012111469266,-4.386591529463141e-06,0.006040640496597776,149,93,14
97,0.006192782577568821,0.00023140520521833886,0.006175874786666493,146,82,12
98,0.0063969325574232405,-3.893913820684895e-05,0.006375106533817779,146,110,15
99,0.005235358827290297,0.0003350789807342007,0.0052271066721328975,138,59,9
100,0.006743667531261073,5.461578804279155e-05,0.006717700452642455,129,71,11
101,0.006042801853168857,0.00010893114501556061,0.006024633578995746,158,96,13
102,0.005868877552073146,9.482749787114997e-05,0.005851277014662945,160,102,14
103,0.0070586428991035585,0.00026445892436647206,0.007039060665111762,144,88,13
104,0.006024794056066613,4.034704797987452e-05,0.006005711692761853,157,111,15
105,0.006164283598263991,0.00018326306521915513,0.006142507882697147,126,77,12
106,0.00641399547361752,4.971241347296363e-05,0.006392483145075516,148,111,16
107,0.0065155214760927145,0.0001429536980331609,0.006492918947362458,135,81,13
108,0.006765053460610151,8.981601620313324e-05,0.006741096196834585,138,104,16
109,0.006183906748081305,0.00012035428073881966,0.006161252191767346,130,88,14
110,0.005635151676279905,0.00012584105166341954,0.005618115502018301,153,111,15
111,0.006210346345186414,0.00035947073764302416,0.006196663705579132,129,75,12
112,0.0061139428410699505,0.000548838539421853,0.006115241207598576,131,77,12
113,0.0061587807141520925,0.000119753473986048,0.006139656137832663,152,93,13
114,0.006209745245250324,0.00011855406707878598,0.006188176176509434,137,99,15
115,0.005958132497584092,0.000247854046639609,0.005944653361999838,160,105,14
116,0.005746209627965079,0.0001848587202073436,0.005729343863847488,145,93,13
117,0.005391404790940919,0.00011711478820017512,0.005372968622404106,137,90,14
118,0.006006484478998462,0.0008785350470101786,0.006047491848494679,130,82,13
119,0.006659714016590826,0.00011256209197294888,0.006636318656317015,137,97,15
120,0.006583074999707109,0.0001860877112946445,0.0065567794723486806,114,76,13
121,0.007316261199676659,0.000411951028128766,0.0072988052961194825,126,80,12
122,0.0068851267582530455,-9.53786486023472e-05,0.0068604301326104945,136,96,15
123,0.005939684333864751,2.695566363466241e-05,0.005921270732768597,161,93,13
124,0.006268976004828888,-3.0189790752515044e-05,0.006248117410195804,150,106,16
125,0.00602082554621234,4.936260925541773e-05,0.00600051464217696,147,97,14
126,0.006071215531126581,-6.288157649022274e-05,0.0060524202076084515,159,92,13
127,0.0063313554793936735,9.134576252742765e-05,0.006307805147586729,131,71,11
128,0.0066390795020624055,0.00027484245032215996,0.006619781428440579,133,103,16
129,0.006639866288134892,0.00012528468494541164,0.0066148599647737095,127,83,13
130,0.006628527105780724,0.00023382598859330412,0.006610383082429795,149,82,11
131,0.00644622769063497,5.844590294183591e-05,0.006423593947070603,141,87,13
132,0.005740248940744057,8.457516646526258e-05,0.005716499776247465,118,84,13
133,0.006499301064246224,0.0001409593994798605,0.006477071563155288,137,91,14
134,0.006540376033001702,-8.467238448989265e-06,0.006515370445098368,131,96,14
135,0.005950750461792057,0.0002920871966205052,0.005934092562513654,125,86,14
136,0.005893126445597009,5.069348611457903e-05,0.005869143523241951,122,85,13
137,0.006712943573933755,0.00014551687840532937,0.006690847271644611,142,83,13
138,0.006121061421629375,0.00015640757037548592,0.006104144170330094,162,106,14
139,0.0059655381245326015,0.00026616597454354673,0.005949522298480367,136,83,13
140,0.006405692995697683,0.00013007003160107224,0.006385042966895864,146,90,13
141,0.006614051860990538,0.00012058501348580495,0.006589862385617872,131,90,14
142,0.00579868933675295,0.0003644665145857484,0.0057914333013189,155,81,11
143,0.00595692797723626,0.00018512890339569742,0.005938501445310315,140,86,12
144,0.005664498097143307,2.6328308376220656e-05,0.005644292897278854,140,89,13
145,0.006715842222068929,9.313860749661306e-05,0.006695337765846816,159,76,11
146,0.005741899434241134,0.00011294031745099176,0.005720000817774511,125,84,13
147,0.006238905321788657,-1.5103074791916024e-05,0.006216277839967778,138,88,12
148,0.006020303369598115,0.0001102327394107622,0.006001737492386748,154,79,11
149,0.007123503337486156,-0.00023097649308693872,0.007101403919095844,138,76,12
150,0.006098183699362619,5.152666211254561e-05,0.006078440722861476,153,94,13
151,0.006302999962195226,7.342209184750649e-05,0.006280041342528546,135,121,18
152,0.006406103187903835,0.0003767343065228062,0.0063925275637188635,130,103,16
153,0.00629718337917996,1.6967173389885866e-05,0.006274012197469843,136,92,14
154,0.005856871593604453,0.00013577428894009753,0.005840345276460423,162,85,12
155,0.006049264258385179,-1.0345893804333733e-05,0.0060309141697644855,165,95,13
156,0.006104568177412366,8.144268357162809e-05,0.006086006456571406,160,122,17
157,0.006193598160407152,0.0002265340162127972,0.006173514654645838,128,88,14
158,0.005889644022476121,0.00011917676425659505,0.005872066734265073,157,101,14
159,0.0064618354544379,2.087099244756871e-05,0.006442376501081534,166,108,14
160,0.006355658770078926,0.000213980985534415,0.006334591651600013,129,85,13
161,0.007036651762055875,-0.0004226950328619295,0.007024024481510476,139,94,14
162,0.006091729624628773,0.00032332468981879876,0.006078223560132361,138,77,12
163,0.005450608607262539,0.00026743101391436044,0.005438360318712805,145,80,12
164,0.006165716718904721,0.00025324776852640523,0.006150750043066418,153,94,13
165,0.006009204298914167,0.0004543864858379865,0.006000697153011097,117,84,14
166,0.005903816747979709,6.318375952266222e-05,0.005883033207680075,140,96,14
167,0.006393541031469264,0.000216194026819636,0.006373659694703964,136,97,14
168,0.006196630838775765,0.0002614528084316772,0.006178648364558443,132,90,14
169,0.006519521043578461,0.0003472686227677313,0.00650702613358081,150,69,10
170,0.006193536390941764,-9.06385045110195e-05,0.006172355164172594,142,88,13
171,0.0062880135198813795,5.176913826673666e-05,0.006265567812428924,139,87,13
172,0.006056580776907296,0.00022104404647274435,0.006039560735774269,144,106,15
173,0.006092132739766416,0.0004129794305724089,0.006084824919322447,143,98,14
174,0.006213237737700928,-4.343932308055009e-06,0.006192354369509918,149,108,15
175,0.006786922230974664,0.00026282506054132825,0.006767570231059834,139,90,13
176,0.00576184912009984,0.00020625860465504927,0.0057457861196339895,146,91,14
177,0.006391166818595759,0.00013075241998667942,0.006371169129479377,150,90,13
178,0.006644652677902604,0.00019616952204363076,0.006624762997944915,146,85,13
179,0.005897626028268422,-3.6158660181759807e-05,0.005876330214696137,138,103,16
180,0.00583208786150018,-0.0001342573915356475,0.005815829778523027,164,92,13
181,0.005791761134507698,0.00012251995280180146,0.005773192474618603,146,104,15
182,0.0063448073473111365,0.00015212375822255494,0.0063240979001584026,141,95,15
183,0.006037161760062293,1.7302361883699647e-05,0.006017294780460446,152,91,13
184,0.005312596773954245,0.00020504375702685428,0.005299936735179799,160,78,11
185,0.0061914853261247,0.00015839259519269492,0.00617054451151739,135,112,17
186,0.0067354537322159925,0.0002825760548554161,0.006716032007633953,133,84,13
187,0.006531359383739811,6.179904206931978e-05,0.006506089745450616,128,78,12
188,0.006428282066361634,-3.0443330446175936e-05,0.006408483287408715,162,79,11
189,0.006367328897984088,0.00021172333648892267,0.006350017160622912,153,99,14
190,0.006555286998359253,0.00024533008474497724,0.006536269955413234,139,97,15
191,0.005023043081460452,0.00012058907167247799,0.005005857320089585,135,70,11
192,0.005769162877825843,6.970218690613075e-05,0.005749235574358511,142,67,10
193,0.006906054267788276,0.0001107763916854908,0.006883415634580691,147,92,13
194,0.0065341053746731685,0.0003960756750512719,0.00652402731547439,148,92,13
195,0.0063763621140985995,0.00016922791501076067,0.006357181722717407,149,106,15
196,0.006128392654693563,-2.0373623150743598e-05,0.006109364705271161,161,101,14
197,0.0060274391199066114,8.625009489662702e-05,0.006005525943105865,134,95,14
198,0.006157319256041981,0.00018164369811506735,0.006139170039180035,148,90,13
199,0.006370900114615305,0.00025901038060594997,0.006351442051529941,129,93,14
200,0.006196494001400569,0.0001911290039528226,0.006174212600054529,123,83,13
201,0.006296912799108103,0.0001006732310095404,0.006275817951702009,144,98,14
202,0.006822083251821211,-1.5321292508022562e-05,0.006798036656565147,142,101,15
203,0.00535792729854032,9.915757498276706e-05,0.005340340363314038,145,99,14
204,0.006329276959237389,3.431435605234744e-05,0.0063086524623830985,153,116,16
205,0.005955729466984461,0.0001088034647840711,0.005938201469070643,161,118,16
206,0.006207115248989631,3.814235620280826e-05,0.006186227310670932,148,92,13
207,0.005862813963126934,0.0001248510361533158,0.00584457224813671,150,106,15
208,0.005891711655173468,7.015150729175949e-05,0.005872458799642404,150,110,16
209,0.006543753177424528,7.915843864364176e-05,0.006520131407855547,136,104,15
210,0.0065542318578664825,-0.00012705862615080958,0.006532827671141294,145,78,12
211,0.005293965138592355,-7.3769823902292365e-06,0.0052759328835999385,147,80,12
212,0.006269853201642042,8.75649412496899e-05,0.006250593781163044,158,85,11
213,0.006930787791855231,-3.0958670491313516e-05,0.00690691655818978,145,74,11
214,0.006101034627062806,-8.811347064929417e-05,0.00608370207155022,170,107,14
215,0.006216642502095622,6.83033602225828e-05,0.006194289067836348,137,84,13
216,0.0057660815214920814,0.00030965168794957863,0.005754772408780048,147,89,13
217,0.0061987427932853915,0.0003365338838906192,0.006184019313572887,130,68,10
218,0.006069253298561436,1.4584489275709772e-05,0.006048012487872985,143,117,16
219,0.007102871058789603,0.0014191884800538145,0.007217420852242954,135,62,10
220,0.0056597260741271015,6.336715360664252e-05,0.005639976399301515,141,85,12
221,0.006668364469317629,0.0003358812521913042,0.0066539711329380935,146,83,12
222,0.005954899333933239,0.00011508875751956749,0.005935586671003434,146,105,15
223,0.00629208802084886,1.6954674889322217e-05,0.006269916561555673,142,109,16
224,0.006535583795766976,0.00034180145792434555,0.006522868278032164,151,77,11
225,0.007052500026047123,0.0004071553736118983,0.007037922621588434,134,82,13
226,0.005929869923883908,5.441310508032805e-05,0.005908117194737173,135,79,12
227,0.005701328144439798,0.0002705296167929916,0.0056873675188146506,140,90,13
228,0.006215073267780852,2.621930124362721e-05,0.006193952982132423,147,91,13
229,0.005824421728665465,0.00013671311056763798,0.005803927962410488,132,81,12
230,0.006715067990242313,0.00022289935519719656,0.006695093126142368,142,91,13
231,0.006336242149844029,2.797027721676402e-05,0.006316347361883425,159,94,13
232,0.005975993298014186,0.00013499914527081004,0.0059553491636077155,135,75,12
233,0.006592477994462814,1.0267426064673948e-05,0.006568381814276391,137,93,14
234,0.006166221877783165,8.636660982442012e-05,0.0061432487278026806,131,102,16
235,0.006262272727537895,5.004181383434123e-05,0.006241839753177027,152,116,16
236,0.00695934300984447,0.00027906149613714546,0.006940748803504437,144,79,12
237,0.005654339176355838,0.00016976276731163757,0.005635599640944575,133,88,13
238,0.0061551481773900315,6.046284245762807e-05,0.006133104409892614,138,95,15
239,0.0059645732640503804,8.754614807112656e-05,0.005943567992056003,138,83,13
240,0.006762206550843317,0.00036751244477154816,0.0067480277326204,140,81,12
241,0.006066432880552362,0.00023063349602833383,0.00604485368280501,117,71,12
242,0.005890127235930107,0.00010367921894953145,0.005869663137321491,138,98,14
243,0.0060647872493325445,0.00012949485484573033,0.006045225122700965,145,91,13
244,0.006058074237491116,9.227731371280203e-05,0.00604028115862738,164,91,12
245,0.006898646161777501,0.00023837191231389023,0.006875349529595091,126,81,13
246,0.005630286100058728,0.00013210056189329498,0.005612257334963567,144,91,13
247,0.0062276821235312885,0.00038513885940337565,0.0062189636377398385,151,96,14
248,0.005906788143244134,6.009760597781717e-05,0.005887503487961344,151,115,16
249,0.006005600860784788,7.886067195813294e-05,0.0059869635918808235,157,92,12
250,0.006789176519293517,0.0012493279542882074,0.006879617731730814,142,85,13
251,0.0057370626577928656,0.0002870592292877801,0.005724309764007753,144,103,16
252,0.005485456119898441,6.356645565116496e-05,0.005467869912062703,153,93,13
253,0.0064437250082837235,2.9028256245022956e-05,0.006422698161046375,153,90,12
254,0.005556150333813796,0.00019358812931030936,0.005539935274870046,142,92,13
255,0.005930594925240546,0.0002720258752444954,0.005914346965701529,132,79,13
256,0.006766840729688404,0.0003441509287849863,0.006753465140556209,153,91,13
257,0.0062346323048064235,0.0002494330650519364,0.006218957740110593,151,95,14
258,0.006467152184506613,-0.00012598236995394954,0.006445571605356104,142,98,14
259,0.0061447288299493735,1.3941609856113032e-05,0.006124890917122828,155,103,14
260,0.005917585783588249,8.751559257753959e-05,0.005898343966639045,149,96,14
261,0.006412166511966733,1.8074709449036315e-05,0.006390924462110893,151,85,12
262,0.006036668421059013,1.2018683997834779e-05,0.00601665825250075,151,103,15
263,0.005735818244060438,0.00014775501600762064,0.005717637209928503,143,83,12
264,0.005856653338621617,-5.120886871910717e-05,0.005835923911708082,140,85,13
265,0.00623806788344979,0.00012662483245758966,0.0062183888908737385,149,91,13
266,0.005743186921839763,5.89164765082704e-05,0.005724441351447528,151,108,15
267,0.006019042039030943,0.00018284451146672497,0.006002869703161648,159,104,14
268,0.007102242072391606,0.0008619443430653809,0.0071296599041163885,143,79,12
269,0.0057340081703809555,0.00015762931789314953,0.0057153691189468754,138,77,12
270,0.005650696244323466,0.00022770474585524626,0.005635643603876394,144,88,13
271,0.006754662337339961,0.0006631834248223594,0.006764079565854378,146,89,13
272,0.006221633119117695,0.00017310331192566458,0.006201466396275396,138,94,14
273,0.006670806023136343,0.00016730466530730806,0.006648872269856644,139,80,12
274,0.005659645520735667,0.00014478072491861017,0.005643097691674287,154,95,14
275,0.006004844838286922,0.00019111888230911097,0.005984021396511075,126,91,14
276,0.006217182335475665,0.00035767764546001387,0.0062050953088075515,139,86,13
277,0.00643883288340768,-1.0732220888545371e-05,0.006415638783114468,139,94,14
278,0.006247845258918113,0.00014419883107270182,0.006223644885644097,121,83,13
279,0.006285305298208129,0.0002383587653681798,0.006265804994464189,131,70,11
280,0.005860569942854503,7.457360675020147e-05,0.005842702887154974,160,121,17
281,0.006548605381567811,0.00021061200036965932,0.006529065792349736,143,84,12
282,0.00579187204276263,0.00030934470222932555,0.005780149278824903,145,106,15
283,0.006539469930069314,0.0001571768580286891,0.0065181343972475275,141,99,14
284,0.006093586086362265,7.506238494271106e-06,0.006072686423422781,146,94,14
285,0.0064063960207210524,0.00016348527061677568,0.006387922059755989,156,109,15
286,0.006455671904443497,0.00013357054383919767,0.006435211594206251,148,90,13
287,0.006196976402589135,7.815709642263544e-05,0.0061739531023814334,132,83,12
288,0.006199667920351987,0.00022684556960630528,0.006181490442933625,139,85,13
289,0.0061586589980654706,6.134724018958444e-05,0.006137544113478774,144,96,14
290,0.005725076198429345,9.201949760753668e-05,0.005706311917093624,147,97,14
291,0.006750566043611447,0.00017012914951437818,0.0067283908246419865,139,78,12
292,0.0058233442681934035,0.0001533885425841607,0.0058048302531753205,142,104,15
293,0.0058401819870093985,7.788823958723362e-05,0.0058213326001438455,151,105,15
294,0.005794768813059274,-2.2600841540541815e-05,0.005776675989257378,160,89,13
295,0.006006031900108886,6.569524010638274e-07,0.005984696053813745,141,92,13
296,0.006077706078766581,2.512333396352142e-05,0.006056470184422074,143,108,15
297,0.0073641972019539625,0.0004670038672719204,0.007353949411707832,147,73,11
298,0.005403148257083705,0.00021236047141847097,0.0053899876587177485,156,112,15
299,0.00659210372063131,0.00012997990450014181,0.006564914851114231,116,89,14
300,0.0065511818704677436,8.174111461418884e-05,0.006528585312801279,142,86,13
301,0.0054221171827977315,0.0001860956366661896,0.005406195392372706,142,89,14
302,0.006177729059464375,7.759273644852637e-05,0.006158637067762493,158,93,13
303,0.00650557152168668,7.209059160995383e-05,0.006484250776948267,150,98,14
304,0.005959353573481285,0.0003491100750427876,0.00594591595539556,126,65,11
305,0.005547055494095117,0.00016578169647598904,0.005527129858999424,124,83,13
306,0.0063018617213814136,0.00043295070678010594,0.006290020088549747,118,76,13
307,0.005803481139755737,0.0001831857132670342,0.0057863349168787775,145,118,17
308,0.006057270359842971,0.000302380884801379,0.006043770603248941,144,87,13
309,0.006253327600919622,0.00010964301980045454,0.006231259702854383,136,83,12
310,0.005703423196516296,1.810921483278716e-05,0.005685600902827337,160,93,14
311,0.006234382860148402,0.00026503675539783187,0.006218196943005442,143,96,14
312,0.005684997539755584,0.00010566147975012333,0.005669237025530123,170,99,13
313,0.0055432074148658115,8.122262031622418e-05,0.005526234697803707,158,93,12
314,0.006291147506788287,0.0001420950171846404,0.006270566629489295,142,98,14
315,0.006118264299958234,0.0001335079313947014,0.006099698455514133,153,96,14
316,0.006125638529520652,0.00014460660067093314,0.006109091962785284,168,102,14
317,0.0065307026296320654,7.023822354697558e-05,0.00651024989569288,157,97,14
318,0.005935280935538771,1.1623444892903298e-05,0.005915736186351268,152,97,14
319,0.006286164292402962,0.00015027036847017972,0.00626547576334564,140,81,12
320,0.0066910677149808855,0.0005572286325545167,0.006688535214963733,130,87,14
321,0.005998811322884156,0.00010094002695348617,0.005975999825510183,127,83,13
322,0.006566802885867977,0.0004737071426984788,0.006560263859572997,139,74,12
323,0.005879958243244709,0.00012850054446660183,0.005861333011590297,147,112,16
324,0.00654302306177091,6.304939142845956e-05,0.006519228339243275,136,92,14
325,0.006162507400675923,-5.3987031874697736e-05,0.006144485255922928,169,85,11
326,0.006180636412209003,0.0002099562626682968,0.006161780145955024,138,84,13
327,0.006574158364357221,-0.00011841123945820344,0.0065504671846418824,133,78,13
328,0.005800887292160728,0.00015809489388487954,0.005783417720058512,148,94,13
329,0.0060624039250554455,5.8724186949180185e-05,0.006040360017038392,136,112,17
330,0.006304463229649638,8.980821177079795e-05,0.0062830228615259895,143,100,13
331,0.006195445315973382,0.0001063282930493605,0.006175251884255038,147,92,14
332,0.00601934968178112,0.00029901252913123197,0.006007220875889551,154,80,12
333,0.005926323898900058,0.00013507928842210786,0.005909202365424184,159,99,13
334,0.006487643046634449,6.880400919471591e-05,0.006467703366756021,160,98,13
335,0.005584313720492135,9.126456755005306e-05,0.005567018793055991,155,80,11
336,0.0065518874113429,6.818040459399969e-05,0.00653036719443438,150,94,14
337,0.005926484601119264,0.00012282348059171997,0.005906250015848293,138,100,16
338,0.006424687850406159,0.00010913073838975921,0.006404166305360672,150,115,16
339,0.006301050601902919,0.0005120922880935191,0.006298862797149315,137,75,12
340,0.006694360555205499,-0.00011048246334161222,0.006670435565299423,135,85,13
341,0.006518122614418891,0.00012283201430719992,0.006495451785543386,137,119,17
342,0.006830186348551874,3.1400509276466746e-05,0.006806166339518541,142,90,14
343,0.006397493563151862,8.383339970977318e-05,0.006373765911923845,132,101,15
344,0.006662996288876407,0.00011366557741350943,0.006639784088786,138,94,14
345,0.0059338053872895,9.888004633218679e-05,0.005914135248010432,145,94,14
346,0.006534867086560079,9.801695427992539e-05,0.0065127154382977285,143,86,13
347,0.005990197205803827,0.00023919714555845214,0.005973086476330436,137,90,13
348,0.005919217324504055,0.00018058746111123756,0.005902216928769632,150,102,15
349,0.006853158188494876,0.0005191825685823911,0.006843277745844731,116,62,11
350,0.0058321553905878445,9.912773001706867e-05,0.005813656705289184,151,102,14
351,0.006433507481180008,-6.730018865304879e-05,0.0064096290593993925,133,69,11
352,0.006540307235816903,-1.4251238347905302e-07,0.0065175582737156896,144,88,13
353,0.006442115726702132,9.549656397834603e-05,0.006420261588165278,143,85,13
354,0.0061225072338032226,0.0004178287236166185,0.006114893702502866,140,94,15
355,0.00824090661406611,0.0008756484372136049,0.008255960613857648,131,72,11
356,0.005679614983930658,0.00014158701770771378,0.005664945778127494,173,91,12
357,0.0057463360592049035,0.00022507873735923785,0.005733209814265905,164,98,13
358,0.006235639081343028,0.0002464857582013813,0.0062188365307335,144,94,14
359,0.006562172585188481,0.00019519696972322378,0.00654272660115983,147,96,14
360,0.006092926985631953,9.311980900675619e-05,0.006072448160945913,144,96,14
361,0.006706368768655338,-9.484530380002224e-05,0.006684346637945921,148,86,13
362,0.005578285967908256,0.00012491288829947193,0.005557151411345648,124,78,12
363,0.006764742601025977,3.3510586566232796e-05,0.006741296280342989,144,78,12
364,0.006291904396291942,0.0004742410713560223,0.00628612049935129,133,91,15
365,0.007057192517577678,-0.00012427957857379652,0.0070340805076025345,146,84,11
366,0.006222023751589928,0.00013126465900461132,0.006201920651875016,145,101,14
367,0.005887134852829435,6.32678928453718e-05,0.00586949982178309,164,108,14
368,0.006257254989881318,0.00028956086404273695,0.0062410972936917,137,94,14
369,0.006467209263208149,-3.4530602941738214e-05,0.006444327603424005,141,102,14
370,0.006480295582409584,6.0160516010095194e-05,0.006456530163061678,135,88,14
371,0.005985161360044596,6.305321970629547e-05,0.005965102184773634,147,86,12
372,0.0057679101200520215,9.988017544831472e-05,0.005747688695468419,137,96,14
373,0.006525372000285024,-0.00012087697327417799,0.006505135447906341,153,85,13
374,0.006998139781090609,-2.809246394687635e-06,0.006973102199503599,140,91,13
375,0.00642684887503169,-7.303107319807533e-05,0.006404910927019039,144,91,14
376,0.006555712869857276,0.0005146100392694323,0.006551076902222423,132,79,13
377,0.006323921236830729,-3.947330458882708e-05,0.006301255895966489,139,103,14
378,0.00630789990371677,0.0006447399890039166,0.006317479961353174,135,92,14
379,0.00660325599340664,0.0002079583529405173,0.006579200643248546,121,87,14
380,0.005480399388367547,0.00011058656700460344,0.005464986226012641,166,93,12
381,0.0060598306731123154,4.006389763485966e-05,0.0060415724830225346,165,95,13
382,0.006730589956684512,0.0007884795604123632,0.006753995441039471,148,81,12
383,0.006702272408710295,-6.660978343064176e-05,0.006678452182926168,139,86,13
384,0.0061685713867807605,0.0002251710616106226,0.006150140522206476,137,97,14
385,0.006739906999319267,0.0002764676399629557,0.006722938785058051,149,93,13
386,0.006047234475382415,7.004455575702533e-05,0.006026896226952482,146,87,13
387,0.006988226727963095,0.00020160844444601776,0.0069654056295327385,136,70,11
388,0.006276836090722453,0.00020506504403520082,0.00625951445378539,152,96,13
389,0.00586647239786389,1.2561558777605662e-05,0.0058494073273034014,172,92,12
390,0.00615840123548009,0.00024979079843610977,0.006139934078556762,131,71,11
391,0.006692189719635345,-3.026577515105908e-05,0.006668981145271841,144,81,12
392,0.006782772469148397,0.0001874934138776826,0.006759032509998142,129,86,14
393,0.0062285008086519385,0.0005028123871069389,0.0062262287997581715,138,90,14
394,0.006286778847795173,0.0011069372915171094,0.006362951581670296,151,90,13
395,0.006690655145139615,0.00013680473069193673,0.006666667385638885,132,95,14
396,0.00609178207342841,0.00011171368705563202,0.006068588508517987,126,95,15
397,0.0063699457168971815,9.500629053371386e-05,0.006349668171782346,152,100,14
398,0.005593593331826428,4.650993061454938e-05,0.005573630230842532,139,83,12
399,0.006077355328785943,4.723241286201797e-05,0.0060529845412088095,124,58,9
400,0.00703095491656123,-0.0003164544573805614,0.007013977415220658,146,94,13
401,0.0062122369590693755,0.00016734172125689215,0.006192739130981884,143,96,14
402,0.006541635722519482,5.6601721287872626e-05,0.006519592997386125,147,103,14
403,0.006882613204490477,0.00010081335203061868,0.006860971365990888,154,82,11
404,0.006847728990078938,0.00020156503888813632,0.006824718526492616,132,86,14
405,0.006543086346654923,4.053425552928267e-05,0.006518752149415235,134,96,15
406,0.006921353697189542,-2.7168687221558307e-05,0.006895724927263715,135,84,13
407,0.005923429219971778,8.519668088334968e-05,0.005900677630563688,127,69,12
408,0.007152614031063582,0.0006611807211726342,0.00715780771898898,141,67,10
409,0.006067073904648701,0.00011418946674223361,0.006047338746771637,146,95,13
410,0.006381878983930895,9.787542534033102e-05,0.006358595013691478,133,92,14
411,0.006417334581777236,0.00023749838633093423,0.006395605844715227,123,94,15
412,0.006655340241104435,0.0011236838317721027,0.00672605653797557,140,87,13
413,0.006098687062264389,3.81223540066933e-05,0.006075836006933113,133,93,14
414,0.006354115719417744,4.478148335719523e-05,0.006332172730956708,144,95,13
415,0.00670711501927428,-4.8898001065390225e-06,0.006683458480273593,142,87,13
416,0.005884825871308714,0.0001505502858218231,0.005867367743974293,152,87,12
417,0.006512108873047464,0.00028817441079727167,0.006495370937412231,141,78,12
418,0.005242746722152018,0.00012972923860371695,0.005228049342622901,161,104,15
419,0.006490773049461774,3.588375654221506e-05,0.006469200480616243,150,85,12
420,0.006167903305135746,6.442615186195127e-05,0.006149291754439191,163,99,14
421,0.006122730424379293,-1.5841155718161838e-05,0.006100687025950409,139,87,13
422,0.005888571695111083,5.099987489733481e-05,0.005866614119764976,133,80,12
423,0.006676893859941305,-4.96517559435844e-05,0.0066526662925324945,137,82,12
424,0.006192063540848724,7.241682682052241e-05,0.006171391053369846,147,92,14
425,0.006855759433482178,5.389487086950411e-05,0.006831087171214262,138,83,13
426,0.005312687847561975,0.00010188347878494748,0.005294795328511565,141,89,13
427,0.0059568212959784286,3.849290138117062e-05,0.0059346775628873385,134,108,16
428,0.005855394727566084,1.1395195123971375e-05,0.0058361129012589425,152,95,14
429,0.006434080259920434,0.00015197976084041728,0.006409240162352412,121,87,14
430,0.005362708751557854,4.1298151915837335e-05,0.005344344226148418,145,99,14
431,0.005780335564016361,8.189271304167182e-05,0.005760671258347899,143,95,14
432,0.0062405696767683545,0.0002530602713962391,0.006222034531451141,132,85,13
433,0.006475820108832997,0.0005258588501690704,0.00647300676285401,134,86,13
434,0.0061609688805569175,4.462597991053998e-05,0.006138929321598491,139,104,15
435,0.006017402084315366,0.0004400805685655437,0.006012001507292928,140,79,12
436,0.006545473641963496,-0.00012616281569045981,0.006523441545129814,141,83,12
437,0.006041663397423125,0.00010844016463409328,0.006019884303738179,133,84,13
438,0.0062936095028014285,-1.4536059566916393e-05,0.006272751961060929,151,117,16
439,0.0064925729793425535,-6.005689904807633e-05,0.006470110584504348,143,83,12
440,0.005923872627692414,-3.18500053490234e-05,0.005905300606300641,159,95,13
441,0.006217969347951159,0.00016087280656101524,0.006200348331862622,158,115,16
442,0.005950602320096061,8.021160989703811e-05,0.005930870069327749,147,104,16
443,0.006459868297418134,0.0008736664871362477,0.006494749756406699,134,91,14
444,0.006407452200819707,0.00019036465264341552,0.00638559874258759,130,82,13
445,0.006306378508818922,0.00012929088957761654,0.006285619402739877,143,112,16
446,0.0062796673050834915,-6.697603374077851e-05,0.00625655032880222,134,99,15
447,0.006232390916515236,0.0002067598169509737,0.006213372860065143,139,87,13
448,0.0063266830747944645,2.802497432023612e-05,0.006304428952626717,142,86,13
449,0.006652993028392975,4.4675097195817125e-05,0.006629509405961391,141,89,13
450,0.006103593567199113,-2.7690480254267406e-05,0.006082717962368461,146,90,13
451,0.005979944307116456,0.0003851170468357926,0.005970023900290193,134,88,14
452,0.006613650765067149,6.6104571451325e-05,0.006590978200726929,144,100,14
453,0.005877662046602882,5.4948629056181056e-05,0.005857187241273164,142,98,14
454,0.006655499174362792,0.0006981389528441638,0.006668831031937115,143,99,15
455,0.006007393540086058,0.00015407174661980223,0.005987411253420409,137,80,13
456,0.005873069617205194,9.221465090273898e-05,0.005853920892829982,148,85,13
457,0.006509294320886038,7.228902782344568e-05,0.00648657346628668,141,78,12
458,0.006141967606031552,5.950395235423663e-05,0.006122019611398699,152,103,14
459,0.005865839159537923,6.312890525269207e-05,0.005848799557392715,169,98,13
460,0.006018658437501605,4.21533277649915e-05,0.005996137382765903,133,87,13
461,0.006094410762546626,-1.1703891790789455e-05,0.0060699954516775425,125,79,13
462,0.005952481074953128,0.0001700546405701212,0.00593362145684354,140,84,13
463,0.006394550570047954,0.00010099720965270444,0.006371970515792393,137,101,15
464,0.006076893030799869,4.240757232385034e-05,0.006057780270904355,158,91,12
465,0.006731052253454565,-3.912681977978181e-05,0.006706003498774607,134,97,15
466,0.005818224881279127,5.8694802882851976e-05,0.005795750091598334,128,87,14
467,0.005974915096861321,0.00017610503719429798,0.005956590952344209,143,86,13
468,0.006204607526944868,0.0002657809949941149,0.006189319687292674,148,95,13
469,0.006736759350021257,-3.240736066686548e-06,0.0067131637047523314,143,99,14
470,0.005792243018339472,0.00011709151618999115,0.005775186821164178,159,100,15
471,0.00619507196501761,0.00020244640897613695,0.006175232090739196,134,80,12
472,0.006648841909396055,0.00012969783723899736,0.006626822746574973,143,81,12
473,0.00578253106558255,0.00010155198621777864,0.0057638570556416205,148,104,15
474,0.0063283437461514715,-3.3905026568885826e-05,0.006302865769315677,124,74,12
475,0.006679941837239327,0.00032891969834763005,0.006665456748378462,148,99,14
476,0.006073448492447932,6.977340549014268e-05,0.00605447745861992,157,95,13
477,0.006513107877881016,6.874034343196112e-05,0.006488754231526125,132,100,15
478,0.005657511004704334,0.00010170934296547682,0.005640148580086602,155,94,13
479,0.006023280896824428,0.00028488018457692633,0.006009374087910483,146,89,14
480,0.006828611327418419,-1.4920633849656668e-05,0.006799875521848928,119,74,13
481,0.00640627479917931,-0.00034873065580249895,0.006392370861010976,137,72,11
482,0.0061902527515865025,0.0001259645065701166,0.006171142195234581,152,95,13
483,0.006162497532618617,0.00017177684466383538,0.006142851397882581,140,87,13
484,0.006398558573492664,0.00017183480410666206,0.006380064638052795,154,76,11
485,0.00657427947147233,0.0005929326593207676,0.006575535873879943,129,82,13
486,0.006764725622891161,-2.2248694246270963e-05,0.006741067955354223,143,98,15
487,0.005999115814015883,0.0002437790427607294,0.00598262080499072,140,102,15
488,0.006165073694953117,0.00016895028960469723,0.006144520822140198,135,93,14
489,0.006457326011433755,0.00016397931383928369,0.006435094149261767,133,81,13
490,0.00615543485179403,0.00031673620316016824,0.006141740880454217,141,87,13
491,0.0066266815067590554,0.0007512816867824366,0.0066441446718925505,132,94,15
492,0.0060333055137508675,2.4536536863048175e-05,0.006012515083839668,145,110,15
493,0.006360458349883674,-0.00014477672332632228,0.006337021699820573,127,74,12
494,0.006080270635671386,0.00016149365753876353,0.006061563671427409,146,99,14
495,0.006550065751874433,4.495885391581662e-05,0.006528638732243369,152,105,15
496,0.006330999494219106,5.698312152586107e-05,0.006306282492867608,127,89,14
497,0.006153435966637588,9.91759754951443e-05,0.006131234551692421,134,88,13
498,0.005669061798045132,3.5916375623477336e-05,0.005651542720707372,161,93,13
499,0.005801734305122446,0.00010852023257427695,0.005783761474819635,153,100,14
